gameid,gameeventid,possessioneventid,starttime,endtime,duration,eventtime,sequence,ball_visibility,ball_x,ball_y,ball_z,period,teamname,teamattackingdirection,possessioneventtype
3813,6495889,6372129,187.521,188.155,0.634,188.155,2,ESTIMATED,-21.76,-27.86,0.59,1,England,R,PA
3813,6495890,6372133,190.524,192.125,1.601,192.125,2,VISIBLE,-27.4,-7.44,0.00,1,England,R,PA
3813,6495895,6372136,194.761,197.297,2.536,197.297,2,VISIBLE,-13.69,23.58,0.00,1,England,R,PA
3813,6495897,6372138,198.432,200.200,1.768,200.200,2,VISIBLE,-23.76,9.20,0.00,1,England,R,PA
3813,6495898,6372139,201.735,203.337,1.602,203.337,2,VISIBLE,-15.6,-15.79,0.00,1,England,R,PA
3813,6495899,6372140,204.304,204.304,0.000,204.304,2,VISIBLE,-8.92,-16.49,0.22,1,England,R,PA
3813,6495902,6372143,205.405,206.306,0.901,206.306,2,VISIBLE,-16.27,-10.56,0.24,1,England,R,PA
3813,6495903,6372144,209.109,209.109,0.000,209.109,2,VISIBLE,-7.58,11.26,0.00,1,England,R,PA
3813,6495905,6372146,210.611,211.879,1.268,211.879,2,VISIBLE,-0.69,29.51,0.00,1,England,R,PA
3813,6495908,6372150,213.447,215.716,2.269,215.716,2,VISIBLE,-16.46,12.22,0.00,1,England,R,PA
3813,6495914,6372157,217.317,223.290,5.973,223.290,2,VISIBLE,-4.1,-5.44,0.00,1,England,R,PA
3813,6495918,6372161,225.192,226.860,1.668,226.860,2,VISIBLE,4.66,17.42,0.24,1,England,R,PA
3813,6495920,6372162,228.061,228.829,0.768,228.829,2,VISIBLE,13.65,30.27,0.00,1,England,R,PA
3813,6495964,6372204,230.063,231.098,1.035,231.098,2,VISIBLE,0.42,24.78,0.32,1,England,R,PA
3813,6495924,6372166,232.499,236.170,3.671,236.170,2,VISIBLE,6.87,-13.74,0.00,1,England,R,PA
3813,6495933,6372176,240.574,240.574,0.000,240.574,4,VISIBLE,12.62,-29.32,0.00,1,England,R,PA
3813,6495936,6372179,241.742,242.910,1.168,242.910,4,VISIBLE,-2.15,-17.79,0.00,1,England,R,PA
3813,6495941,6372186,250.918,253.353,2.435,253.353,4,ESTIMATED,16.68,29.21,0.13,1,England,R,PA
3813,6495943,6372187,254.521,255.722,1.201,255.722,4,VISIBLE,9.5,19.62,0.00,1,England,R,PA
3813,6495948,6372190,257.024,260.260,3.236,260.260,4,VISIBLE,5.56,0.12,0.00,1,England,R,PA
3813,6495951,6372192,261.128,263.330,2.202,263.330,4,VISIBLE,8.45,4.32,0.00,1,England,R,PA
3813,6495968,6372209,264.698,265.933,1.235,265.933,4,VISIBLE,10.62,-20.67,0.00,1,England,R,PA
3813,6495971,6372212,266.733,267.434,0.701,267.434,4,VISIBLE,19.53,-27.61,0.00,1,England,R,PA
3813,6495974,6372215,268.402,269.770,1.368,269.770,4,VISIBLE,20.38,-16.64,0.05,1,England,R,PA
3813,6495976,6372217,270.938,270.938,0.000,270.938,4,VISIBLE,8.88,-20.58,0.00,1,England,R,PA
3813,6495982,6372224,271.972,273.240,1.268,273.240,4,VISIBLE,10.4,-28.53,0.00,1,England,R,PA
3813,6495986,6372228,274.107,274.708,0.601,274.708,4,VISIBLE,4.17,-22.96,0.00,1,England,R,PA
3813,6495987,6372229,275.576,275.576,0.000,275.576,4,VISIBLE,9.67,-21.07,0.15,1,England,R,PA
3813,6495990,6372232,276.577,276.577,0.000,276.577,4,ESTIMATED,1.2,-20.07,0.26,1,England,R,PA
3813,6495993,6372236,277.911,279.079,1.168,279.079,4,VISIBLE,-6.2,-1.50,0.21,1,England,R,PA
3813,6495998,6372241,280.481,282.549,2.068,282.549,4,ESTIMATED,-2.85,16.14,0.00,1,England,R,PA
3813,6496001,6372244,284.051,285.686,1.635,285.686,4,VISIBLE,-5.59,-3.84,0.22,1,England,R,PA
3813,6496005,6372248,286.854,290.791,3.937,290.791,4,VISIBLE,2.77,-11.30,0.32,1,England,R,PA
3813,6496015,6372259,297.965,299.366,1.401,299.366,6,VISIBLE,29.21,-4.76,0.12,1,England,R,PA
3813,6496016,6372260,300.534,300.534,0.000,300.534,6,VISIBLE,23.4,4.67,0.00,1,England,R,PA
3813,6496024,6372267,302.002,303.470,1.468,303.470,6,VISIBLE,29.86,22.16,0.09,1,England,R,PA
3813,6496130,6372374,420.087,420.087,0.000,420.087,10,ESTIMATED,-8.14,-14.68,3.38,1,England,R,PA
3813,6496171,6372417,447.414,448.282,0.868,448.282,12,VISIBLE,-16.18,-27.27,0.01,1,England,R,PA
3813,6496175,6372422,448.882,448.882,0.000,448.882,12,VISIBLE,-18.76,-28.62,0.10,1,England,R,PA
3813,6496181,6372428,452.586,452.586,0.000,452.586,12,VISIBLE,-35.85,12.22,0.00,1,England,R,PA
3813,6496186,6372433,454.321,457.224,2.903,457.224,12,VISIBLE,-24.44,28.98,0.00,1,England,R,PA
3813,6496191,6372437,458.926,460.060,1.134,460.060,12,VISIBLE,-25.12,9.71,0.00,1,England,R,PA
3813,6496197,6372442,461.595,464.765,3.170,464.765,12,VISIBLE,-4.47,-21.05,0.00,1,England,R,PA
3813,6496201,6372446,465.999,467.568,1.569,467.568,12,VISIBLE,0.47,-30.46,0.00,1,England,R,PA
3813,6496205,6372449,470.037,473.240,3.203,473.240,12,VISIBLE,-19.4,-11.72,0.00,1,England,R,PA
3813,6496209,6372453,474.808,479.813,5.005,479.813,12,VISIBLE,-13.56,6.23,0.33,1,England,R,PA
3813,6496213,6372457,480.747,480.747,0.000,480.747,12,VISIBLE,-5.58,10.35,0.17,1,England,R,PA
3813,6496218,6372462,482.282,485.686,3.404,485.686,12,VISIBLE,-15.73,1.85,0.14,1,England,R,PA
3813,6496224,6372468,486.820,490.123,3.303,490.123,12,VISIBLE,-6.72,-15.13,0.00,1,England,R,PA
3813,6496231,6372474,491.058,491.058,0.000,491.058,12,VISIBLE,-2.04,-10.05,0.13,1,England,R,PA
3813,6496237,6372480,493.193,495.829,2.636,495.829,12,VISIBLE,-6.63,11.52,0.00,1,England,R,PA
3813,6496242,6372486,497.364,499.666,2.302,499.666,12,VISIBLE,2.72,29.62,0.00,1,England,R,PA
3813,6496248,6372492,500.601,503.904,3.303,503.904,12,VISIBLE,2.14,13.55,0.50,1,England,R,PA
3813,6496249,6372493,505.239,507.107,1.868,507.107,12,VISIBLE,4.89,-11.39,0.00,1,England,R,PA
3813,6496251,6372495,507.941,508.442,0.501,508.442,12,VISIBLE,11.61,-10.41,0.00,1,England,R,PA
3813,6496256,6372502,509.510,509.877,0.367,509.877,12,ESTIMATED,4.15,-5.97,0.58,1,England,R,PA
3813,6496260,6372506,510.744,513.280,2.536,513.280,12,VISIBLE,10.52,11.95,0.00,1,England,R,PA
3813,6496271,6372517,513.914,515.082,1.168,515.082,12,VISIBLE,26.52,18.38,0.00,1,England,R,PA
3813,6496286,6372534,521.154,521.154,0.000,521.154,12,ESTIMATED,28.92,-8.51,1.08,1,England,R,PA
3813,6496290,6372538,521.955,523.190,1.235,523.190,12,VISIBLE,21.59,-12.98,0.00,1,England,R,PA
3813,6496295,6372544,525.225,526.093,0.868,526.093,12,VISIBLE,6.74,3.94,0.00,1,England,R,PA
3813,6496298,6372547,527.094,527.694,0.600,527.694,12,VISIBLE,12.33,8.03,0.00,1,England,R,PA
3813,6496304,6372553,530.430,530.430,0.000,530.430,12,VISIBLE,9.61,-14.64,0.00,1,England,R,PA
3813,6496314,6372565,531.565,532.566,1.001,532.566,12,VISIBLE,16.71,-27.04,0.07,1,England,R,PA
3813,6496348,6372597,563.730,565.699,1.969,565.699,16,VISIBLE,10.61,-14.91,0.12,1,England,R,PA
3813,6496354,6372603,567.167,568.602,1.435,568.602,16,VISIBLE,8.89,13.74,0.05,1,England,R,PA
3813,6496357,6372607,569.803,569.803,0.000,569.803,16,VISIBLE,12.3,27.19,0.00,1,England,R,PA
3813,6496362,6372612,571.438,572.272,0.834,572.272,16,VISIBLE,3.79,15.77,0.00,1,England,R,PA
3813,6496371,6372621,573.173,574.174,1.001,574.174,16,VISIBLE,-3.92,4.44,0.00,1,England,R,PA
3813,6496377,6372628,575.742,576.743,1.001,576.743,16,VISIBLE,0.14,-12.84,0.00,1,England,R,PA
3813,6496383,6372634,577.678,577.678,0.000,577.678,16,VISIBLE,6.37,-10.25,0.00,1,England,R,PA
3813,6496445,6372703,611.445,611.445,0.000,611.445,17,ESTIMATED,12.93,-20.77,0.00,1,England,R,PA
3813,6497095,6373368,1122.389,1122.389,0.000,1122.389,19,ESTIMATED,-2.25,20.03,6.92,1,England,R,PA
3813,6496488,6372740,1123.557,1123.590,0.033,1123.590,19,ESTIMATED,6.23,18.00,4.53,1,England,R,PA
3813,6496491,6372745,1124.124,1124.625,0.501,1124.625,19,ESTIMATED,12.54,21.35,1.12,1,England,R,PA
3813,6496499,6372757,1125.826,1132.199,6.373,1132.199,19,VISIBLE,26.61,28.50,0.09,1,England,R,PA
3813,6496505,6372760,1133.166,1134.134,0.968,1134.134,19,VISIBLE,11.47,26.10,0.00,1,England,R,PA
3813,6496507,6372776,1135.169,1143.377,8.208,1143.377,19,VISIBLE,2.24,20.04,0.11,1,England,R,PA
3813,6496521,6372780,1144.411,1145.145,0.734,1145.145,19,ESTIMATED,14.1,36.19,0.89,1,England,R,PA
3813,6496543,6372804,1334.968,1334.968,0.000,1334.968,21,ESTIMATED,9.04,34.49,2.12,1,England,R,PA
3813,6496580,6372847,1339.373,1339.373,0.000,1339.373,21,VISIBLE,-10.44,19.86,0.00,1,England,R,PA
3813,6496584,6372851,1341.108,1342.910,1.802,1342.910,21,VISIBLE,-15.8,1.50,0.00,1,England,R,PA
3813,6496587,6372855,1344.945,1347.181,2.236,1347.181,21,VISIBLE,-14.44,14.22,0.00,1,England,R,PA
3813,6496592,6372860,1348.515,1350.050,1.535,1350.050,21,VISIBLE,-13.07,-9.41,0.00,1,England,R,PA
3813,6496595,6372864,1351.185,1352.152,0.967,1352.152,21,ESTIMATED,-5.87,-26.22,0.00,1,England,R,PA
3813,6496601,6372871,1353.353,1355.522,2.169,1355.522,21,VISIBLE,-2.31,-27.21,0.16,1,England,R,PA
3813,6496606,6372877,1357.291,1358.926,1.635,1358.926,21,VISIBLE,-18.79,-3.83,0.81,1,England,R,PA
3813,6496613,6372884,1365.499,1365.499,0.000,1365.499,21,ESTIMATED,26.4,30.88,0.96,1,England,R,PA
3813,6496618,6372890,1366.700,1368.702,2.002,1368.702,21,VISIBLE,27.55,22.72,0.03,1,England,R,PA
3813,6496632,6372906,1378.979,1380.247,1.268,1380.247,23,VISIBLE,-15.14,17.06,0.00,1,England,R,PA
3813,6496635,6372908,1382.382,1382.382,0.000,1382.382,23,VISIBLE,-23.95,0.53,0.01,1,England,R,PA
3813,6496639,6372911,1383.951,1384.651,0.700,1384.651,23,VISIBLE,-32.46,4.46,0.00,1,England,R,PA
3813,6496644,6372916,1386.286,1387.588,1.302,1387.588,23,VISIBLE,-46.32,7.38,0.77,1,England,R,PA
3813,6496749,6373027,1486.687,1486.687,0.000,1486.687,29,ESTIMATED,-42.84,-30.66,0.00,1,England,R,PA
3813,6496771,6373044,1502.769,1502.769,0.000,1502.769,30,ESTIMATED,-32.42,-20.87,0.00,1,England,R,PA
3813,6496775,6373048,1503.670,1503.670,0.000,1503.670,30,ESTIMATED,-32.63,-17.07,0.00,1,England,R,PA
3813,6496779,6373051,1505.706,1508.175,2.469,1508.175,30,VISIBLE,-25.03,11.17,0.00,1,England,R,PA
3813,6496782,6373054,1510.077,1512.012,1.935,1512.012,30,VISIBLE,-3.99,27.31,0.00,1,England,R,PA
3813,6496785,6373059,1513.146,1513.146,0.000,1513.146,30,VISIBLE,5.58,30.81,0.00,1,England,R,PA
3813,6496793,6373067,1514.815,1517.985,3.170,1517.985,30,VISIBLE,-1.75,27.33,0.00,1,England,R,PA
3813,6496798,6373073,1519.019,1521.154,2.135,1521.154,30,VISIBLE,-9.98,13.57,0.00,1,England,R,PA
3813,6496803,6373079,1523.123,1526.727,3.604,1526.727,30,VISIBLE,-0.23,-11.88,0.03,1,England,R,PA
3813,6496808,6373084,1529.596,1529.596,0.000,1529.596,30,VISIBLE,-5.82,11.41,0.00,1,England,R,PA
3813,6496814,6373089,1530.998,1532.332,1.334,1532.332,30,VISIBLE,-1.29,31.77,0.03,1,England,R,PA
3813,6496828,6373105,1538.071,1538.071,0.000,1538.071,32,ESTIMATED,-7.2,30.85,3.68,1,England,R,PA
3813,6496838,6373116,1539.506,1539.506,0.000,1539.506,32,ESTIMATED,4.14,30.12,1.98,1,England,R,PA
3813,6496862,6373138,1555.923,1555.923,0.000,1555.923,33,ESTIMATED,20.09,16.93,4.59,1,England,R,PA
3813,6496868,6373145,1557.991,1559.859,1.868,1559.859,33,VISIBLE,-4.61,-0.25,0.06,1,England,R,PA
3813,6496873,6373149,1561.495,1561.495,0.000,1561.495,33,VISIBLE,4.35,18.42,0.00,1,England,R,PA
3813,6496877,6373153,1563.163,1564.364,1.201,1564.364,33,VISIBLE,18.82,28.52,0.00,1,England,R,PA
3813,6496882,6373157,1565.566,1565.566,0.000,1565.566,33,VISIBLE,23.15,17.45,0.11,1,England,R,PA
3813,6496887,6373704,1568.368,1568.368,0.000,1568.368,33,ESTIMATED,45.28,21.50,0.24,1,England,R,PA
3813,6496940,6373216,1602.569,1602.569,0.000,1602.569,35,VISIBLE,-16.28,31.72,0.07,1,England,R,PA
3813,6496943,6373218,1605.706,1606.673,0.967,1606.673,35,VISIBLE,-39.26,3.64,0.00,1,England,R,PA
3813,6496946,6373221,1608.075,1608.075,0.000,1608.075,35,VISIBLE,-35.52,-8.24,0.00,1,England,R,PA
3813,6496952,6373227,1611.078,1611.078,0.000,1611.078,35,VISIBLE,-40.92,6.35,0.91,1,England,R,PA
3813,6496975,6373249,1634.735,1634.735,0.000,1634.735,38,ESTIMATED,-31.18,22.14,3.67,1,England,R,PA
3813,6496980,6373254,1635.702,1636.870,1.168,1636.870,38,VISIBLE,-27.44,26.45,0.20,1,England,R,PA
3813,6496984,6373258,1637.938,1638.672,0.734,1638.672,38,VISIBLE,-27.24,31.46,0.12,1,England,R,PA
3813,6497015,6373283,1667.000,1667.867,0.867,1667.867,39,VISIBLE,-14.55,-7.50,0.01,1,England,R,PA
3813,6497020,6373289,1668.869,1671.572,2.703,1671.572,39,VISIBLE,-12.56,-2.36,0.00,1,England,R,PA
3813,6497131,6373407,1716.850,1719.753,2.903,1719.753,43,VISIBLE,-13.05,-16.65,0.00,1,England,R,PA
3813,6497139,6373414,1720.954,1726.326,5.372,1726.326,43,VISIBLE,9.01,8.32,0.03,1,England,R,PA
3813,6497142,6373419,1727.728,1729.796,2.068,1729.796,43,VISIBLE,15.61,28.88,0.11,1,England,R,PA
3813,6497146,6373423,1730.864,1731.965,1.101,1731.965,43,VISIBLE,8.14,18.69,0.20,1,England,R,PA
3813,6497148,6373424,1733.033,1734.902,1.869,1734.902,43,VISIBLE,7.45,-4.97,0.00,1,England,R,PA
3813,6497154,6373429,1736.603,1739.373,2.770,1739.373,43,VISIBLE,28.59,-26.41,0.11,1,England,R,PA
3813,6497157,6373431,1740.674,1741.208,0.534,1741.208,43,VISIBLE,20.57,-23.22,0.00,1,England,R,PA
3813,6497159,6373433,1742.543,1743.610,1.067,1743.610,43,VISIBLE,25.75,-32.03,0.00,1,England,R,PA
3813,6497203,6373482,1789.089,1790.791,1.702,1790.791,46,VISIBLE,11.93,23.39,0.00,1,England,R,PA
3813,6497210,6373491,1794.394,1794.394,0.000,1794.394,46,VISIBLE,23.09,11.61,0.11,1,England,R,PA
3813,6497230,6373515,1830.464,1830.464,0.000,1830.464,48,VISIBLE,-36.65,23.33,0.00,1,England,R,PA
3813,6497232,6373516,1832.165,1833.233,1.068,1833.233,48,ESTIMATED,-48.04,11.37,0.76,1,England,R,PA
3813,6497237,6373521,1834.535,1836.670,2.135,1836.670,48,VISIBLE,-49.79,25.86,0.51,1,England,R,PA
3813,6497240,6373524,1839.473,1839.473,0.000,1839.473,48,ESTIMATED,-27.77,-17.79,2.45,1,England,R,PA
3813,6497250,6373532,1861.762,1861.762,0.000,1861.762,49,VISIBLE,-9.28,-26.75,0.14,1,England,R,PA
3813,6497253,6373535,1863.564,1865.098,1.534,1865.098,49,VISIBLE,-9.53,-0.28,0.00,1,England,R,PA
3813,6497256,6373538,1867.100,1870.204,3.104,1870.204,49,VISIBLE,-3.41,29.05,0.00,1,England,R,PA
3813,6497258,6373540,1871.538,1873.774,2.236,1873.774,49,ESTIMATED,-12.59,13.31,0.87,1,England,R,PA
3813,6497261,6373544,1877.144,1880.514,3.370,1880.514,49,VISIBLE,-0.1,-30.08,0.11,1,England,R,PA
3813,6497265,6373548,1882.216,1886.019,3.803,1886.019,49,VISIBLE,-4.15,-6.55,0.01,1,England,R,PA
3813,6497267,6373550,1887.554,1888.789,1.235,1888.789,49,VISIBLE,-7.39,5.92,0.00,1,England,R,PA
3813,6497270,6373553,1892.092,1892.092,0.000,1892.092,49,VISIBLE,-11.36,-23.27,0.00,1,England,R,PA
3813,6497272,6373555,1893.293,1893.894,0.601,1893.894,49,VISIBLE,-14.05,-30.73,0.00,1,England,R,PA
3813,6497274,6373557,1896.463,1896.930,0.467,1896.930,49,VISIBLE,-31.5,-17.30,0.00,1,England,R,PA
3813,6497277,6373560,1898.999,1900.834,1.835,1900.834,49,VISIBLE,-18.03,-1.41,0.00,1,England,R,PA
3813,6497279,6373562,1902.603,1906.707,4.104,1906.707,49,VISIBLE,-3.31,28.64,0.01,1,England,R,PA
3813,6497281,6373564,1909.476,1909.476,0.000,1909.476,49,VISIBLE,-6.01,12.14,0.00,1,England,R,PA
3813,6497284,6373567,1910.844,1912.279,1.435,1912.279,49,VISIBLE,-2.28,-10.23,0.00,1,England,R,PA
3813,6497286,6373570,1913.647,1914.581,0.934,1914.581,49,VISIBLE,14.93,-27.34,0.00,1,England,R,PA
3813,6497287,6373571,1917.818,1919.219,1.401,1919.219,49,VISIBLE,43.09,-28.74,0.18,1,England,R,PA
3813,6497289,6373575,1920.120,1921.221,1.101,1921.221,49,VISIBLE,34.36,-31.22,0.55,1,England,R,PA
3813,6497292,6373578,1922.055,1922.589,0.534,1922.589,49,VISIBLE,36.77,-32.36,0.45,1,England,R,PA
3813,6497294,6373580,1923.257,1923.924,0.667,1923.924,49,ESTIMATED,29.38,-29.08,0.35,1,England,R,PA
3813,6497297,6373584,1925.291,1925.291,0.000,1925.291,49,VISIBLE,31.18,-14.47,0.87,1,England,R,PA
3813,6497307,6373594,1969.069,1969.069,0.000,1969.069,51,ESTIMATED,1.19,26.75,9.30,1,England,R,PA
3813,6495875,6372112,1986.253,1987.821,1.568,1987.821,54,ESTIMATED,-25.86,26.37,0.53,1,England,R,PA
3813,6495876,6372113,1990.524,1990.524,0.000,1990.524,54,VISIBLE,-41.7,2.85,0.06,1,England,R,PA
3813,6495880,6372116,1991.859,1993.293,1.434,1993.293,54,VISIBLE,-34.47,-16.89,0.00,1,England,R,PA
3813,6495911,6372156,1994.260,1996.730,2.470,1996.730,54,ESTIMATED,-30.15,-4.88,0.29,1,England,R,PA
3813,6495884,6372122,1997.698,1998.365,0.667,1998.365,54,VISIBLE,-31.28,0.95,0.00,1,England,R,PA
3813,6495892,6372177,1999.433,2011.812,12.379,2011.812,54,ESTIMATED,30.29,13.39,0.69,1,England,R,PA
3813,6495910,6372183,2014.214,2014.214,0.000,2014.214,54,ESTIMATED,47.26,-15.50,0.70,1,England,R,PA
3813,6495929,6372171,2015.415,2015.415,0.000,2015.415,54,ESTIMATED,45.17,-3.45,3.28,1,England,R,PA
3813,6495944,6372188,2019.486,2021.154,1.668,2021.154,54,VISIBLE,29.11,-16.60,0.00,1,England,R,PA
3813,6495947,6372189,2022.523,2023.524,1.001,2023.524,54,VISIBLE,31.09,-21.60,0.00,1,England,R,PA
3813,6495988,6372230,2093.493,2093.493,0.000,2093.493,56,ESTIMATED,2.29,-19.78,1.36,1,England,R,PA
3813,6496027,6372269,2104.471,2105.372,0.901,2105.372,58,VISIBLE,-33.6,-32.21,0.00,1,England,R,PA
3813,6496035,6372279,2105.906,2107.407,1.501,2107.407,58,VISIBLE,-30.63,-29.24,0.03,1,England,R,PA
3813,6496093,6372339,2161.695,2161.695,0.000,2161.695,60,ESTIMATED,-33.68,-25.53,2.49,1,England,R,PA
3813,6496107,6372354,2166.266,2166.266,0.000,2166.266,60,ESTIMATED,-17.01,-12.17,0.36,1,England,R,PA
3813,6496116,6372362,2168.202,2177.611,9.409,2177.611,60,VISIBLE,12.69,29.78,0.03,1,England,R,PA
3813,6496121,6372365,2178.011,2178.979,0.968,2178.979,60,VISIBLE,10.08,27.92,0.00,1,England,R,PA
3813,6496123,6372367,2179.713,2180.814,1.101,2180.814,60,VISIBLE,4.03,20.91,0.00,1,England,R,PA
3813,6496126,6372370,2181.882,2183.083,1.201,2183.083,60,VISIBLE,-1.07,0.73,0.22,1,England,R,PA
3813,6496131,6372375,2184.818,2188.188,3.370,2188.188,60,VISIBLE,16.14,-28.15,0.13,1,England,R,PA
3813,6496157,6372400,2195.562,2200.501,4.939,2200.501,62,VISIBLE,26.25,-32.36,0.16,1,England,R,PA
3813,6496178,6372425,2201.368,2202.002,0.634,2202.002,62,VISIBLE,17.36,-30.60,0.02,1,England,R,PA
3813,6496183,6372430,2203.737,2203.737,0.000,2203.737,62,ESTIMATED,3.83,-18.01,0.70,1,England,R,PA
3813,6496187,6372434,2205.639,2208.108,2.469,2208.108,62,VISIBLE,11.75,13.52,0.04,1,England,R,PA
3813,6496194,6372439,2209.376,2213.647,4.271,2213.647,62,VISIBLE,26.31,28.80,0.00,1,England,R,PA
3813,6496198,6372443,2215.249,2217.451,2.202,2217.451,62,VISIBLE,10.26,18.51,0.00,1,England,R,PA
3813,6496204,6372448,2218.752,2221.655,2.903,2221.655,62,ESTIMATED,9.88,-3.08,0.17,1,England,R,PA
3813,6496207,6372451,2223.090,2224.157,1.067,2224.157,62,VISIBLE,12.59,9.43,0.00,1,England,R,PA
3813,6496210,6372454,2225.192,2225.325,0.133,2225.325,62,VISIBLE,28.11,12.90,0.00,1,England,R,PA
3813,6496214,6372458,2225.959,2227.294,1.335,2227.294,62,VISIBLE,35.31,19.45,0.00,1,England,R,PA
3813,6496268,6372514,2314.681,2314.681,0.000,2314.681,64,ESTIMATED,13.36,28.67,2.17,1,England,R,PA
3813,6496289,6372541,2320.420,2323.624,3.204,2323.624,66,VISIBLE,17.92,22.98,0.02,1,England,R,PA
3813,6496313,6372564,2330.330,2332.766,2.436,2332.766,68,VISIBLE,38.77,18.07,0.01,1,England,R,PA
3813,6496355,6372605,2369.870,2369.870,0.000,2369.870,70,ESTIMATED,-7.54,16.98,3.46,1,England,R,PA
3813,6496376,6372626,2373.674,2373.674,0.000,2373.674,72,ESTIMATED,-9.7,14.79,2.40,1,England,R,PA
3813,6496400,6372652,2400.734,2400.734,0.000,2400.734,74,ESTIMATED,5.41,32.98,2.51,1,England,R,PA
3813,6496412,6372669,2406.473,2406.473,0.000,2406.473,74,VISIBLE,-34.95,13.89,0.00,1,England,R,PA
3813,6496419,6372677,2409.042,2410.377,1.335,2410.377,74,VISIBLE,-43.24,-14.00,0.00,1,England,R,PA
3813,6496424,6372682,2411.612,2413.247,1.635,2413.247,74,ESTIMATED,-41.76,-30.40,0.00,1,England,R,PA
3813,6496446,6372704,2417.050,2418.719,1.669,2418.719,76,VISIBLE,-29.99,-16.76,0.04,1,England,R,PA
3813,6496456,6372712,2421.088,2422.923,1.835,2422.923,76,VISIBLE,-33.73,-30.97,0.00,1,England,R,PA
3813,6496461,6372717,2424.791,2426.527,1.736,2426.527,76,VISIBLE,-44.39,-24.72,0.42,1,England,R,PA
3813,6496468,6372723,2428.762,2428.762,0.000,2428.762,76,ESTIMATED,-17.34,-8.92,1.97,1,England,R,PA
3813,6496477,6372731,2450.117,2450.117,0.000,2450.117,77,VISIBLE,-21.19,-1.75,0.00,1,England,R,PA
3813,6496481,6372734,2450.951,2455.255,4.304,2455.255,77,VISIBLE,-16.55,-6.26,0.00,1,England,R,PA
3813,6496484,6372736,2456.356,2457.257,0.901,2457.257,77,VISIBLE,-10.58,7.89,0.00,1,England,R,PA
3813,6496490,6372743,2458.425,2459.493,1.068,2459.493,77,VISIBLE,4.66,19.73,0.00,1,England,R,PA
3813,6496492,6372747,2460.861,2461.528,0.667,2461.528,77,ESTIMATED,1.12,25.58,0.28,1,England,R,PA
3813,6496494,6372749,2462.229,2464.665,2.436,2464.665,77,VISIBLE,2.9,17.83,0.22,1,England,R,PA
3813,6496498,6372754,2465.699,2467.067,1.368,2467.067,77,VISIBLE,-1.23,2.47,0.51,1,England,R,PA
3813,6496501,6372758,2469.369,2471.038,1.669,2471.038,77,VISIBLE,21.2,-25.67,0.23,1,England,R,PA
3813,6496504,6372762,2471.805,2475.676,3.871,2475.676,77,VISIBLE,32.43,-16.03,0.01,1,England,R,PA
3813,6496510,6372766,2476.043,2476.043,0.000,2476.043,77,VISIBLE,34.09,-13.67,0.00,1,England,R,PA
3813,6496549,6372813,2518.552,2518.552,0.000,2518.552,79,ESTIMATED,10.3,-16.58,12.68,1,England,R,PA
3813,6496552,6372816,2520.754,2521.755,1.001,2521.755,79,VISIBLE,-9.24,-8.14,0.00,1,England,R,PA
3813,6496554,6372818,2524.858,2524.858,0.000,2524.858,79,ESTIMATED,-36.97,-5.37,1.29,1,England,R,PA
3813,6496586,6373010,2550.050,2550.050,0.000,2550.050,81,VISIBLE,-43.84,8.93,0.00,1,England,R,PA
3813,6496594,6372862,2550.918,2553.687,2.769,2553.687,81,VISIBLE,-44.01,11.57,0.09,1,England,R,PA
3813,6496597,6372866,2554.488,2555.222,0.734,2555.222,81,VISIBLE,-39.14,15.46,0.18,1,England,R,PA
3813,6496600,6372869,2556.490,2558.258,1.768,2558.258,81,ESTIMATED,-47.12,26.34,1.81,1,England,R,PA
3813,6496614,6372887,2564.298,2567.201,2.903,2567.201,83,ESTIMATED,-8.5,18.12,3.25,1,England,R,PA
3813,6496625,6372897,2570.304,2572.272,1.968,2572.272,83,VISIBLE,15.71,-26.02,0.00,1,England,R,PA
3813,6496692,6372968,2609.710,2609.710,0.000,2609.710,86,ESTIMATED,-13.47,-28.53,3.39,1,England,R,PA
3813,6496699,6372978,2611.445,2614.781,3.336,2614.781,86,VISIBLE,-11.75,-31.04,0.02,1,England,R,PA
3813,6496703,6372980,2616.250,2618.519,2.269,2618.519,86,VISIBLE,-25.55,-9.01,0.00,1,England,R,PA
3813,6496710,6372987,2621.154,2627.194,6.040,2627.194,86,VISIBLE,-8.75,-3.18,0.11,1,England,R,PA
3813,6496713,6372990,2628.161,2628.161,0.000,2628.161,86,VISIBLE,-10.16,-10.79,0.25,1,England,R,PA
3813,6496716,6372994,2630.931,2630.931,0.000,2630.931,86,VISIBLE,-15.15,7.02,0.09,1,England,R,PA
3813,6496722,6373000,2632.165,2633.066,0.901,2633.066,86,VISIBLE,-14.21,18.26,0.00,1,England,R,PA
3813,6496726,6373004,2634.134,2636.436,2.302,2636.436,86,VISIBLE,-31.31,12.47,0.10,1,England,R,PA
3813,6496730,6373008,2638.939,2639.940,1.001,2639.940,86,VISIBLE,-40.6,-5.73,0.00,1,England,R,PA
3813,6496735,6373013,2640.874,2640.874,0.000,2640.874,86,ESTIMATED,-36.21,1.52,0.90,1,England,R,PA
3813,6496737,6373015,2642.843,2643.777,0.934,2643.777,86,VISIBLE,-38.16,11.31,0.10,1,England,R,PA
3813,6496748,6373026,2645.312,2649.850,4.538,2649.850,86,VISIBLE,2.49,22.37,0.06,1,England,R,PA
3813,6496753,6373030,2650.150,2655.055,4.905,2655.055,86,VISIBLE,15.89,18.02,0.00,1,England,R,PA
3813,6496759,6373033,2655.789,2657.191,1.402,2657.191,86,VISIBLE,27.34,24.72,0.03,1,England,R,PA
3813,6496762,6373036,2658.025,2659.626,1.601,2659.626,86,VISIBLE,24.8,29.51,0.04,1,England,R,PA
3813,6496766,6373039,2661.195,2661.195,0.000,2661.195,86,VISIBLE,15.87,17.65,0.06,1,England,R,PA
3813,6496769,6373042,2662.129,2663.030,0.901,2663.030,86,VISIBLE,15.05,9.98,0.00,1,England,R,PA
3813,6496774,6373047,2664.464,2666.967,2.503,2666.967,86,VISIBLE,14.76,-15.72,0.00,1,England,R,PA
3813,6496777,6373050,2667.901,2669.002,1.101,2669.002,86,VISIBLE,14.3,-24.62,0.00,1,England,R,PA
3813,6496780,6373055,2671.305,2676.543,5.238,2676.543,86,VISIBLE,14.97,11.77,0.06,1,England,R,PA
3813,6496787,6373061,2678.312,2680.214,1.902,2680.214,86,ESTIMATED,26.65,25.88,0.00,1,England,R,PA
3813,6496794,6373069,2681.048,2682.249,1.201,2682.249,86,VISIBLE,25.01,25.84,0.05,1,England,R,PA
3813,6496796,6373071,2683.350,2683.350,0.000,2683.350,86,VISIBLE,22.08,28.93,0.00,1,England,R,PA
3813,6496806,6373082,2684.051,2685.285,1.234,2685.285,86,VISIBLE,11.41,19.64,0.00,1,England,R,PA
3813,6496813,6373088,2687.221,2688.555,1.334,2688.555,86,VISIBLE,4.78,-7.84,0.00,1,England,R,PA
3813,6496816,6373092,2689.823,2690.791,0.968,2690.791,86,VISIBLE,9.94,-23.54,0.00,1,England,R,PA
3813,6496823,6373100,2692.426,2695.195,2.769,2695.195,86,ESTIMATED,4.64,-5.14,1.53,1,England,R,PA
3813,6496859,6373139,2702.870,2705.138,2.268,2705.138,88,VISIBLE,36.96,17.22,0.04,1,England,R,PA
3813,6496883,6373159,2745.112,2745.112,0.000,2745.112,89,ESTIMATED,42.04,0.34,1.69,1,England,R,PA
3813,6496937,6373213,2862.696,2862.696,0.000,2862.696,91,ESTIMATED,3.76,-17.45,2.61,1,England,R,PA
3813,6496966,6373240,2869.770,2872.206,2.436,2872.206,93,VISIBLE,-15.46,5.97,0.13,1,England,R,PA
3813,6496978,6373252,2874.541,2875.709,1.168,2875.709,93,VISIBLE,-21.36,-22.52,0.00,1,England,R,PA
3813,6496983,6373257,2876.677,2877.945,1.268,2877.945,93,ESTIMATED,-15.41,-30.24,0.21,1,England,R,PA
3813,6496032,6372275,2880.581,2881.949,1.368,2881.949,93,VISIBLE,-46.49,-12.94,0.00,1,England,R,PA
3813,6496034,6372278,2882.883,2882.883,0.000,2882.883,93,ESTIMATED,-47,-8.31,1.64,1,England,R,PA
3813,6496061,6372305,2889.690,2892.526,2.836,2892.526,95,VISIBLE,16.27,-10.47,0.00,1,England,R,PA
3813,6496105,6372352,2981.982,2981.982,0.000,2981.982,97,ESTIMATED,-22.24,11.71,1.96,1,England,R,PA
3813,6496108,6372355,2984.518,2984.518,0.000,2984.518,97,VISIBLE,-28.84,22.83,0.29,1,England,R,PA
3813,6496113,6372359,2986.019,2986.587,0.568,2986.587,99,VISIBLE,-18.09,24.26,0.23,1,England,R,PA
3813,6496125,6372369,3014.781,3014.781,0.000,3014.781,101,ESTIMATED,-16.1,9.31,1.42,1,England,R,PA
3813,6496134,6372379,3020.354,3020.888,0.534,3020.888,101,VISIBLE,28.49,16.08,0.31,1,England,R,PA
3813,6496143,6372390,3021.388,3023.223,1.835,3023.223,101,VISIBLE,25.53,11.35,0.30,1,England,R,PA
3813,6496158,6372401,3030.030,3031.398,1.368,3031.398,103,VISIBLE,12.6,-15.24,0.25,1,England,R,PA
3813,6496162,6372405,3032.332,3035.669,3.337,3035.669,103,VISIBLE,2.7,-18.12,0.00,1,England,R,PA
3813,6496164,6372408,3036.503,3036.503,0.000,3036.503,103,VISIBLE,3.94,-19.95,0.03,1,England,R,PA
3813,6496169,6372413,3038.505,3040.340,1.835,3040.340,103,VISIBLE,-0.58,-4.97,0.00,1,England,R,PA
3813,6496172,6372418,3041.408,3042.509,1.101,3042.509,103,VISIBLE,8,9.96,0.02,1,England,R,PA
3813,6496177,6372424,3043.310,3045.312,2.002,3045.312,103,VISIBLE,11.57,9.11,0.02,1,England,R,PA
3813,6496182,6372429,3046.346,3047.247,0.901,3047.247,103,VISIBLE,8.44,-0.63,0.00,1,England,R,PA
3813,6496184,6372431,3048.148,3049.283,1.135,3049.283,103,VISIBLE,23.95,-18.18,0.00,1,England,R,PA
3813,6496189,6372436,3050.050,3053.153,3.103,3053.153,103,VISIBLE,41.81,-24.33,0.05,1,England,R,PA
3813,6496195,6372440,3054.655,3054.721,0.066,3054.721,103,VISIBLE,49.94,-23.73,0.01,1,England,R,PA
3813,6496229,6372475,3095.162,3098.765,3.603,3098.765,104,VISIBLE,28.44,-31.12,0.00,1,England,R,PA
3813,6496233,6372477,3099.233,3100.133,0.900,3100.133,104,VISIBLE,28.93,-26.93,0.09,1,England,R,PA
3813,6496234,6372478,3100.767,3101.335,0.568,3101.335,104,VISIBLE,29.6,-26.41,0.08,1,England,R,PA
3813,6496239,6372483,3102.002,3102.703,0.701,3102.703,104,VISIBLE,33.27,-29.53,0.40,1,England,R,PA
3813,6496265,6372513,3105.372,3106.440,1.068,3106.440,106,VISIBLE,40.42,-8.87,0.00,1,England,R,PA
3813,6496279,6372526,3110.210,3110.210,0.000,3110.210,108,VISIBLE,16.93,-22.59,0.00,1,England,R,PA
3813,6496281,6372529,3111.378,3113.113,1.735,3113.113,108,VISIBLE,21.53,-21.88,0.00,1,England,R,PA
3813,6496284,6372532,3114.381,3115.516,1.135,3115.516,108,VISIBLE,14.63,-10.80,0.09,1,England,R,PA
3813,6496287,6372535,3117.284,3118.285,1.001,3118.285,108,VISIBLE,15.68,10.50,0.00,1,England,R,PA
3813,6496291,6372539,3120.320,3123.090,2.770,3123.090,108,ESTIMATED,24,26.32,0.70,1,England,R,PA
3813,6496294,6372543,3124.776,3126.894,2.118,3126.894,108,VISIBLE,9.75,6.61,0.00,1,England,R,PA
3813,6496296,6372545,3127.995,3128.929,0.934,3128.929,108,VISIBLE,12.36,-15.31,0.00,1,England,R,PA
3813,6496299,6372548,3129.663,3130.464,0.801,3130.464,108,VISIBLE,15.98,-19.39,0.00,1,England,R,PA
3813,6496303,6372552,3131.298,3131.965,0.667,3131.965,108,VISIBLE,15.61,-17.78,0.00,1,England,R,PA
3813,6496306,6372556,3132.733,3133.400,0.667,3133.400,108,VISIBLE,6.51,-21.08,0.00,1,England,R,PA
3813,6496310,6372561,3135.602,3136.837,1.235,3136.837,108,VISIBLE,-9.34,-9.54,0.00,1,England,R,PA
3813,6496315,6372566,3138.505,3141.775,3.270,3141.775,108,ESTIMATED,-3.44,7.70,1.41,1,England,R,PA
3813,6496319,6372570,3144.244,3144.244,0.000,3144.244,108,VISIBLE,20.11,29.59,0.34,1,England,R,PA
3813,6496326,6372577,3145.012,3147.681,2.669,3147.681,108,VISIBLE,6.27,21.12,0.00,1,England,R,PA
3813,6496328,6372579,3148.282,3148.282,0.000,3148.282,108,VISIBLE,7.57,16.57,0.02,1,England,R,PA
3813,6496331,6372582,3149.349,3149.349,0.000,3149.349,108,VISIBLE,3.51,13.56,0.00,1,England,R,PA
3813,6496335,6372587,3150.684,3152.052,1.368,3152.052,108,VISIBLE,2.75,-8.20,0.00,1,England,R,PA
3813,6496379,6372630,3165.065,3165.899,0.834,3165.899,110,VISIBLE,-3.02,-12.07,0.00,1,England,R,PA
3813,6496381,6372632,3167.134,3169.236,2.102,3169.236,110,VISIBLE,-7.95,-0.03,0.00,1,England,R,PA
3813,6496386,6372637,3170.671,3173.640,2.969,3173.640,110,VISIBLE,1.32,21.44,0.00,1,England,R,PA
3813,6496390,6372641,3174.208,3174.208,0.000,3174.208,110,VISIBLE,1.38,20.88,0.03,1,England,R,PA
3813,6496391,6372643,3174.875,3174.875,0.000,3174.875,110,VISIBLE,1.43,21.71,0.00,1,England,R,PA
3813,6496394,6372646,3175.375,3176.343,0.968,3176.343,110,VISIBLE,1.27,18.65,0.00,1,England,R,PA
3813,6496399,6372651,3178.846,3178.846,0.000,3178.846,110,VISIBLE,-1.66,8.44,0.06,1,England,R,PA
3813,6496401,6372654,3180.881,3181.982,1.101,3181.982,110,ESTIMATED,7.03,-7.28,0.61,1,England,R,PA
3813,6496405,6372659,3183.483,3185.185,1.702,3185.185,110,VISIBLE,10.2,-28.13,0.15,1,England,R,PA
3813,6496406,6372662,3186.587,3186.587,0.000,3186.587,110,VISIBLE,0.91,-19.53,0.26,1,England,R,PA
3813,6496409,6372665,3187.421,3187.421,0.000,3187.421,110,VISIBLE,1.67,-14.80,0.22,1,England,R,PA
3813,6496411,6372667,3188.488,3188.488,0.000,3188.488,110,VISIBLE,-3.85,-15.93,0.23,1,England,R,PA
3813,6496414,6372672,3190.824,3192.593,1.769,3192.593,110,VISIBLE,-1.71,14.50,0.27,1,England,R,PA
3813,6496417,6372675,3193.527,3193.527,0.000,3193.527,110,VISIBLE,5.83,18.94,0.24,1,England,R,PA
3813,6496421,6372679,3194.561,3195.195,0.634,3195.195,110,VISIBLE,0.36,19.65,0.54,1,England,R,PA
3813,6496423,6372681,3195.863,3196.697,0.834,3196.697,110,ESTIMATED,-1.44,17.80,0.92,1,England,R,PA
3813,6496428,6372687,3198.265,3200.133,1.868,3200.133,110,VISIBLE,-17.08,10.38,0.56,1,England,R,PA
3813,6496429,6372688,3202.135,3203.770,1.635,3203.770,110,ESTIMATED,3.28,-26.67,0.00,1,England,R,PA
3813,6496443,6372700,3208.242,3218.252,10.010,3218.252,110,VISIBLE,-25.36,-20.48,0.00,1,England,R,PA
3813,6496444,6372702,3221.221,3222.322,1.101,3222.322,110,VISIBLE,-21.62,-7.21,0.11,1,England,R,PA
3813,6496450,6372707,3224.224,3228.695,4.471,3228.695,110,VISIBLE,-14.89,8.17,0.00,1,England,R,PA
3813,6496453,6372710,3229.930,3233.066,3.136,3233.066,110,ESTIMATED,-4.15,-9.83,0.94,1,England,R,PA
3813,6496458,6372714,3235.890,3237.905,2.015,3237.905,110,VISIBLE,5.91,27.19,0.00,1,England,R,PA
3813,6496462,6372718,3238.839,3239.840,1.001,3239.840,110,VISIBLE,3.82,21.56,0.00,1,England,R,PA
3813,6496465,6372720,3240.474,3240.474,0.000,3240.474,110,VISIBLE,7.11,19.54,0.00,1,England,R,PA
3813,6496466,6372721,3241.375,3242.075,0.700,3242.075,110,VISIBLE,1.14,20.35,0.00,1,England,R,PA
3813,6496469,6372724,3242.976,3244.578,1.602,3244.578,110,ESTIMATED,-1.08,6.73,1.07,1,England,R,PA
3813,6496472,6372727,3247.080,3247.080,0.000,3247.080,110,VISIBLE,7.56,-28.46,0.08,1,England,R,PA
3813,6496508,6372764,3249.082,3256.523,7.441,3256.523,110,ESTIMATED,1.79,5.25,0.13,1,England,R,PA
3813,6496509,6372765,3258.077,3259.726,1.649,3259.726,110,VISIBLE,8.82,26.46,0.00,1,England,R,PA
3813,6496512,6372771,3260.661,3263.030,2.369,3263.030,110,VISIBLE,13.28,20.63,0.00,1,England,R,PA
3813,6496514,6372773,3264.398,3265.899,1.501,3265.899,110,VISIBLE,9.45,-3.94,0.00,1,England,R,PA
3813,6496516,6372775,3267.042,3267.968,0.926,3267.968,110,VISIBLE,21.33,-24.15,0.00,1,England,R,PA
3813,6496519,6372781,3269.036,3273.974,4.938,3273.974,110,ESTIMATED,44.66,-27.69,0.00,1,England,R,PA
3813,6496523,6372783,3274.374,3274.374,0.000,3274.374,110,ESTIMATED,41.46,-22.00,0.00,1,England,R,PA
3813,6496573,6372839,3305.005,3305.005,0.000,3305.005,113,ESTIMATED,2.38,15.90,5.49,1,England,R,PA
3813,6496578,6372845,3308.509,3308.509,0.000,3308.509,115,ESTIMATED,-6.3,3.66,1.99,1,England,R,PA
3813,6496581,6372848,3309.476,3309.476,0.000,3309.476,115,ESTIMATED,-6.06,4.14,2.48,1,England,R,PA
3813,6496585,6372852,3310.310,3311.578,1.268,3311.578,115,ESTIMATED,-18.97,6.23,0.29,1,England,R,PA
3813,6496588,6372856,3312.980,3314.081,1.101,3314.081,115,VISIBLE,-21.72,12.77,0.00,1,England,R,PA
3813,6496590,6372858,3314.848,3314.848,0.000,3314.848,115,VISIBLE,-20.12,6.03,0.00,1,England,R,PA
3813,6496593,6372861,3316.016,3316.016,0.000,3316.016,115,VISIBLE,-28.2,-1.37,0.00,1,England,R,PA
3813,6496596,6372865,3317.084,3319.019,1.935,3319.019,115,ESTIMATED,-14.81,1.13,0.94,1,England,R,PA
3813,6496611,6372883,3328.762,3328.762,0.000,3328.762,117,ESTIMATED,-6.85,-9.65,3.70,1,England,R,PA
3813,6496616,6372888,3335.335,3335.335,0.000,3335.335,117,VISIBLE,-46.43,-17.08,0.00,1,England,R,PA
3813,6496620,6372892,3336.870,3339.940,3.070,3339.940,117,VISIBLE,-34.59,-26.37,0.00,1,England,R,PA
3813,6496623,6372895,3341.808,3341.808,0.000,3341.808,117,VISIBLE,-23.54,-9.21,0.00,1,England,R,PA
3813,6496626,6372899,3343.377,3345.979,2.602,3345.979,117,VISIBLE,-26.47,9.01,0.00,1,England,R,PA
3813,6496630,6372903,3346.914,3349.283,2.369,3349.283,117,VISIBLE,-21.64,16.16,0.00,1,England,R,PA
3813,6496633,6372907,3350.884,3351.518,0.634,3351.518,117,VISIBLE,-18.83,3.38,0.00,1,England,R,PA
3813,6496636,6372909,3353.086,3354.788,1.702,3354.788,117,VISIBLE,-18.45,-5.72,0.00,1,England,R,PA
3813,6496637,6372910,3356.123,3356.857,0.734,3356.857,117,VISIBLE,-9.1,7.34,0.00,1,England,R,PA
3813,6496642,6372914,3358.158,3359.126,0.968,3359.126,117,VISIBLE,-0.38,25.88,0.00,1,England,R,PA
3813,6496645,6372917,3359.860,3359.860,0.000,3359.860,117,VISIBLE,3.93,29.36,0.00,1,England,R,PA
3813,6496648,6372922,3360.827,3361.828,1.001,3361.828,117,VISIBLE,-1.35,23.84,0.04,1,England,R,PA
3813,6496650,6372924,3362.829,3364.431,1.602,3364.431,117,VISIBLE,-8.15,10.03,0.00,1,England,R,PA
3813,6496653,6372928,3365.590,3374.641,9.051,3374.641,117,VISIBLE,3.88,3.54,0.63,1,England,R,PA
3813,6496655,6372930,3376.610,3376.610,0.000,3376.610,117,ESTIMATED,8.7,31.40,3.45,1,England,R,PA
3813,6496658,6372934,3378.078,3378.078,0.000,3378.078,117,ESTIMATED,10.19,33.16,2.39,1,England,R,PA
3813,6496661,6372937,3379.246,3380.681,1.435,3380.681,117,VISIBLE,12.98,19.43,0.00,1,England,R,PA
3813,6496663,6372940,3382.516,3382.516,0.000,3382.516,117,VISIBLE,3.35,14.33,0.00,1,England,R,PA
3813,6496665,6372942,3383.814,3386.887,3.073,3386.887,117,VISIBLE,1.24,-11.98,0.00,1,England,R,PA
3813,6496668,6372945,3387.988,3387.988,0.000,3387.988,117,VISIBLE,12.07,-17.00,0.00,1,England,R,PA
3813,6496690,6372966,3393.727,3395.028,1.301,3395.028,119,VISIBLE,-8.21,-18.68,0.00,1,England,R,PA
3813,6496693,6372969,3395.863,3396.597,0.734,3396.597,119,VISIBLE,-12.51,-23.25,0.00,1,England,R,PA
3813,6496694,6372970,3397.731,3397.731,0.000,3397.731,119,VISIBLE,-12,-18.91,0.00,1,England,R,PA
3813,6496698,6372974,3398.632,3398.632,0.000,3398.632,119,VISIBLE,-17.87,-15.75,0.00,1,England,R,PA
3813,6496702,6372979,3400.033,3402.169,2.136,3402.169,119,VISIBLE,-12.02,-5.74,0.00,1,England,R,PA
3813,6496706,6372983,3403.337,3405.172,1.835,3405.172,119,VISIBLE,-3.92,11.01,0.00,1,England,R,PA
3813,6496711,6372988,3406.673,3406.673,0.000,3406.673,119,VISIBLE,-0.46,22.39,0.00,1,England,R,PA
3813,6496715,6372993,3407.841,3407.841,0.000,3407.841,119,VISIBLE,-0.69,16.38,0.25,1,England,R,PA
3813,6496718,6372997,3408.675,3408.675,0.000,3408.675,119,VISIBLE,-2.16,16.87,0.13,1,England,R,PA
3813,6496724,6373001,3410.010,3411.478,1.468,3411.478,119,VISIBLE,-1.72,-1.89,0.00,1,England,R,PA
3813,6496725,6373003,3412.879,3414.515,1.636,3414.515,119,VISIBLE,12.88,-23.23,0.01,1,England,R,PA
3813,6496728,6373006,3415.549,3417.584,2.035,3417.584,119,VISIBLE,2.47,-18.36,0.00,1,England,R,PA
3813,6496731,6373009,3418.919,3420.354,1.435,3420.354,119,VISIBLE,-1.16,-9.55,0.00,1,England,R,PA
3813,6496733,6373011,3421.922,3421.922,0.000,3421.922,119,VISIBLE,4.45,8.63,0.00,1,England,R,PA
3813,6496736,6373014,3423.023,3425.125,2.102,3425.125,119,ESTIMATED,3.7,12.27,1.17,1,England,R,PA
3813,6496770,6373043,3454.488,3457.124,2.636,3457.124,122,VISIBLE,33.81,32.14,0.00,1,England,R,PA
3813,6496781,6373056,3458.392,3460.460,2.068,3460.460,122,VISIBLE,22.38,26.54,0.05,1,England,R,PA
3813,6496786,6373060,3461.495,3462.829,1.334,3462.829,122,VISIBLE,7.14,20.47,0.00,1,England,R,PA
3813,6496790,6373064,3463.931,3464.531,0.600,3464.531,122,VISIBLE,5.84,6.97,0.00,1,England,R,PA
3813,6496795,6373070,3465.432,3465.432,0.000,3465.432,122,VISIBLE,9.25,4.02,0.00,1,England,R,PA
3813,6496797,6373072,3467.000,3467.000,0.000,3467.000,122,VISIBLE,8.86,-13.03,0.15,1,England,R,PA
3813,6496801,6373077,3468.068,3469.136,1.068,3469.136,122,VISIBLE,3.22,-3.27,0.00,1,England,R,PA
3813,6496805,6373081,3469.903,3471.438,1.535,3471.438,122,VISIBLE,3.84,-6.04,0.00,1,England,R,PA
3813,6496810,6373086,3472.239,3472.239,0.000,3472.239,122,ESTIMATED,4,-11.31,2.02,1,England,R,PA
3813,6496907,6373184,3540.240,3541.875,1.635,3541.875,127,VISIBLE,-10.2,-18.77,0.00,1,England,R,PA
3813,6496914,6373190,3542.843,3543.510,0.667,3543.510,127,ESTIMATED,-13.05,-25.64,-0.19,1,England,R,PA
3813,6496916,6373193,3544.411,3547.080,2.669,3547.080,127,VISIBLE,-16.53,-27.37,0.00,1,England,R,PA
3813,6496919,6373195,3549.241,3550.784,1.543,3550.784,127,ESTIMATED,-37.43,-2.18,1.30,1,England,R,PA
3813,6496931,6373207,3563.397,3563.397,0.000,3563.397,128,ESTIMATED,-3.53,33.65,2.12,1,England,R,PA
3813,6496953,6373228,3565.132,3571.872,6.740,3571.872,128,VISIBLE,-7.73,7.67,0.40,1,England,R,PA
3813,6496956,6373231,3573.040,3573.040,0.000,3573.040,128,VISIBLE,10.99,10.18,0.37,1,England,R,PA
3813,6496961,6373235,3573.874,3573.874,0.000,3573.874,128,VISIBLE,17.07,8.67,0.30,1,England,R,PA
3813,6496979,6373253,3607.407,3607.407,0.000,3607.407,129,VISIBLE,8.96,11.55,0.00,1,England,R,PA
3813,6496989,6373262,3608.075,3610.811,2.736,3610.811,129,VISIBLE,14.41,15.60,0.26,1,England,R,PA
3813,6497042,6373311,3671.138,3674.508,3.370,3674.508,130,VISIBLE,38.67,-25.05,0.19,1,England,R,PA
3813,6497047,6373316,3676.143,3677.344,1.201,3677.344,130,VISIBLE,18.24,-11.20,0.18,1,England,R,PA
3813,6497054,6373325,3678.612,3681.548,2.936,3681.548,130,VISIBLE,16.46,12.19,0.00,1,England,R,PA
3813,6497057,6373328,3682.349,3683.417,1.068,3683.417,130,VISIBLE,18.39,6.71,0.00,1,England,R,PA
3813,6497059,6373330,3684.618,3684.618,0.000,3684.618,130,VISIBLE,7.28,5.56,0.00,1,England,R,PA
3813,6497062,6373333,3686.119,3687.487,1.368,3687.487,130,VISIBLE,9.09,19.02,0.00,1,England,R,PA
3813,6497066,6373337,3688.155,3688.155,0.000,3688.155,130,ESTIMATED,11.22,18.52,0.15,1,England,R,PA
3813,6497070,6373344,3689.323,3693.260,3.937,3693.260,130,VISIBLE,6.99,25.32,0.00,1,England,R,PA
3813,6497073,6373346,3694.161,3697.130,2.969,3697.130,130,VISIBLE,-0.64,19.07,0.00,1,England,R,PA
3813,6497079,6373352,3699.199,3700.067,0.868,3700.067,130,VISIBLE,-5.73,-2.57,0.00,1,England,R,PA
3813,6497083,6373357,3701.468,3702.236,0.768,3702.236,130,VISIBLE,-7.22,15.76,0.04,1,England,R,PA
3813,6497085,6373359,3703.170,3704.071,0.901,3704.071,130,VISIBLE,0.53,24.31,0.00,1,England,R,PA
3813,6497090,6373364,3704.805,3706.006,1.201,3706.006,130,VISIBLE,4.38,18.00,0.03,1,England,R,PA
3813,6497115,6373392,3708.175,3708.175,0.000,3708.175,130,VISIBLE,-12.2,20.09,0.16,1,England,R,PA
3813,6497119,6373396,3708.775,3712.079,3.304,3712.079,130,VISIBLE,-13.86,27.75,0.00,1,England,R,PA
3813,6497127,6373405,3712.880,3715.849,2.969,3715.849,130,VISIBLE,-17.47,28.70,0.23,1,England,R,PA
3813,6495961,6372201,3804.671,3804.671,0.000,3804.671,132,VISIBLE,-1.42,0.05,0.00,2,England,L,PA
3813,6495965,6372205,3805.939,3808.742,2.803,3808.742,132,VISIBLE,-8.75,-4.25,0.00,2,England,L,PA
3813,6495969,6372210,3811.545,3813.480,1.935,3813.480,132,VISIBLE,-3.07,-27.23,0.01,2,England,L,PA
3813,6495973,6372214,3816.750,3818.018,1.268,3818.018,132,VISIBLE,-17.92,-7.69,0.00,2,England,L,PA
3813,6495978,6372219,3820.020,3822.856,2.836,3822.856,132,VISIBLE,-7.57,-23.76,0.01,2,England,L,PA
3813,6495991,6372233,3823.757,3825.659,1.902,3825.659,132,VISIBLE,-21.32,-14.47,0.00,2,England,L,PA
3813,6495999,6372242,3828.262,3830.731,2.469,3830.731,132,VISIBLE,-37.89,6.53,0.00,2,England,L,PA
3813,6496002,6372245,3832.766,3832.766,0.000,3832.766,132,VISIBLE,-35.42,28.29,0.01,2,England,L,PA
3813,6496004,6372247,3834.067,3836.436,2.369,3836.436,132,VISIBLE,-45.08,5.68,0.06,2,England,L,PA
3813,6496007,6372250,3838.272,3841.508,3.236,3841.508,132,ESTIMATED,-42.64,-22.13,0.14,2,England,L,PA
3813,6496013,6372257,3843.177,3844.611,1.434,3844.611,132,ESTIMATED,-50.1,-10.46,0.44,2,England,L,PA
3813,6496021,6372265,3847.281,3847.281,0.000,3847.281,132,ESTIMATED,-30.9,1.38,2.22,2,England,L,PA
3813,6496082,6372327,3890.657,3890.657,0.000,3890.657,135,ESTIMATED,-0.41,12.17,4.06,2,England,L,PA
3813,6496114,6372360,3905.906,3909.042,3.136,3909.042,137,VISIBLE,8.78,-1.80,0.10,2,England,L,PA
3813,6496152,6372397,3923.757,3923.757,0.000,3923.757,139,VISIBLE,4.28,-17.07,0.00,2,England,L,PA
3813,6496154,6372402,3924.958,3927.127,2.169,3927.127,139,VISIBLE,-1.39,-25.64,0.00,2,England,L,PA
3813,6496161,6372404,3928.028,3928.829,0.801,3928.829,139,VISIBLE,-10.91,-23.74,0.22,2,England,L,PA
3813,6496165,6372409,3930.163,3930.163,0.000,3930.163,139,VISIBLE,-7.86,-30.49,0.00,2,England,L,PA
3813,6496168,6372412,3931.131,3931.131,0.000,3931.131,139,VISIBLE,-7.7,-21.85,0.00,2,England,L,PA
3813,6496174,6372420,3932.299,3933.767,1.468,3933.767,139,VISIBLE,-26.42,-18.01,0.18,2,England,L,PA
3813,6496176,6372423,3936.103,3936.103,0.000,3936.103,139,ESTIMATED,-9.52,-4.10,1.39,2,England,L,PA
3813,6496185,6372432,3937.137,3938.038,0.901,3938.038,139,ESTIMATED,3.59,13.56,1.15,2,England,L,PA
3813,6496221,6372466,3963.297,3963.297,0.000,3963.297,141,ESTIMATED,-10.99,-22.68,1.92,2,England,L,PA
3813,6496238,6372482,3964.831,3966.967,2.136,3966.967,141,VISIBLE,11.32,-28.96,0.00,2,England,L,PA
3813,6496359,6372609,4117.484,4118.418,0.934,4118.418,142,ESTIMATED,33.49,-9.84,2.00,2,England,L,PA
3813,6496374,6372625,4121.388,4121.388,0.000,4121.388,142,ESTIMATED,11.84,-4.22,2.66,2,England,L,PA
3813,6496382,6372633,4123.290,4125.893,2.603,4125.893,142,ESTIMATED,-4.04,-23.86,1.58,2,England,L,PA
3813,6496392,6372647,4127.661,4128.862,1.201,4128.862,142,ESTIMATED,25.45,-14.63,0.64,2,England,L,PA
3813,6496398,6372653,4129.863,4130.931,1.068,4130.931,142,ESTIMATED,27.12,-7.33,0.46,2,England,L,PA
3813,6496410,6372670,4133.901,4134.735,0.834,4134.735,142,VISIBLE,22.53,-23.21,0.00,2,England,L,PA
3813,6496418,6372676,4135.869,4137.237,1.368,4137.237,142,VISIBLE,11.93,-20.36,0.00,2,England,L,PA
3813,6496422,6372680,4138.805,4140.974,2.169,4140.974,142,VISIBLE,-1.24,-3.52,0.00,2,England,L,PA
3813,6496426,6372685,4142.676,4142.676,0.000,4142.676,142,VISIBLE,-4.95,-15.57,0.00,2,England,L,PA
3813,6496430,6372689,4144.578,4146.480,1.902,4146.480,142,ESTIMATED,-4.76,-30.24,0.00,2,England,L,PA
3813,6496459,6372715,4197.197,4199.700,2.503,4199.700,143,VISIBLE,-28.13,7.54,0.18,2,England,L,PA
3813,6496464,6372719,4202.069,4202.069,0.000,4202.069,143,VISIBLE,-29.96,-21.57,0.00,2,England,L,PA
3813,6496467,6372722,4203.303,4204.738,1.435,4204.738,143,VISIBLE,-26.15,-29.75,0.10,2,England,L,PA
3813,6496470,6372725,4205.572,4207.007,1.435,4207.007,143,VISIBLE,-33.22,-30.55,0.95,2,England,L,PA
3813,6496500,6372756,4222.489,4222.489,0.000,4222.489,147,ESTIMATED,-22.12,19.72,0.97,2,England,L,PA
3813,6496522,6372782,4240.374,4240.374,0.000,4240.374,149,VISIBLE,-38.04,30.28,0.14,2,England,L,PA
3813,6496534,6372793,4259.726,4259.726,0.000,4259.726,151,VISIBLE,-47.19,6.67,0.00,2,England,L,PA
3813,6496536,6372794,4260.627,4263.263,2.636,4263.263,151,VISIBLE,-46.41,15.75,0.00,2,England,L,PA
3813,6496538,6372797,4267.167,4267.167,0.000,4267.167,151,ESTIMATED,-45.38,-6.97,1.57,2,England,L,PA
3813,6496544,6372805,4273.941,4273.941,0.000,4273.941,153,ESTIMATED,-13.96,11.58,1.12,2,England,L,PA
3813,6496546,6372808,4274.808,4274.808,0.000,4274.808,153,ESTIMATED,-11.6,9.42,0.67,2,England,L,PA
3813,6496550,6372814,4277.344,4283.750,6.406,4283.750,153,VISIBLE,22.1,26.12,0.00,2,England,L,PA
3813,6496551,6372815,4285.152,4285.152,0.000,4285.152,153,VISIBLE,13.49,27.91,0.00,2,England,L,PA
3813,6496553,6372817,4286.386,4287.421,1.035,4287.421,153,VISIBLE,19.37,26.59,0.00,2,England,L,PA
3813,6496555,6372819,4288.088,4288.088,0.000,4288.088,153,VISIBLE,18.36,22.76,0.00,2,England,L,PA
3813,6496559,6372824,4289.056,4290.224,1.168,4290.224,153,VISIBLE,26.2,28.58,0.50,2,England,L,PA
3813,6496563,6372830,4293.126,4295.896,2.770,4295.896,153,ESTIMATED,48.66,14.68,4.21,2,England,L,PA
3813,6496646,6372918,4369.603,4369.603,0.000,4369.603,157,ESTIMATED,24.13,-15.07,1.15,2,England,L,PA
3813,6496649,6372923,4371.071,4372.039,0.968,4372.039,157,VISIBLE,8.31,-14.06,0.00,2,England,L,PA
3813,6496651,6372926,4373.574,4375.275,1.701,4375.275,157,VISIBLE,27.16,-26.64,0.01,2,England,L,PA
3813,6496652,6372927,4375.676,4376.543,0.867,4376.543,157,VISIBLE,29.53,-24.74,0.00,2,England,L,PA
3813,6496656,6372931,4377.177,4378.612,1.435,4378.612,157,VISIBLE,29,-20.02,0.07,2,England,L,PA
3813,6496657,6372932,4379.279,4380.380,1.101,4380.380,157,VISIBLE,29.11,-20.99,0.00,2,England,L,PA
3813,6496659,6372935,4381.348,4382.216,0.868,4382.216,157,VISIBLE,29.68,-26.03,0.00,2,England,L,PA
3813,6496662,6372938,4383.217,4383.917,0.700,4383.917,157,VISIBLE,21.45,-24.59,0.00,2,England,L,PA
3813,6496691,6372967,4401.268,4401.268,0.000,4401.268,159,ESTIMATED,-16.03,27.05,5.23,2,England,L,PA
3813,6496696,6372972,4403.036,4405.005,1.969,4405.005,159,VISIBLE,-21.67,30.72,0.03,2,England,L,PA
3813,6496700,6372976,4406.640,4406.640,0.000,4406.640,159,VISIBLE,-29.53,26.10,0.00,2,England,L,PA
3813,6496708,6372985,4409.209,4409.209,0.000,4409.209,161,VISIBLE,-34.39,13.85,0.08,2,England,L,PA
3813,6496712,6372989,4409.810,4410.777,0.967,4410.777,161,VISIBLE,-33.75,8.94,0.00,2,England,L,PA
3813,6496721,6373002,4412.646,4414.147,1.501,4414.147,161,VISIBLE,-27.23,-11.01,0.03,2,England,L,PA
3813,6496741,6373021,4415.382,4417.384,2.002,4417.384,161,VISIBLE,-6.93,-10.16,0.26,2,England,L,PA
3813,6496746,6373024,4418.218,4418.218,0.000,4418.218,161,ESTIMATED,2.21,-7.60,1.26,2,England,L,PA
3813,6496772,6373046,4478.779,4478.779,0.000,4478.779,162,ESTIMATED,34.35,4.13,2.90,2,England,L,PA
3813,6496804,6373080,4500.200,4500.200,0.000,4500.200,164,ESTIMATED,-14.5,33.13,3.29,2,England,L,PA
3813,6496809,6373090,4501.368,4502.603,1.235,4502.603,164,VISIBLE,-16.7,25.29,0.00,2,England,L,PA
3813,6496817,6373093,4503.136,4503.837,0.701,4503.837,164,VISIBLE,-15.2,21.98,0.00,2,England,L,PA
3813,6496819,6373095,4504.671,4504.671,0.000,4504.671,164,ESTIMATED,-12.76,16.55,0.20,2,England,L,PA
3813,6496822,6373098,4505.873,4505.873,0.000,4505.873,164,ESTIMATED,-13.42,11.59,0.91,2,England,L,PA
3813,6496830,6373108,4507.608,4513.247,5.639,4513.247,164,VISIBLE,-18.12,1.52,0.21,2,England,L,PA
3813,6496905,6373182,4544.144,4544.144,0.000,4544.144,166,VISIBLE,-31.53,-17.05,0.00,2,England,L,PA
3813,6496909,6373186,4546.146,4546.146,0.000,4546.146,166,ESTIMATED,-49.97,-9.51,0.47,2,England,L,PA
3813,6496930,6373206,4566.633,4567.067,0.434,4567.067,167,VISIBLE,4.72,-29.74,0.00,2,England,L,PA
3813,6496935,6373211,4567.734,4569.837,2.103,4569.837,167,VISIBLE,-5.51,-29.72,0.00,2,England,L,PA
3813,6496939,6373215,4571.004,4573.774,2.770,4573.774,167,VISIBLE,-25.4,-16.66,0.11,2,England,L,PA
3813,6496944,6373219,4575.175,4580.080,4.905,4580.080,167,VISIBLE,-23,-3.19,0.00,2,England,L,PA
3813,6496945,6373220,4580.647,4580.647,0.000,4580.647,167,VISIBLE,-19.83,-2.52,0.00,2,England,L,PA
3813,6496947,6373222,4581.415,4582.449,1.034,4582.449,167,VISIBLE,-22.33,6.36,0.03,2,England,L,PA
3813,6496951,6373226,4585.085,4586.053,0.968,4586.053,167,VISIBLE,2.8,16.81,0.08,2,England,L,PA
3813,6496963,6373237,4591.692,4592.559,0.867,4592.559,167,VISIBLE,33.93,2.78,0.04,2,England,L,PA
3813,6497008,6373276,4615.048,4615.048,0.000,4615.048,169,ESTIMATED,-13.06,-11.46,3.57,2,England,L,PA
3813,6497014,6373285,4617.150,4619.887,2.737,4619.887,169,VISIBLE,-5.18,-8.34,0.00,2,England,L,PA
3813,6497019,6373288,4622.022,4623.524,1.502,4623.524,169,VISIBLE,2.31,-29.19,0.00,2,England,L,PA
3813,6497025,6373295,4624.391,4625.425,1.034,4625.425,169,VISIBLE,0.96,-22.01,0.00,2,England,L,PA
3813,6497028,6373298,4626.193,4626.193,0.000,4626.193,169,VISIBLE,1.74,-17.33,0.00,2,England,L,PA
3813,6497030,6373300,4626.927,4627.828,0.901,4627.828,169,VISIBLE,-5.32,-20.24,0.00,2,England,L,PA
3813,6497035,6373304,4628.629,4629.963,1.334,4629.963,169,VISIBLE,-9.52,-19.04,0.00,2,England,L,PA
3813,6497039,6373308,4630.998,4632.900,1.902,4632.900,169,VISIBLE,-0.02,-5.34,0.04,2,England,L,PA
3813,6497044,6373313,4633.967,4636.570,2.603,4636.570,169,VISIBLE,20.85,3.91,0.00,2,England,L,PA
3813,6497071,6373342,4642.843,4642.843,0.000,4642.843,171,ESTIMATED,40.21,-10.68,2.17,2,England,L,PA
3813,6497084,6373358,4659.059,4659.760,0.701,4659.760,172,ESTIMATED,29.49,-36.43,-0.15,2,England,L,PA
3813,6497088,6373362,4660.594,4661.161,0.567,4661.161,172,ESTIMATED,29.03,-33.00,1.09,2,England,L,PA
3813,6497129,6373404,4671.738,4671.738,0.000,4671.738,174,VISIBLE,-17.35,-21.77,0.00,2,England,L,PA
3813,6497133,6373409,4673.974,4676.743,2.769,4676.743,174,ESTIMATED,-36.49,-7.94,1.61,2,England,L,PA
3813,6497156,6373430,4688.689,4688.689,0.000,4688.689,176,ESTIMATED,-0.25,33.45,2.33,2,England,L,PA
3813,6497160,6373435,4690.123,4696.964,6.841,4696.964,176,VISIBLE,-11.14,7.85,0.35,2,England,L,PA
3813,6497163,6373438,4698.098,4699.266,1.168,4699.266,176,VISIBLE,-9.93,-14.01,0.25,2,England,L,PA
3813,6497165,6373440,4700.167,4702.069,1.902,4702.069,176,VISIBLE,-8.09,-22.77,0.14,2,England,L,PA
3813,6497167,6373451,4703.203,4704.204,1.001,4704.204,178,VISIBLE,-7.84,-18.38,0.20,2,England,L,PA
3813,6495909,6372151,4704.838,4705.973,1.135,4705.973,178,VISIBLE,-14.69,-24.19,0.20,2,England,L,PA
3813,6495913,6372155,4707.241,4708.275,1.034,4708.275,178,ESTIMATED,-25.19,-23.25,0.65,2,England,L,PA
3813,6495915,6372159,4711.345,4711.345,0.000,4711.345,178,ESTIMATED,-8.91,21.23,2.72,2,England,L,PA
3813,6495953,6372194,4752.252,4752.252,0.000,4752.252,180,ESTIMATED,-44.45,2.91,1.36,2,England,L,PA
3813,6495979,6372220,4757.824,4757.824,0.000,4757.824,182,ESTIMATED,4.51,21.95,2.71,2,England,L,PA
3813,6495981,6372223,4759.693,4759.693,0.000,4759.693,182,ESTIMATED,18.3,15.26,2.43,2,England,L,PA
3813,6496036,6372280,4779.813,4779.813,0.000,4779.813,184,ESTIMATED,6.76,-15.65,7.93,2,England,L,PA
3813,6496041,6372286,4781.548,4784.718,3.170,4784.718,184,VISIBLE,17.74,3.57,0.03,2,England,L,PA
3813,6496288,6372536,4906.673,4906.673,0.000,4906.673,185,VISIBLE,-28.65,30.42,0.12,2,England,L,PA
3813,6496293,6372542,4907.941,4909.276,1.335,4909.276,185,VISIBLE,-28.95,20.37,0.01,2,England,L,PA
3813,6496302,6372551,4909.943,4911.011,1.068,4911.011,185,ESTIMATED,-27.61,25.08,0.13,2,England,L,PA
3813,6496307,6372557,4912.379,4912.379,0.000,4912.379,185,VISIBLE,-32.76,31.09,0.01,2,England,L,PA
3813,6496312,6372563,4912.946,4913.347,0.401,4913.347,185,VISIBLE,-36.36,27.98,0.00,2,England,L,PA
3813,6496317,6372568,4914.014,4914.014,0.000,4914.014,185,VISIBLE,-33.08,24.62,0.00,2,England,L,PA
3813,6496321,6372572,4915.115,4915.115,0.000,4915.115,185,VISIBLE,-32.08,29.44,0.00,2,England,L,PA
3813,6496323,6372574,4915.449,4915.449,0.000,4915.449,185,VISIBLE,-31.94,27.54,0.00,2,England,L,PA
3813,6496327,6372578,4917.150,4917.150,0.000,4917.150,185,VISIBLE,-18.58,29.46,0.00,2,England,L,PA
3813,6496332,6372583,4917.584,4919.019,1.435,4919.019,185,VISIBLE,-12.43,18.22,0.31,2,England,L,PA
3813,6496485,6372737,5178.478,5178.478,0.000,5178.478,187,VISIBLE,-1.33,0.15,0.00,2,England,L,PA
3813,6496520,6372779,5180.047,5181.348,1.301,5181.348,187,ESTIMATED,-11.09,1.75,1.22,2,England,L,PA
3813,6496541,6372802,5210.644,5210.644,0.000,5210.644,190,VISIBLE,3.24,-18.52,0.00,2,England,L,PA
3813,6496545,6372807,5211.545,5212.079,0.534,5212.079,190,VISIBLE,-3.84,-18.13,0.11,2,England,L,PA
3813,6496548,6372810,5216.550,5216.550,0.000,5216.550,190,ESTIMATED,-31.32,2.90,1.02,2,England,L,PA
3813,6496582,6372849,5233.433,5233.433,0.000,5233.433,192,ESTIMATED,-17.98,9.45,1.75,2,England,L,PA
3813,6496589,6372857,5235.102,5235.135,0.033,5235.135,192,ESTIMATED,-10.61,13.00,0.85,2,England,L,PA
3813,6496789,6373063,5331.865,5331.865,0.000,5331.865,193,ESTIMATED,-43.77,2.07,1.78,2,England,L,PA
3813,6496815,6373091,5339.806,5344.111,4.305,5344.111,195,VISIBLE,-31.97,-26.66,0.03,2,England,L,PA
3813,6496818,6373094,5345.846,5345.846,0.000,5345.846,195,VISIBLE,-45.08,-15.08,1.16,2,England,L,PA
3813,6496826,6373103,5350.484,5352.419,1.935,5352.419,195,VISIBLE,20.13,-4.41,0.16,2,England,L,PA
3813,6496994,6373266,5434.167,5434.167,0.000,5434.167,197,ESTIMATED,-43.63,-34.09,1.25,2,England,L,PA
3813,6497011,6373279,5436.269,5438.305,2.036,5438.305,197,VISIBLE,-36.85,-20.32,0.00,2,England,L,PA
3813,6497016,6373284,5439.106,5441.842,2.736,5441.842,197,VISIBLE,-24.96,-8.71,0.00,2,England,L,PA
3813,6497022,6373291,5443.644,5447.347,3.703,5447.347,197,VISIBLE,-16.43,11.63,0.00,2,England,L,PA
3813,6497027,6373297,5449.116,5450.350,1.234,5450.350,197,VISIBLE,-14.81,-13.56,0.00,2,England,L,PA
3813,6497033,6373302,5451.652,5455.422,3.770,5455.422,197,VISIBLE,-4.4,-24.03,0.00,2,England,L,PA
3813,6497037,6373306,5456.723,5457.958,1.235,5457.958,197,VISIBLE,-15.63,-7.24,0.00,2,England,L,PA
3813,6497043,6373312,5459.059,5460.394,1.335,5460.394,197,VISIBLE,-14.68,13.11,0.00,2,England,L,PA
3813,6497046,6373315,5462.663,5462.663,0.000,5462.663,197,VISIBLE,-3.84,26.91,0.00,2,England,L,PA
3813,6497056,6373327,5463.697,5464.631,0.934,5464.631,197,VISIBLE,-2.64,17.22,0.64,2,England,L,PA
3813,6497064,6373335,5467.034,5469.636,2.602,5469.636,197,ESTIMATED,-2.24,-21.44,0.00,2,England,L,PA
3813,6497069,6373339,5470.370,5472.339,1.969,5472.339,197,VISIBLE,-3.91,-17.75,0.00,2,England,L,PA
3813,6497072,6373343,5473.740,5473.740,0.000,5473.740,197,VISIBLE,-9.79,-17.01,0.00,2,England,L,PA
3813,6497075,6373348,5474.741,5477.311,2.570,5477.311,197,VISIBLE,-6.32,-21.58,0.00,2,England,L,PA
3813,6497081,6373355,5478.345,5479.213,0.868,5479.213,197,VISIBLE,-13.66,-10.76,0.04,2,England,L,PA
3813,6497087,6373361,5480.514,5482.416,1.902,5482.416,197,ESTIMATED,-10.04,5.76,0.00,2,England,L,PA
3813,6497100,6373373,5484.684,5485.619,0.935,5485.619,197,VISIBLE,-4.06,-26.74,0.00,2,England,L,PA
3813,6497120,6373397,5493.327,5493.327,0.000,5493.327,198,ESTIMATED,-18.08,-16.24,0.00,2,England,L,PA
3813,6497130,6373406,5501.368,5502.436,1.068,5502.436,198,ESTIMATED,-8.79,3.69,0.69,2,England,L,PA
3813,6497136,6373413,5504.004,5505.472,1.468,5505.472,198,VISIBLE,-10.55,5.48,0.14,2,England,L,PA
3813,6497141,6373418,5506.907,5508.442,1.535,5508.442,198,VISIBLE,2.32,-12.55,0.04,2,England,L,PA
3813,6497149,6373425,5509.009,5510.844,1.835,5510.844,198,ESTIMATED,9.28,-19.08,0.28,2,England,L,PA
3813,6497153,6373428,5511.879,5512.813,0.934,5512.813,198,VISIBLE,13.44,-28.62,0.00,2,England,L,PA
3813,6497158,6373432,5513.447,5518.519,5.072,5518.519,198,VISIBLE,10.74,-19.59,0.00,2,England,L,PA
3813,6497162,6373437,5519.253,5520.053,0.800,5520.053,198,VISIBLE,11.48,-24.05,0.00,2,England,L,PA
3813,6497169,6373444,5520.988,5523.223,2.235,5523.223,198,VISIBLE,13.13,-25.98,0.02,2,England,L,PA
3813,6497171,6373447,5523.857,5525.259,1.402,5525.259,198,VISIBLE,11.26,-18.17,0.56,2,England,L,PA
3813,6497202,6373481,5545.345,5545.345,0.000,5545.345,201,VISIBLE,19.14,-13.39,0.20,2,England,L,PA
3813,6497213,6373497,5554.021,5558.125,4.104,5558.125,201,VISIBLE,-19.81,-18.97,0.00,2,England,L,PA
3813,6497216,6373500,5559.226,5561.828,2.602,5561.828,201,VISIBLE,-10.97,-9.12,0.00,2,England,L,PA
3813,6497218,6373502,5562.963,5563.764,0.801,5563.764,201,VISIBLE,-4.19,-19.08,0.39,2,England,L,PA
3813,6497219,6373503,5564.298,5564.298,0.000,5564.298,201,VISIBLE,-2.87,-16.32,0.28,2,England,L,PA
3813,6497222,6373506,5565.365,5568.068,2.703,5568.068,201,VISIBLE,-7.49,-16.43,0.08,2,England,L,PA
3813,6497233,6373517,5570.604,5571.738,1.134,5571.738,201,VISIBLE,-8.92,18.66,0.04,2,England,L,PA
3813,6497236,6373520,5572.973,5573.807,0.834,5573.807,201,VISIBLE,-1.13,25.31,0.06,2,England,L,PA
3813,6497238,6373522,5574.541,5574.541,0.000,5574.541,201,VISIBLE,-0.35,21.36,0.00,2,England,L,PA
3813,6495896,6372137,5648.882,5648.882,0.000,5648.882,204,ESTIMATED,9.89,34.00,1.94,2,England,L,PA
3813,6495882,6372120,5650.918,5652.719,1.801,5652.719,204,VISIBLE,-8.52,21.28,0.00,2,England,L,PA
3813,6495883,6372121,5654.788,5657.524,2.736,5657.524,204,VISIBLE,-9.18,-14.49,0.00,2,England,L,PA
3813,6495886,6372124,5658.692,5659.793,1.101,5659.793,204,VISIBLE,-19.9,-2.21,0.13,2,England,L,PA
3813,6495888,6372128,5661.094,5663.230,2.136,5663.230,204,ESTIMATED,-24.97,23.16,0.00,2,England,L,PA
3813,6495893,6372132,5663.964,5664.765,0.801,5664.765,204,VISIBLE,-8.68,23.24,0.03,2,England,L,PA
3813,6495894,6372134,5665.499,5665.499,0.000,5665.499,204,VISIBLE,-9.68,28.68,0.01,2,England,L,PA
3813,6495900,6372141,5666.400,5668.235,1.835,5668.235,204,ESTIMATED,-11.18,15.92,0.93,2,England,L,PA
3813,6495904,6372147,5673.607,5675.375,1.768,5675.375,204,VISIBLE,-8.29,-24.68,0.03,2,England,L,PA
3813,6495906,6372148,5676.276,5677.678,1.402,5677.678,204,VISIBLE,-5.8,-16.55,0.49,2,England,L,PA
3813,6495930,6372173,5710.611,5710.611,0.000,5710.611,206,VISIBLE,-48.52,1.99,0.00,2,England,L,PA
3813,6495955,6372195,5718.952,5718.952,0.000,5718.952,206,VISIBLE,-34.57,-27.11,0.00,2,England,L,PA
3813,6495958,6372198,5721.154,5724.691,3.537,5724.691,206,VISIBLE,-30.68,-5.97,0.00,2,England,L,PA
3813,6495960,6372200,5725.759,5727.528,1.769,5727.528,206,VISIBLE,-15.73,13.61,0.03,2,England,L,PA
3813,6495962,6372202,5728.929,5728.929,0.000,5728.929,206,VISIBLE,-3.83,27.39,0.25,2,England,L,PA
3813,6495972,6372213,5729.930,5730.631,0.701,5730.631,206,VISIBLE,-11.53,25.97,0.03,2,England,L,PA
3813,6495975,6372216,5731.498,5733.233,1.735,5733.233,206,VISIBLE,-19.57,17.10,0.00,2,England,L,PA
3813,6495977,6372218,5735.035,5738.338,3.303,5738.338,206,VISIBLE,-12.25,-20.39,0.00,2,England,L,PA
3813,6495980,6372222,5739.306,5742.376,3.070,5742.376,206,ESTIMATED,-1.09,-25.16,0.00,2,England,L,PA
3813,6495983,6372225,5743.243,5744.311,1.068,5744.311,206,VISIBLE,-7.25,-18.74,0.00,2,England,L,PA
3813,6495985,6372227,5745.078,5746.046,0.968,5746.046,206,ESTIMATED,-13.21,-10.67,0.13,2,England,L,PA
3813,6495992,6372235,5747.414,5757.324,9.910,5757.324,206,VISIBLE,12.52,18.39,0.05,2,England,L,PA
3813,6495996,6372239,5757.824,5759.693,1.869,5759.693,206,VISIBLE,20.36,21.35,0.00,2,England,L,PA
3813,6495997,6372240,5760.227,5761.094,0.867,5761.094,206,VISIBLE,22.2,26.48,0.03,2,England,L,PA
3813,6496000,6372243,5762.029,5769.269,7.240,5769.269,206,VISIBLE,19.73,9.26,0.09,2,England,L,PA
3813,6496003,6372246,5771.104,5771.104,0.000,5771.104,206,VISIBLE,7.52,-1.19,0.00,2,England,L,PA
3813,6496009,6372253,5772.306,5777.144,4.838,5777.144,206,VISIBLE,24.55,6.60,0.12,2,England,L,PA
3813,6496012,6372382,5778.412,5780.314,1.902,5780.314,206,VISIBLE,36.97,19.23,0.00,2,England,L,PA
3813,6496022,6372266,5786.119,5786.119,0.000,5786.119,208,ESTIMATED,18.59,4.16,0.74,2,England,L,PA
3813,6496026,6372268,5787.955,5790.757,2.802,5790.757,208,VISIBLE,24.3,10.11,0.00,2,England,L,PA
3813,6496028,6372270,5791.191,5791.191,0.000,5791.191,208,VISIBLE,26.33,8.15,0.00,2,England,L,PA
3813,6496029,6372272,5791.859,5792.960,1.101,5792.960,208,VISIBLE,24.22,1.67,0.00,2,England,L,PA
3813,6496039,6372282,5795.462,5795.462,0.000,5795.462,208,VISIBLE,18.95,-12.32,0.02,2,England,L,PA
3813,6496042,6372285,5797.297,5799.600,2.303,5799.600,208,VISIBLE,6.99,-19.82,0.00,2,England,L,PA
3813,6496069,6372313,5815.883,5815.883,0.000,5815.883,209,ESTIMATED,5.91,-25.70,2.05,2,England,L,PA
3813,6496071,6372314,5816.750,5817.484,0.734,5817.484,209,VISIBLE,7.54,-19.94,0.00,2,England,L,PA
3813,6496075,6372318,5818.252,5819.987,1.735,5819.987,209,ESTIMATED,9.43,-8.74,0.22,2,England,L,PA
3813,6496081,6372325,5825.192,5825.192,0.000,5825.192,209,VISIBLE,6.59,6.33,0.00,2,England,L,PA
3813,6496085,6372329,5826.460,5828.996,2.536,5828.996,209,VISIBLE,-0.26,4.61,0.17,2,England,L,PA
3813,6496087,6372331,5829.396,5829.396,0.000,5829.396,209,VISIBLE,1.34,4.85,0.27,2,England,L,PA
3813,6496089,6372335,5830.430,5831.899,1.469,5831.899,209,VISIBLE,-0.28,0.67,0.43,2,England,L,PA
3813,6496092,6372338,5833.233,5835.936,2.703,5835.936,209,VISIBLE,10.93,-25.67,0.00,2,England,L,PA
3813,6496097,6372343,5837.104,5838.438,1.334,5838.438,209,VISIBLE,11.55,-27.21,0.04,2,England,L,PA
3813,6496100,6372347,5839.373,5840.407,1.034,5840.407,209,VISIBLE,11.29,-25.66,0.00,2,England,L,PA
3813,6496103,6372350,5841.175,5846.413,5.238,5846.413,209,VISIBLE,6.48,-10.38,0.00,2,England,L,PA
3813,6496109,6372356,5847.681,5849.116,1.435,5849.116,209,VISIBLE,3.49,16.45,0.30,2,England,L,PA
3813,6496170,6372415,6014.982,6014.982,0.000,6014.982,211,ESTIMATED,9.08,29.88,2.87,2,England,L,PA
3813,6496179,6372426,6016.283,6016.283,0.000,6016.283,211,ESTIMATED,16.85,21.17,3.20,2,England,L,PA
3813,6496188,6372435,6017.417,6018.285,0.868,6018.285,211,ESTIMATED,14.16,11.82,1.23,2,England,L,PA
3813,6496193,6372438,6019.887,6023.690,3.803,6023.690,211,VISIBLE,16.05,8.51,0.18,2,England,L,PA
3813,6496208,6372452,6028.762,6032.032,3.270,6032.032,213,VISIBLE,-1.33,-4.57,0.00,2,England,L,PA
3813,6496212,6372456,6032.499,6032.499,0.000,6032.499,213,VISIBLE,0.59,-3.61,0.01,2,England,L,PA
3813,6496215,6372459,6033.800,6033.800,0.000,6033.800,213,VISIBLE,-1.79,4.32,0.00,2,England,L,PA
3813,6496220,6372465,6035.402,6037.971,2.569,6037.971,213,ESTIMATED,9.98,11.11,0.09,2,England,L,PA
3813,6496223,6372467,6038.505,6038.505,0.000,6038.505,213,VISIBLE,8.73,11.96,0.00,2,England,L,PA
3813,6496226,6372470,6039.606,6040.140,0.534,6040.140,213,VISIBLE,0.55,8.79,0.00,2,England,L,PA
3813,6496228,6372472,6040.874,6041.475,0.601,6041.475,213,VISIBLE,-0.15,-0.73,0.00,2,England,L,PA
3813,6496232,6372476,6043.143,6046.413,3.270,6046.413,213,VISIBLE,3.21,-19.12,0.06,2,England,L,PA
3813,6496236,6372479,6047.915,6049.082,1.167,6049.082,213,VISIBLE,-13.49,-4.41,0.00,2,England,L,PA
3813,6496241,6372485,6050.584,6052.419,1.835,6052.419,213,VISIBLE,-2.64,19.15,0.00,2,England,L,PA
3813,6496244,6372488,6053.287,6053.287,0.000,6053.287,213,VISIBLE,5.73,18.96,0.00,2,England,L,PA
3813,6496250,6372494,6054.888,6057.357,2.469,6057.357,213,VISIBLE,-11.17,23.11,0.00,2,England,L,PA
3813,6496252,6372496,6058.592,6063.096,4.504,6063.096,213,VISIBLE,-18.92,12.64,0.00,2,England,L,PA
3813,6496258,6372504,6064.097,6064.097,0.000,6064.097,213,VISIBLE,-10.65,15.24,0.00,2,England,L,PA
3813,6496259,6372505,6065.632,6067.467,1.835,6067.467,213,VISIBLE,-22.59,22.52,0.00,2,England,L,PA
3813,6496266,6372511,6070.537,6071.839,1.302,6071.839,213,VISIBLE,-36.95,-2.04,0.04,2,England,L,PA
3813,6496273,6372519,6072.940,6072.940,0.000,6072.940,213,VISIBLE,-27.71,-3.46,0.18,2,England,L,PA
3813,6496277,6372523,6075.275,6076.210,0.935,6076.210,213,VISIBLE,-27.28,-26.41,0.23,2,England,L,PA
3813,6496282,6372530,6077.211,6079.513,2.302,6079.513,213,VISIBLE,1.1,-7.68,0.20,2,England,L,PA
3813,6496624,6372896,6083.984,6087.421,3.437,6087.421,213,VISIBLE,41.54,16.25,0.12,2,England,L,PA
3813,6497431,6373736,6094.061,6094.094,0.033,6094.094,213,VISIBLE,34.29,-17.68,0.00,2,England,L,PA
3813,6496311,6372562,6094.962,6096.763,1.801,6096.763,213,ESTIMATED,27.14,-17.70,0.18,2,England,L,PA
3813,6496316,6372567,6097.364,6098.332,0.968,6098.332,213,VISIBLE,33.64,-8.81,0.46,2,England,L,PA
3813,6496373,6372624,6171.405,6174.842,3.437,6174.842,216,VISIBLE,-14.05,-7.87,0.08,2,England,L,PA
3813,6496378,6372629,6176.977,6176.977,0.000,6176.977,216,VISIBLE,-18.62,-25.33,0.00,2,England,L,PA
3813,6496380,6372631,6178.312,6179.046,0.734,6179.046,216,VISIBLE,-9.51,-30.38,0.00,2,England,L,PA
3813,6496385,6372636,6179.847,6179.847,0.000,6179.847,216,VISIBLE,-3.64,-29.44,0.00,2,England,L,PA
3813,6496389,6372640,6180.914,6180.914,0.000,6180.914,216,VISIBLE,-0.89,-30.70,0.00,2,England,L,PA
3813,6496396,6372648,6184.585,6184.585,0.000,6184.585,218,ESTIMATED,-2.6,-20.38,0.75,2,England,L,PA
3813,6496407,6372663,6185.219,6186.153,0.934,6186.153,218,VISIBLE,2.77,-23.60,0.00,2,England,L,PA
3813,6496413,6372671,6187.254,6191.792,4.538,6191.792,218,VISIBLE,8.79,-1.80,0.03,2,England,L,PA
3813,6496425,6372684,6192.292,6192.292,0.000,6192.292,218,VISIBLE,12.14,1.68,0.04,2,England,L,PA
3813,6496451,6372708,6193.327,6194.962,1.635,6194.962,218,ESTIMATED,3.41,8.71,0.40,2,England,L,PA
3813,6496784,6373058,6195.729,6195.729,0.000,6195.729,218,VISIBLE,4.01,13.70,0.00,2,England,L,PA
3813,6496791,6373065,6196.296,6197.698,1.402,6197.698,218,VISIBLE,7.22,7.98,0.03,2,England,L,PA
3813,6496800,6373076,6198.599,6201.935,3.336,6201.935,218,ESTIMATED,31.24,13.08,0.15,2,England,L,PA
3813,6496829,6373106,6223.624,6223.624,0.000,6223.624,219,VISIBLE,19.95,2.35,0.00,2,England,L,PA
3813,6496833,6373111,6224.458,6230.097,5.639,6230.097,219,VISIBLE,20.22,-1.24,0.00,2,England,L,PA
3813,6496835,6373113,6231.431,6231.431,0.000,6231.431,219,ESTIMATED,14.55,11.88,0.13,2,England,L,PA
3813,6496841,6373119,6232.099,6232.866,0.767,6232.866,219,VISIBLE,16.34,15.45,0.25,2,England,L,PA
3813,6496846,6373122,6234.268,6235.302,1.034,6235.302,219,VISIBLE,29.56,28.47,0.04,2,England,L,PA
3813,6496850,6373126,6237.104,6238.872,1.768,6238.872,219,VISIBLE,37.46,31.77,0.06,2,England,L,PA
3813,6496852,6373128,6239.306,6240.774,1.468,6240.774,219,VISIBLE,31.54,28.88,0.03,2,England,L,PA
3813,6496854,6373130,6241.208,6242.075,0.867,6242.075,219,VISIBLE,29.6,23.97,0.00,2,England,L,PA
3813,6496861,6373137,6242.676,6244.945,2.269,6244.945,219,VISIBLE,24.9,29.64,0.00,2,England,L,PA
3813,6496863,6373140,6246.513,6246.513,0.000,6246.513,219,VISIBLE,19.51,26.61,0.00,2,England,L,PA
3813,6496865,6373142,6247.247,6247.247,0.000,6247.247,219,VISIBLE,26.78,21.90,0.14,2,England,L,PA
3813,6496869,6373146,6248.048,6250.017,1.969,6250.017,219,VISIBLE,31.62,19.39,0.02,2,England,L,PA
3813,6496874,6373150,6250.918,6251.118,0.200,6251.118,219,VISIBLE,40.06,20.86,0.00,2,England,L,PA
3813,6496875,6373151,6251.952,6251.952,0.000,6251.952,219,VISIBLE,39.63,12.59,0.07,2,England,L,PA
3813,6496880,6373155,6255.422,6255.422,0.000,6255.422,219,VISIBLE,30.89,-8.17,0.15,2,England,L,PA
3813,6496884,6373160,6256.156,6256.723,0.567,6256.723,219,VISIBLE,29.08,-6.29,0.00,2,England,L,PA
3813,6496929,6373205,6281.782,6281.782,0.000,6281.782,222,VISIBLE,-12.82,24.40,0.42,2,England,L,PA
3813,6496948,6373223,6301.802,6301.802,0.000,6301.802,224,ESTIMATED,-15.29,28.84,0.40,2,England,L,PA
3813,6496950,6373225,6303.370,6306.473,3.103,6306.473,224,VISIBLE,-16.16,13.15,0.00,2,England,L,PA
3813,6496958,6373233,6308.709,6308.709,0.000,6308.709,224,VISIBLE,-11.93,-11.28,0.00,2,England,L,PA
3813,6496962,6373236,6310.210,6313.981,3.771,6313.981,224,VISIBLE,5.12,-25.83,0.00,2,England,L,PA
3813,6496965,6373239,6315.315,6316.149,0.834,6316.149,224,VISIBLE,-5.65,-12.58,0.00,2,England,L,PA
3813,6496968,6373242,6317.317,6318.852,1.535,6318.852,224,VISIBLE,-15.07,7.94,0.00,2,England,L,PA
3813,6496969,6373243,6319.753,6319.753,0.000,6319.753,224,VISIBLE,-11.73,15.62,0.00,2,England,L,PA
3813,6496974,6373248,6320.954,6322.523,1.569,6322.523,224,ESTIMATED,-10.19,-1.93,0.62,2,England,L,PA
3813,6496976,6373250,6324.625,6326.560,1.935,6326.560,224,ESTIMATED,9.21,-5.03,2.51,2,England,L,PA
3813,6497002,6373273,6360.327,6360.327,0.000,6360.327,226,ESTIMATED,4.02,-12.92,0.97,2,England,L,PA
3813,6497006,6373274,6361.495,6361.495,0.000,6361.495,226,ESTIMATED,5.92,-16.81,-0.15,2,England,L,PA
3813,6497009,6373277,6362.796,6362.796,0.000,6362.796,226,ESTIMATED,5.86,-27.53,0.16,2,England,L,PA
3813,6497012,6373280,6364.031,6364.031,0.000,6364.031,226,VISIBLE,3.02,-23.03,0.00,2,England,L,PA
3813,6497013,6373281,6365.165,6365.165,0.000,6365.165,226,VISIBLE,6.38,-29.14,0.00,2,England,L,PA
3813,6497017,6373286,6366.533,6367.534,1.001,6367.534,226,VISIBLE,1.76,-20.27,0.00,2,England,L,PA
3813,6497021,6373290,6368.702,6370.337,1.635,6370.337,226,VISIBLE,-0.81,-11.24,0.00,2,England,L,PA
3813,6497023,6373293,6371.338,6372.072,0.734,6372.072,226,VISIBLE,3.96,-18.04,0.06,2,England,L,PA
3813,6497026,6373296,6372.739,6372.739,0.000,6372.739,226,VISIBLE,8,-16.42,0.08,2,England,L,PA
3813,6497029,6373299,6373.507,6374.508,1.001,6374.508,226,VISIBLE,0.58,-15.77,0.02,2,England,L,PA
3813,6497036,6373305,6375.342,6376.310,0.968,6376.310,226,VISIBLE,-3.14,-2.13,0.00,2,England,L,PA
3813,6497038,6373307,6377.344,6377.344,0.000,6377.344,226,VISIBLE,-2.45,7.13,0.29,2,England,L,PA
3813,6497040,6373309,6378.512,6379.613,1.101,6379.613,226,VISIBLE,5.99,12.46,0.00,2,England,L,PA
3813,6497045,6373314,6381.014,6381.615,0.601,6381.615,226,VISIBLE,-4.55,19.10,0.02,2,England,L,PA
3813,6497048,6373317,6384.251,6384.251,0.000,6384.251,226,VISIBLE,-8.58,4.03,0.00,2,England,L,PA
3813,6497050,6373320,6387.020,6387.020,0.000,6387.020,226,VISIBLE,-11.01,-21.05,0.00,2,England,L,PA
3813,6497055,6373326,6387.988,6388.989,1.001,6388.989,226,VISIBLE,-12.48,-24.71,0.00,2,England,L,PA
3813,6497060,6373331,6391.625,6392.459,0.834,6392.459,226,VISIBLE,-35.93,-7.50,0.06,2,England,L,PA
3813,6497063,6373334,6393.493,6397.764,4.271,6397.764,226,ESTIMATED,-26.47,-1.54,0.79,2,England,L,PA
3813,6497068,6373345,6399.700,6402.903,3.203,6402.903,226,ESTIMATED,-14.79,-18.46,0.12,2,England,L,PA
3813,6497076,6373349,6403.470,6408.375,4.905,6408.375,226,ESTIMATED,-5.38,-27.96,0.00,2,England,L,PA
3813,6497078,6373351,6409.476,6409.476,0.000,6409.476,226,ESTIMATED,-6.66,-30.28,0.03,2,England,L,PA
3813,6497080,6373354,6410.377,6411.378,1.001,6411.378,226,VISIBLE,-10.4,-24.55,0.01,2,England,L,PA
3813,6497086,6373360,6413.413,6417.484,4.071,6417.484,226,VISIBLE,-20.46,-9.58,0.13,2,England,L,PA
3813,6497091,6373365,6419.486,6421.655,2.169,6421.655,226,VISIBLE,-14.13,14.48,0.00,2,England,L,PA
3813,6497094,6373367,6422.756,6422.756,0.000,6422.756,226,VISIBLE,-5.93,15.77,0.00,2,England,L,PA
3813,6497096,6373369,6424.157,6425.759,1.602,6425.759,226,VISIBLE,-15.77,9.53,0.00,2,England,L,PA
3813,6497099,6373372,6427.094,6427.094,0.000,6427.094,226,VISIBLE,-14.17,-2.14,0.00,2,England,L,PA
3813,6497101,6373375,6428.929,6428.929,0.000,6428.929,226,VISIBLE,-20.67,-14.69,0.00,2,England,L,PA
3813,6497104,6373378,6429.997,6430.731,0.734,6430.731,226,VISIBLE,-13.98,-22.43,0.00,2,England,L,PA
3813,6497106,6373381,6432.232,6433.634,1.402,6433.634,226,VISIBLE,-30.07,-5.43,0.00,2,England,L,PA
3813,6497108,6373383,6435.002,6436.236,1.234,6436.236,226,VISIBLE,-27.48,15.28,0.01,2,England,L,PA
3813,6497112,6373387,6437.337,6437.337,0.000,6437.337,226,VISIBLE,-11.46,15.77,0.04,2,England,L,PA
3813,6497114,6373390,6438.805,6438.805,0.000,6438.805,226,VISIBLE,-5.03,9.33,0.00,2,England,L,PA
3813,6497116,6373393,6442.743,6444.645,1.902,6444.645,226,VISIBLE,45.6,8.18,0.06,2,England,L,PA
3813,6497170,6373446,6524.057,6524.057,0.000,6524.057,228,ESTIMATED,2.76,13.74,9.01,2,England,L,PA
3813,6497205,6373486,6568.001,6571.638,3.637,6571.638,231,VISIBLE,-30.51,8.63,0.00,2,England,L,PA
3813,6497207,6373488,6572.539,6572.539,0.000,6572.539,231,VISIBLE,-31.32,16.12,0.00,2,England,L,PA
3813,6497208,6373489,6573.307,6574.041,0.734,6574.041,231,VISIBLE,-34.34,7.64,0.00,2,England,L,PA
3813,6497209,6373490,6574.575,6574.575,0.000,6574.575,231,VISIBLE,-35.23,5.81,0.02,2,England,L,PA
3813,6497221,6373505,6575.209,6576.443,1.234,6576.443,231,VISIBLE,-28.55,5.75,0.00,2,England,L,PA
3813,6497223,6373507,6577.144,6577.144,0.000,6577.144,231,VISIBLE,-25.08,10.24,0.00,2,England,L,PA
3813,6497224,6373508,6578.145,6578.145,0.000,6578.145,231,VISIBLE,-30.29,11.00,0.02,2,England,L,PA
3813,6497226,6373510,6579.012,6580.581,1.569,6580.581,231,VISIBLE,-19.28,18.56,0.03,2,England,L,PA
3813,6497227,6373511,6581.815,6583.217,1.402,6583.217,231,VISIBLE,-7.69,28.98,0.00,2,England,L,PA
3813,6497234,6373518,6590.324,6590.324,0.000,6590.324,232,ESTIMATED,-6.19,33.33,2.41,2,England,L,PA
3813,6497235,6373519,6591.525,6593.861,2.336,6593.861,232,VISIBLE,-11.52,24.07,0.00,2,England,L,PA
3813,6497239,6373523,6595.562,6597.397,1.835,6597.397,232,VISIBLE,-11.47,-6.95,0.00,2,England,L,PA
3813,6497241,6373525,6599.466,6600.300,0.834,6600.300,232,VISIBLE,-4,-28.96,0.00,2,England,L,PA
3813,6497243,6373526,6602.035,6603.670,1.635,6603.670,232,VISIBLE,-8.39,-10.52,0.02,2,England,L,PA
3813,6497245,6373528,6604.771,6606.406,1.635,6606.406,232,VISIBLE,-6.93,4.04,0.01,2,England,L,PA
3813,6497248,6373530,6607.207,6609.510,2.303,6609.510,232,VISIBLE,12.18,14.77,0.00,2,England,L,PA
3813,6497249,6373531,6610.744,6612.112,1.368,6612.112,232,VISIBLE,9.98,25.14,0.01,2,England,L,PA
3813,6497251,6373533,6613.280,6613.280,0.000,6613.280,232,VISIBLE,0.98,21.06,0.00,2,England,L,PA
3813,6497252,6373534,6614.348,6615.182,0.834,6615.182,232,VISIBLE,-1.85,11.71,0.00,2,England,L,PA
3813,6497254,6373536,6616.116,6618.318,2.202,6618.318,232,VISIBLE,4.8,-8.30,0.03,2,England,L,PA
3813,6497255,6373537,6619.186,6619.186,0.000,6619.186,232,VISIBLE,12.73,-18.49,0.00,2,England,L,PA
3813,6497257,6373539,6620.854,6620.854,0.000,6620.854,232,VISIBLE,6.32,-21.33,0.00,2,England,L,PA
3813,6497259,6373541,6622.222,6624.525,2.303,6624.525,232,VISIBLE,5.05,-28.05,0.00,2,England,L,PA
3813,6497260,6373543,6626.126,6626.727,0.601,6626.727,232,VISIBLE,-8.19,-17.59,0.01,2,England,L,PA
3813,6497262,6373545,6627.494,6627.494,0.000,6627.494,232,VISIBLE,-4.72,-13.75,0.00,2,England,L,PA
3813,6497263,6373546,6629.196,6630.697,1.501,6630.697,232,VISIBLE,-17.8,6.13,0.01,2,England,L,PA
3813,6497264,6373547,6631.932,6631.932,0.000,6631.932,232,VISIBLE,-15.68,17.39,0.00,2,England,L,PA
3813,6497266,6373549,6634.601,6634.601,0.000,6634.601,232,VISIBLE,-18.38,6.96,0.00,2,England,L,PA
3813,6497268,6373551,6635.602,6635.602,0.000,6635.602,232,VISIBLE,-14.34,2.85,0.00,2,England,L,PA
3813,6497269,6373552,6636.470,6638.238,1.768,6638.238,232,ESTIMATED,-18.32,5.09,0.28,2,England,L,PA
3813,6497271,6373554,6639.206,6639.206,0.000,6639.206,232,ESTIMATED,-22,13.19,0.40,2,England,L,PA
3813,6497273,6373556,6641.375,6641.375,0.000,6641.375,232,VISIBLE,-39.14,0.02,0.00,2,England,L,PA
3813,6497275,6373558,6643.744,6644.478,0.734,6644.478,232,VISIBLE,-32.69,-21.27,0.00,2,England,L,PA
3813,6497276,6373559,6646.180,6647.681,1.501,6647.681,232,VISIBLE,-18.53,-28.23,0.00,2,England,L,PA
3813,6497280,6373563,6648.749,6652.352,3.603,6652.352,232,VISIBLE,-26.38,-20.62,0.00,2,England,L,PA
3813,6497282,6373565,6653.420,6654.321,0.901,6654.321,232,VISIBLE,-18.59,-27.87,0.06,2,England,L,PA
3813,6497283,6373566,6655.255,6655.255,0.000,6655.255,232,ESTIMATED,-16.87,-23.94,0.98,2,England,L,PA
3813,6497288,6373574,6660.627,6662.462,1.835,6662.462,232,VISIBLE,4.54,-18.79,0.30,2,England,L,PA
3813,6497290,6373576,6663.897,6666.099,2.202,6666.099,232,VISIBLE,17.12,-30.85,0.11,2,England,L,PA
3813,6497291,6373577,6666.833,6668.468,1.635,6668.468,232,ESTIMATED,12.34,-18.17,1.19,2,England,L,PA
3813,6497293,6373579,6670.204,6671.171,0.967,6671.171,232,VISIBLE,6.67,11.09,0.35,2,England,L,PA
3813,6497295,6373581,6672.606,6674.374,1.768,6674.374,232,ESTIMATED,13.59,3.77,1.29,2,England,L,PA
3813,6497296,6373583,6676.210,6676.210,0.000,6676.210,232,ESTIMATED,35.01,-14.78,3.08,2,England,L,PA
3813,6497299,6373587,6679.346,6683.951,4.605,6683.951,232,ESTIMATED,42.19,-27.89,0.07,2,England,L,PA
3813,6497312,6373600,6710.143,6711.211,1.068,6711.211,234,ESTIMATED,-7.23,-15.72,0.94,2,England,L,PA
3813,6497313,6373601,6712.212,6714.114,1.902,6714.114,234,ESTIMATED,-3.14,-7.97,0.84,2,England,L,PA
3813,6497314,6373602,6716.517,6719.920,3.403,6719.920,234,VISIBLE,-3.42,12.37,0.26,2,England,L,PA
3813,6497315,6373603,6721.388,6723.790,2.402,6723.790,234,VISIBLE,-7.09,10.56,0.30,2,England,L,PA
3813,6497316,6373604,6724.958,6724.958,0.000,6724.958,234,VISIBLE,-13.54,16.01,0.24,2,England,L,PA
3813,6497317,6373605,6726.560,6727.528,0.968,6727.528,234,VISIBLE,-23.65,3.82,0.00,2,England,L,PA
3813,6497318,6373606,6729.263,6730.297,1.034,6730.297,234,VISIBLE,-23.52,-24.25,0.00,2,England,L,PA
3813,6497319,6373607,6731.098,6732.799,1.701,6732.799,234,VISIBLE,-13.39,-30.18,0.00,2,England,L,PA
3813,6497322,6373609,6746.914,6746.914,0.000,6746.914,235,VISIBLE,-13.42,-24.68,0.00,2,England,L,PA
3813,6497323,6373610,6747.948,6747.948,0.000,6747.948,235,VISIBLE,-14.75,-19.37,0.00,2,England,L,PA
3813,6497324,6373611,6749.783,6749.783,0.000,6749.783,235,VISIBLE,-22.81,-16.55,0.00,2,England,L,PA
3813,6497325,6373613,6751.084,6757.424,6.340,6757.424,235,ESTIMATED,15.99,15.60,0.15,2,England,L,PA
3813,6497326,6373614,6758.192,6760.360,2.168,6760.360,235,VISIBLE,19.16,21.13,0.51,2,England,L,PA
3813,6497328,6373616,6763.297,6765.899,2.602,6765.899,237,VISIBLE,17.05,7.94,0.00,2,England,L,PA
3813,6497329,6373617,6767.034,6768.402,1.368,6768.402,237,VISIBLE,19.25,-9.97,0.00,2,England,L,PA
3813,6497330,6373618,6768.869,6769.269,0.400,6769.269,237,VISIBLE,19.08,-14.28,0.00,2,England,L,PA
3813,6497331,6373619,6770.671,6772.306,1.635,6772.306,237,VISIBLE,23.12,-24.38,0.04,2,England,L,PA
3813,6497332,6373620,6773.941,6773.941,0.000,6773.941,237,VISIBLE,13.03,-21.95,0.03,2,England,L,PA
3813,6497334,6373622,6774.842,6774.842,0.000,6774.842,237,VISIBLE,11.14,-16.40,0.00,2,England,L,PA
3813,6497335,6373623,6775.542,6776.376,0.834,6776.376,237,VISIBLE,9.6,-19.94,0.00,2,England,L,PA
3813,6497336,6373625,6777.945,6779.146,1.201,6779.146,237,VISIBLE,-3.03,-10.64,0.00,2,England,L,PA
3813,6497337,6373626,6780.814,6782.082,1.268,6782.082,237,VISIBLE,-4.6,15.03,0.00,2,England,L,PA
3813,6497339,6373628,6783.283,6784.084,0.801,6784.084,237,VISIBLE,-4.91,19.59,0.03,2,England,L,PA
3813,6497341,6373630,6785.285,6785.285,0.000,6785.285,237,VISIBLE,-7.91,7.43,0.00,2,England,L,PA
3813,6497342,6373631,6787.721,6788.922,1.201,6788.922,237,VISIBLE,-25.24,-8.36,0.00,2,England,L,PA
3813,6497343,6373632,6791.091,6791.091,0.000,6791.091,237,VISIBLE,-41.08,6.47,0.00,2,England,L,PA
3813,6497344,6373633,6794.261,6794.261,0.000,6794.261,237,VISIBLE,-39.49,26.92,0.10,2,England,L,PA
3813,6497345,6373634,6794.995,6796.797,1.802,6796.797,237,VISIBLE,-38.49,31.05,0.00,2,England,L,PA
3813,6497346,6373635,6798.198,6798.198,0.000,6798.198,237,ESTIMATED,-45.57,28.25,0.80,2,England,L,PA
3813,6497347,6373636,6799.299,6799.299,0.000,6799.299,237,ESTIMATED,-28.6,30.49,1.17,2,England,L,PA
3813,6497357,6373647,6828.729,6828.729,0.000,6828.729,239,ESTIMATED,-33.52,6.51,2.94,2,England,L,PA
3813,6497358,6373648,6830.330,6830.330,0.000,6830.330,239,VISIBLE,-23.29,10.77,0.37,2,England,L,PA
3813,6497363,6373655,6832.266,6832.399,0.133,6832.399,239,VISIBLE,-17.09,15.77,0.00,2,England,L,PA
3813,6497364,6373656,6834.368,6836.837,2.469,6836.837,239,VISIBLE,9.26,20.09,0.41,2,England,L,PA
3813,6497368,6373661,6852.219,6852.219,0.000,6852.219,241,ESTIMATED,2.02,1.13,0.26,2,England,L,PA
3813,6497372,6373665,6863.230,6863.230,0.000,6863.230,243,ESTIMATED,-45.12,-10.29,1.80,2,England,L,PA
3813,6497373,6373666,6865.232,6866.934,1.702,6866.934,243,VISIBLE,-38.22,-16.95,0.29,2,England,L,PA
3813,6497374,6373744,6867.701,6871.872,4.171,6871.872,243,ESTIMATED,-8.39,-9.43,0.26,2,England,L,PA
3813,6497377,6373674,6894.928,6894.928,0.000,6894.928,244,ESTIMATED,12.25,-12.37,0.26,2,England,L,PA
3813,6497383,6373677,6957.291,6957.291,0.000,6957.291,247,ESTIMATED,-15.11,33.56,2.30,2,England,L,PA
3813,6497384,6373678,6958.458,6958.458,0.000,6958.458,247,ESTIMATED,-9.68,28.49,2.58,2,England,L,PA
3831,6539186,6417323,79.279,79.279,0.000,79.279,1,VISIBLE,-2.45,-0.05,0.00,1,England,R,PA
3831,6539192,6417330,80.547,84.585,4.038,84.585,1,VISIBLE,-14.95,1.64,0.00,1,England,R,PA
3831,6539194,6417332,86.019,87.888,1.869,87.888,1,VISIBLE,-21.91,14.18,0.00,1,England,R,PA
3831,6539199,6417337,89.156,94.828,5.672,94.828,1,VISIBLE,-21.96,-5.51,0.00,1,England,R,PA
3831,6539203,6417340,96.864,100.033,3.169,100.033,1,VISIBLE,-26.05,15.16,0.00,1,England,R,PA
3831,6539206,6417343,101.335,103.637,2.302,103.637,1,VISIBLE,-27.06,-2.39,0.00,1,England,R,PA
3831,6539208,6417345,105.172,107.508,2.336,107.508,1,VISIBLE,-29.13,6.82,0.00,1,England,R,PA
3831,6539209,6417346,108.509,111.278,2.769,111.278,1,VISIBLE,-28.65,-4.59,0.00,1,England,R,PA
3831,6539211,6417348,113.280,114.081,0.801,114.081,1,VISIBLE,-28.55,13.92,0.00,1,England,R,PA
3831,6539217,6417355,115.415,116.750,1.335,116.750,1,ESTIMATED,-21.48,30.26,0.76,1,England,R,PA
3831,6539234,6417370,140.173,140.173,0.000,140.173,3,ESTIMATED,29.34,31.62,4.67,1,England,R,PA
3831,6539235,6417371,141.008,141.008,0.000,141.008,3,VISIBLE,29.42,28.43,0.32,1,England,R,PA
3831,6539237,6417373,141.808,142.476,0.668,142.476,3,ESTIMATED,31.68,32.12,0.06,1,England,R,PA
3831,6539270,6417407,156.356,156.356,0.000,156.356,5,VISIBLE,-36.98,7.43,0.00,1,England,R,PA
3831,6539273,6417410,157.824,157.824,0.000,157.824,5,VISIBLE,-45.62,0.95,1.07,1,England,R,PA
3831,6539279,6417418,163.163,163.163,0.000,163.163,7,ESTIMATED,-15.12,21.03,4.67,1,England,R,PA
3831,6539397,6417536,267.167,267.167,0.000,267.167,12,ESTIMATED,-22.72,33.55,2.33,1,England,R,PA
3831,6539418,6417556,273.473,275.042,1.569,275.042,14,VISIBLE,-17.07,29.53,0.88,1,England,R,PA
3831,6539429,6417568,277.611,277.611,0.000,277.611,16,ESTIMATED,-10.89,20.96,3.68,1,England,R,PA
3831,6539478,6417621,317.351,317.351,0.000,317.351,18,ESTIMATED,-21.38,-20.32,1.85,1,England,R,PA
3831,6539484,6417626,320.387,320.387,0.000,320.387,18,VISIBLE,-15.76,3.56,0.05,1,England,R,PA
3831,6539490,6417631,322.122,323.390,1.268,323.390,18,VISIBLE,-24.46,21.00,0.00,1,England,R,PA
3831,6539495,6417635,325.893,327.861,1.968,327.861,18,VISIBLE,-4.35,29.31,0.00,1,England,R,PA
3831,6539499,6417640,329.496,332.132,2.636,332.132,18,VISIBLE,-28.88,20.79,0.00,1,England,R,PA
3831,6539508,6417648,334.201,334.835,0.634,334.835,18,VISIBLE,-35.7,-3.00,0.10,1,England,R,PA
3831,6539511,6417652,335.836,338.405,2.569,338.405,18,VISIBLE,-32.28,-9.06,0.31,1,England,R,PA
3831,6539518,6417659,340.574,344.678,4.104,344.678,18,VISIBLE,-35.91,10.52,0.01,1,England,R,PA
3831,6539523,6417664,346.146,347.681,1.535,347.681,18,VISIBLE,-27.04,-18.30,0.15,1,England,R,PA
3831,6539526,6417667,348.649,349.616,0.967,349.616,18,VISIBLE,-23.54,-30.50,0.34,1,England,R,PA
3831,6539558,6417701,364.064,364.064,0.000,364.064,19,ESTIMATED,-2.52,-29.82,-2.41,1,England,R,PA
3831,6539566,6417709,365.566,368.502,2.936,368.502,19,VISIBLE,-20.23,-8.84,0.00,1,England,R,PA
3831,6539571,6417714,370.137,372.172,2.035,372.172,19,VISIBLE,-25.04,1.73,0.00,1,England,R,PA
3831,6539579,6417723,373.373,378.879,5.506,378.879,19,VISIBLE,-18.93,-1.64,0.00,1,England,R,PA
3831,6539586,6417728,381.014,383.016,2.002,383.016,19,ESTIMATED,-12.43,35.01,0.00,1,England,R,PA
3831,6539590,6417732,384.685,386.787,2.102,386.787,19,VISIBLE,-29.41,8.46,0.00,1,England,R,PA
3831,6539595,6417737,388.088,391.825,3.737,391.825,19,VISIBLE,-30.1,-8.79,0.00,1,England,R,PA
3831,6539602,6417743,394.094,395.896,1.802,395.896,19,VISIBLE,-33.31,10.61,0.00,1,England,R,PA
3831,6539606,6417748,397.331,403.570,6.239,403.570,19,VISIBLE,-29.12,-15.76,0.00,1,England,R,PA
3831,6539612,6417754,404.371,405.205,0.834,405.205,19,ESTIMATED,-28.58,-8.02,0.34,1,England,R,PA
3831,6539615,6417759,406.507,408.976,2.469,408.976,19,VISIBLE,-24.2,15.79,0.00,1,England,R,PA
3831,6539684,6417825,477.945,477.945,0.000,477.945,21,VISIBLE,1.16,-29.09,0.36,1,England,R,PA
3831,6539691,6417833,478.846,479.746,0.900,479.746,21,VISIBLE,9.21,-31.83,0.95,1,England,R,PA
3831,6539773,6417908,539.373,539.373,0.000,539.373,23,VISIBLE,-11.49,-8.66,0.00,1,England,R,PA
3831,6539783,6417918,542.543,544.811,2.268,544.811,23,VISIBLE,-1.91,27.67,0.00,1,England,R,PA
3831,6539788,6417924,546.113,548.448,2.335,548.448,23,VISIBLE,1.01,31.51,0.03,1,England,R,PA
3831,6539792,6417928,550.184,551.618,1.434,551.618,23,VISIBLE,-15.7,19.35,0.00,1,England,R,PA
3831,6539798,6417935,552.286,553.153,0.867,553.153,23,VISIBLE,-10.95,23.99,0.08,1,England,R,PA
3831,6539801,6417939,555.455,555.455,0.000,555.455,23,VISIBLE,-19.97,11.74,0.00,1,England,R,PA
3831,6539805,6417943,557.491,558.725,1.234,558.725,23,VISIBLE,-16.58,-16.49,0.00,1,England,R,PA
3831,6539808,6417947,559.826,561.128,1.302,561.128,23,VISIBLE,-14.78,-27.96,0.02,1,England,R,PA
3831,6539812,6417952,562.529,564.264,1.735,564.264,23,VISIBLE,-26.12,-8.67,0.08,1,England,R,PA
3831,6539827,6417969,569.303,570.537,1.234,570.537,23,VISIBLE,-12.61,28.37,0.00,1,England,R,PA
3831,6539829,6417971,571.438,571.438,0.000,571.438,23,VISIBLE,-10.83,23.03,0.04,1,England,R,PA
3831,6539834,6417976,572.439,572.940,0.501,572.940,23,ESTIMATED,-2.02,31.27,1.33,1,England,R,PA
3831,6539841,6417984,574.474,574.474,0.000,574.474,23,ESTIMATED,-6.68,30.70,0.61,1,England,R,PA
3831,6539849,6417993,574.975,575.375,0.400,575.375,23,VISIBLE,-9.06,27.70,0.13,1,England,R,PA
3831,6539851,6417995,577.611,577.611,0.000,577.611,23,VISIBLE,-17.05,16.61,0.14,1,England,R,PA
3831,6539855,6417999,579.613,580.948,1.335,580.948,23,ESTIMATED,-13.42,-24.05,0.78,1,England,R,PA
3831,6539876,6418015,602.402,602.402,0.000,602.402,24,ESTIMATED,15.22,-37.60,1.47,1,England,R,PA
3831,6539886,6418027,604.705,604.705,0.000,604.705,24,VISIBLE,20.67,-30.45,0.12,1,England,R,PA
3831,6539902,6418042,610.777,613.514,2.737,613.514,24,VISIBLE,-17.88,-25.90,0.00,1,England,R,PA
3831,6539908,6418047,615.082,616.216,1.134,616.216,24,VISIBLE,-9.55,-16.15,0.00,1,England,R,PA
3831,6539909,6418049,617.251,617.251,0.000,617.251,24,VISIBLE,-2.87,-13.53,0.00,1,England,R,PA
3831,6539913,6418053,618.252,619.820,1.568,619.820,24,VISIBLE,-9.74,-14.65,0.00,1,England,R,PA
3831,6539921,6418061,620.721,622.956,2.235,622.956,24,VISIBLE,-7.48,-24.68,0.00,1,England,R,PA
3831,6539926,6418067,623.791,623.791,0.000,623.791,24,VISIBLE,6.94,-27.05,0.00,1,England,R,PA
3831,6539929,6418072,624.458,624.458,0.000,624.458,24,VISIBLE,10.38,-31.84,0.16,1,England,R,PA
3831,6539933,6418076,626.860,628.495,1.635,628.495,24,VISIBLE,34.55,-13.23,0.00,1,England,R,PA
3831,6539938,6418081,629.730,629.730,0.000,629.730,24,VISIBLE,44.68,-10.72,0.04,1,England,R,PA
3831,6539965,6418124,678.078,684.284,6.206,684.284,25,VISIBLE,48.39,12.09,0.00,1,England,R,PA
3831,6540013,6418161,732.466,732.466,0.000,732.466,27,ESTIMATED,-15.92,-11.74,2.22,1,England,R,PA
3831,6540020,6418167,734.635,734.635,0.000,734.635,27,ESTIMATED,-19.11,-23.53,0.19,1,England,R,PA
3831,6540024,6418171,736.336,736.336,0.000,736.336,27,ESTIMATED,-25.84,-20.24,0.88,1,England,R,PA
3831,6540025,6418172,737.171,737.171,0.000,737.171,27,ESTIMATED,-28.19,-24.47,0.42,1,England,R,PA
3831,6540031,6418178,739.439,742.309,2.870,742.309,27,VISIBLE,-43.56,-6.01,0.00,1,England,R,PA
3831,6540041,6418188,743.277,748.415,5.138,748.415,27,VISIBLE,-29.42,0.50,0.00,1,England,R,PA
3831,6540046,6418197,750.484,753.987,3.503,753.987,27,VISIBLE,-16.3,28.30,0.00,1,England,R,PA
3831,6540049,6418200,755.856,757.391,1.535,757.391,27,VISIBLE,-32.13,11.63,0.00,1,England,R,PA
3831,6540055,6418207,759.092,762.396,3.304,762.396,27,VISIBLE,-23.1,-17.79,0.08,1,England,R,PA
3831,6540057,6418210,764.198,765.566,1.368,765.566,27,VISIBLE,-33.36,5.40,0.00,1,England,R,PA
3831,6540062,6418214,766.300,767.367,1.067,767.367,27,VISIBLE,-33.41,4.82,0.00,1,England,R,PA
3831,6540065,6418216,769.069,772.372,3.303,772.372,27,VISIBLE,-25.55,-15.29,0.03,1,England,R,PA
3831,6540072,6418223,774.174,775.509,1.335,775.509,27,VISIBLE,-25.39,12.61,0.00,1,England,R,PA
3831,6540075,6418226,776.743,778.879,2.136,778.879,27,VISIBLE,-14.11,27.00,0.00,1,England,R,PA
3831,6540108,6418262,792.159,794.127,1.968,794.127,28,VISIBLE,-26.3,19.69,0.00,1,England,R,PA
3831,6540115,6418268,795.729,799.266,3.537,799.266,28,VISIBLE,-12.06,-14.73,0.00,1,England,R,PA
3831,6540126,6418278,803.670,804.538,0.868,804.538,28,ESTIMATED,-10.02,-12.88,0.26,1,England,R,PA
3831,6540131,6418283,806.406,807.608,1.202,807.608,28,VISIBLE,-13.87,13.74,0.05,1,England,R,PA
3831,6540135,6418288,808.675,809.943,1.268,809.943,28,VISIBLE,-3.29,29.48,0.00,1,England,R,PA
3831,6540143,6418301,810.711,815.148,4.437,815.148,28,VISIBLE,7.25,13.41,0.00,1,England,R,PA
3831,6540150,6418307,816.216,817.351,1.135,817.351,28,VISIBLE,18.38,-0.75,0.06,1,England,R,PA
3831,6540159,6418317,821.288,821.288,0.000,821.288,30,ESTIMATED,6.84,-6.16,3.53,1,England,R,PA
3831,6540230,6418404,844.411,844.411,0.000,844.411,34,ESTIMATED,-0.94,21.17,1.27,1,England,R,PA
3831,6540237,6418409,846.413,847.247,0.834,847.247,34,ESTIMATED,14.01,20.87,0.53,1,England,R,PA
3831,6540243,6418414,848.482,852.186,3.704,852.186,34,VISIBLE,29.04,21.12,0.04,1,England,R,PA
3831,6540247,6418418,852.819,854.221,1.402,854.221,34,VISIBLE,24.69,15.69,0.00,1,England,R,PA
3831,6540254,6418425,855.556,856.590,1.034,856.590,34,VISIBLE,21.89,-5.77,0.08,1,England,R,PA
3831,6540261,6418433,857.791,859.593,1.802,859.593,34,VISIBLE,29.58,-22.34,0.00,1,England,R,PA
3831,6540265,6418436,861.195,862.563,1.368,862.563,34,VISIBLE,20.35,-16.34,0.06,1,England,R,PA
3831,6540270,6418442,863.597,865.866,2.269,865.866,34,VISIBLE,17.64,5.26,0.00,1,England,R,PA
3831,6540278,6418449,866.867,869.236,2.369,869.236,34,VISIBLE,24.27,26.55,0.00,1,England,R,PA
3831,6540282,6418453,870.170,870.170,0.000,870.170,34,VISIBLE,25.03,28.68,0.05,1,England,R,PA
3831,6540286,6418456,871.371,872.706,1.335,872.706,34,VISIBLE,9.28,19.18,0.00,1,England,R,PA
3831,6540295,6418464,874.074,876.844,2.770,876.844,34,VISIBLE,18.07,-10.36,0.00,1,England,R,PA
3831,6540301,6418469,877.477,878.378,0.901,878.378,34,ESTIMATED,24.19,-10.64,0.85,1,England,R,PA
3831,6540306,6418474,879.780,880.747,0.967,880.747,34,VISIBLE,34.36,-29.03,0.02,1,England,R,PA
3831,6540311,6418480,882.950,882.950,0.000,882.950,34,VISIBLE,47.88,-12.56,0.52,1,England,R,PA
3831,6540332,6418507,888.889,888.889,0.000,888.889,36,ESTIMATED,12.89,3.58,5.85,1,England,R,PA
3831,6540339,6418514,892.125,894.294,2.169,894.294,36,VISIBLE,11.35,20.17,0.00,1,England,R,PA
3831,6540347,6418522,895.495,899.433,3.938,899.433,36,VISIBLE,28.37,26.17,0.00,1,England,R,PA
3831,6540353,6418528,900.234,901.969,1.735,901.969,36,VISIBLE,19.92,21.41,0.00,1,England,R,PA
3831,6540359,6418532,902.703,903.971,1.268,903.971,36,VISIBLE,12.25,15.15,0.00,1,England,R,PA
3831,6540362,6418535,905.472,907.241,1.769,907.241,36,VISIBLE,6.84,-11.21,0.00,1,England,R,PA
3831,6540367,6418539,909.009,909.009,0.000,909.009,36,VISIBLE,23.38,-29.58,0.31,1,England,R,PA
3831,6539261,6417397,985.052,985.052,0.000,985.052,40,VISIBLE,-26.22,6.75,0.18,1,England,R,PA
3831,6539265,6417402,986.453,988.789,2.336,988.789,40,VISIBLE,-7.53,-8.38,0.07,1,England,R,PA
3831,6539268,6417405,989.589,990.924,1.335,990.924,40,ESTIMATED,-6.49,-7.06,0.22,1,England,R,PA
3831,6539272,6417409,991.858,992.693,0.835,992.693,40,VISIBLE,-5.82,2.40,0.00,1,England,R,PA
3831,6539277,6417414,994.261,997.331,3.070,997.331,40,VISIBLE,-2.47,21.68,0.00,1,England,R,PA
3831,6539281,6417420,998.065,999.199,1.134,999.199,40,VISIBLE,-9.46,11.24,0.00,1,England,R,PA
3831,6539287,6417427,1000.534,1002.903,2.369,1002.903,40,VISIBLE,-6.05,-13.51,0.02,1,England,R,PA
3831,6539309,6417447,1003.937,1005.138,1.201,1005.138,40,ESTIMATED,12.03,-8.92,0.23,1,England,R,PA
3831,6539312,6417450,1006.039,1006.039,0.000,1006.039,40,ESTIMATED,17.37,-6.33,0.44,1,England,R,PA
3831,6539318,6417456,1006.773,1008.575,1.802,1008.575,40,ESTIMATED,20.1,6.06,0.21,1,England,R,PA
3831,6539322,6417461,1010.744,1012.579,1.835,1012.579,40,VISIBLE,36.26,28.14,0.13,1,England,R,PA
3831,6539329,6417467,1013.947,1014.948,1.001,1014.948,40,VISIBLE,42.72,20.50,0.07,1,England,R,PA
3831,6539332,6418741,1015.682,1019.520,3.838,1019.520,40,VISIBLE,34.86,16.53,0.05,1,England,R,PA
3831,6539375,6417514,1086.320,1086.320,0.000,1086.320,42,ESTIMATED,14.94,-6.87,4.32,1,England,R,PA
3831,6539471,6417609,1124.091,1124.091,0.000,1124.091,45,VISIBLE,3.67,-27.07,0.11,1,England,R,PA
3831,6539473,6417613,1125.325,1125.325,0.000,1125.325,45,VISIBLE,2.09,-23.36,0.28,1,England,R,PA
3831,6539479,6417622,1126.927,1131.031,4.104,1131.031,45,VISIBLE,-13.94,-10.93,0.00,1,England,R,PA
3831,6539483,6417625,1133.066,1133.066,0.000,1133.066,45,VISIBLE,-19.08,13.63,0.00,1,England,R,PA
3831,6539489,6417630,1134.201,1135.736,1.535,1135.736,45,VISIBLE,-10.59,28.27,0.01,1,England,R,PA
3831,6539494,6417634,1137.037,1138.071,1.034,1138.071,45,VISIBLE,1.33,28.93,0.00,1,England,R,PA
3831,6539497,6417638,1139.339,1140.574,1.235,1140.574,45,VISIBLE,-14.06,26.96,0.20,1,England,R,PA
3831,6539503,6417644,1143.043,1144.945,1.902,1144.945,45,VISIBLE,-29.66,-1.25,0.00,1,England,R,PA
3831,6539509,6417649,1146.680,1149.816,3.136,1149.816,45,VISIBLE,-22.02,-14.14,0.00,1,England,R,PA
3831,6539512,6417653,1151.051,1151.952,0.901,1151.952,45,VISIBLE,-13.33,-18.82,0.00,1,England,R,PA
3831,6539516,6417657,1152.819,1152.819,0.000,1152.819,45,VISIBLE,-10.88,-30.37,0.28,1,England,R,PA
3831,6539522,6417663,1154.755,1159.793,5.038,1159.793,45,VISIBLE,-27.98,-7.75,0.00,1,England,R,PA
3831,6539534,6417674,1166.700,1170.837,4.137,1170.837,45,VISIBLE,-39.95,0.25,0.00,1,England,R,PA
3831,6539537,6417678,1172.105,1174.141,2.036,1174.141,45,VISIBLE,-34.25,-10.99,0.00,1,England,R,PA
3831,6539541,6417682,1175.175,1175.175,0.000,1175.175,45,VISIBLE,-29.63,-4.14,0.00,1,England,R,PA
3831,6539545,6417686,1175.909,1178.645,2.736,1178.645,45,VISIBLE,-29.44,7.42,0.04,1,England,R,PA
3831,6539547,6417688,1179.579,1180.180,0.601,1180.180,45,VISIBLE,-24.64,23.78,0.00,1,England,R,PA
3831,6539552,6417695,1181.915,1182.549,0.634,1182.549,45,VISIBLE,-13.42,30.12,0.00,1,England,R,PA
3831,6539557,6417700,1183.283,1184.418,1.135,1184.418,45,VISIBLE,-15.48,21.73,0.40,1,England,R,PA
3831,6539561,6417704,1187.554,1187.554,0.000,1187.554,45,ESTIMATED,-11.91,-20.43,0.17,1,England,R,PA
3831,6539568,6417711,1189.656,1193.093,3.437,1193.093,45,VISIBLE,-18.61,-10.30,0.00,1,England,R,PA
3831,6539574,6417717,1194.127,1196.163,2.036,1196.163,45,VISIBLE,-22.19,-15.68,0.00,1,England,R,PA
3831,6539576,6417719,1196.963,1196.963,0.000,1196.963,45,ESTIMATED,-16.14,-13.20,0.69,1,England,R,PA
3831,6539578,6417722,1198.231,1198.231,0.000,1198.231,45,VISIBLE,-15.03,-28.44,0.00,1,England,R,PA
3831,6539605,6417746,1219.520,1221.021,1.501,1221.021,47,ESTIMATED,-28.56,-4.14,1.92,1,England,R,PA
3831,6539610,6417756,1223.123,1230.063,6.940,1230.063,47,VISIBLE,28.16,-21.64,0.00,1,England,R,PA
3831,6539620,6417763,1230.597,1231.732,1.135,1231.732,47,VISIBLE,24.99,-20.61,0.00,1,England,R,PA
3831,6539671,6417813,1250.250,1250.250,0.000,1250.250,49,ESTIMATED,-35.39,10.26,0.60,1,England,R,PA
3831,6539722,6417859,1278.745,1285.085,6.340,1285.085,51,VISIBLE,-27.14,24.04,0.00,1,England,R,PA
3831,6539727,6417863,1286.453,1290.457,4.004,1290.457,51,VISIBLE,-33.22,0.92,0.00,1,England,R,PA
3831,6539729,6417865,1291.391,1291.391,0.000,1291.391,51,VISIBLE,-25.51,4.39,0.00,1,England,R,PA
3831,6539736,6417872,1292.926,1300.400,7.474,1300.400,51,VISIBLE,-25.3,3.94,0.06,1,England,R,PA
3831,6539741,6417878,1302.236,1305.138,2.902,1305.138,51,VISIBLE,-16.31,30.31,0.00,1,England,R,PA
3831,6539746,6417882,1307.274,1310.911,3.637,1310.911,51,VISIBLE,-28.3,6.20,0.33,1,England,R,PA
3831,6539754,6417889,1312.279,1314.314,2.035,1314.314,51,ESTIMATED,8.66,-5.24,0.84,1,England,R,PA
3831,6539779,6417914,1327.227,1328.962,1.735,1328.962,53,VISIBLE,-14.99,-18.99,0.00,1,England,R,PA
3831,6539784,6417919,1330.197,1332.132,1.935,1332.132,53,ESTIMATED,5.88,-23.75,1.06,1,England,R,PA
3831,6539797,6417934,1334.501,1334.501,0.000,1334.501,55,VISIBLE,-2.87,-22.52,0.32,1,England,R,PA
3831,6539802,6417940,1335.569,1335.569,0.000,1335.569,55,ESTIMATED,-3.6,-16.13,0.99,1,England,R,PA
3831,6539816,6417958,1336.303,1337.371,1.068,1337.371,55,VISIBLE,-1.45,-19.88,0.12,1,England,R,PA
3831,6539820,6417962,1338.138,1338.572,0.434,1338.572,55,VISIBLE,-6.09,-26.30,0.00,1,England,R,PA
3831,6539823,6417965,1339.873,1341.608,1.735,1341.608,55,VISIBLE,1.07,-30.49,0.00,1,England,R,PA
3831,6539826,6417968,1342.342,1343.677,1.335,1343.677,55,ESTIMATED,-7.81,-25.52,0.14,1,England,R,PA
3831,6539832,6417974,1344.912,1347.548,2.636,1347.548,55,ESTIMATED,-8.99,-2.93,0.15,1,England,R,PA
3831,6539833,6417975,1348.382,1348.382,0.000,1348.382,55,VISIBLE,-5.4,-1.03,0.00,1,England,R,PA
3831,6539837,6417980,1349.917,1353.053,3.136,1353.053,55,VISIBLE,-13.67,-9.30,0.00,1,England,R,PA
3831,6539838,6417981,1353.754,1353.754,0.000,1353.754,55,VISIBLE,-13.11,-6.23,0.28,1,England,R,PA
3831,6539842,6417986,1354.288,1358.125,3.837,1358.125,55,VISIBLE,-17.69,-5.40,0.01,1,England,R,PA
3831,6539847,6417991,1359.059,1360.294,1.235,1360.294,55,VISIBLE,-11.46,-1.80,0.06,1,England,R,PA
3831,6539852,6417996,1362.196,1363.230,1.034,1363.230,55,VISIBLE,-4.53,26.03,0.00,1,England,R,PA
3831,6539858,6418002,1364.364,1365.466,1.102,1365.466,55,VISIBLE,9.36,33.08,0.00,1,England,R,PA
3831,6539863,6418005,1366.466,1368.235,1.769,1368.235,55,VISIBLE,-6.29,28.95,0.00,1,England,R,PA
3831,6539868,6418009,1370.070,1371.972,1.902,1371.972,55,VISIBLE,-14.05,6.05,0.00,1,England,R,PA
3831,6539878,6418018,1373.974,1375.108,1.134,1375.108,55,VISIBLE,-5.45,-16.95,0.00,1,England,R,PA
3831,6539882,6418023,1376.543,1378.178,1.635,1378.178,55,VISIBLE,-2.78,-26.13,0.00,1,England,R,PA
3831,6539884,6418025,1379.379,1380.113,0.734,1380.113,55,ESTIMATED,-10.49,-12.48,0.20,1,England,R,PA
3831,6539891,6418032,1381.348,1383.150,1.802,1383.150,55,VISIBLE,-11.9,3.34,0.00,1,England,R,PA
3831,6539893,6418034,1384.718,1386.019,1.301,1386.019,55,VISIBLE,-13.28,16.02,0.00,1,England,R,PA
3831,6539897,6418038,1387.187,1392.292,5.105,1392.292,55,VISIBLE,-17.19,4.46,0.00,1,England,R,PA
3831,6539900,6418040,1394.228,1395.529,1.301,1395.529,55,VISIBLE,-19.69,21.30,0.00,1,England,R,PA
3831,6539906,6418046,1397.030,1401.435,4.405,1401.435,55,VISIBLE,-13.05,-15.58,0.17,1,England,R,PA
3831,6539912,6418051,1402.169,1402.202,0.033,1402.202,55,ESTIMATED,0.01,-11.54,1.26,1,England,R,PA
3831,6539915,6418055,1403.503,1404.571,1.068,1404.571,55,VISIBLE,-2.17,-17.16,0.09,1,England,R,PA
3831,6539920,6418060,1405.772,1407.608,1.836,1407.608,55,VISIBLE,-8.4,-28.54,0.01,1,England,R,PA
3831,6539927,6418069,1409.843,1410.944,1.101,1410.944,55,VISIBLE,7.16,-31.73,0.19,1,England,R,PA
3831,6539946,6418089,1435.802,1435.802,0.000,1435.802,57,ESTIMATED,9.87,-31.63,1.44,1,England,R,PA
3831,6539954,6418106,1436.737,1441.675,4.938,1441.675,57,VISIBLE,5.72,-31.62,0.22,1,England,R,PA
3831,6539963,6418109,1442.710,1443.944,1.234,1443.944,57,VISIBLE,-1.42,-31.25,0.19,1,England,R,PA
3831,6539973,6418120,1445.980,1454.655,8.675,1454.655,57,VISIBLE,-5.89,-13.28,0.24,1,England,R,PA
3831,6539975,6418123,1455.556,1455.556,0.000,1455.556,57,VISIBLE,7.76,-13.52,0.56,1,England,R,PA
3831,6539997,6418144,1464.131,1466.601,2.470,1466.601,57,VISIBLE,-2.93,-0.73,0.65,1,England,R,PA
3831,6540014,6418162,1477.478,1478.946,1.468,1478.946,59,VISIBLE,21.4,15.03,0.44,1,England,R,PA
3831,6540027,6418174,1480.280,1486.453,6.173,1486.453,59,VISIBLE,-1.72,14.62,0.07,1,England,R,PA
3831,6540030,6418177,1487.621,1488.322,0.701,1488.322,59,VISIBLE,0.87,1.28,0.00,1,England,R,PA
3831,6540034,6418181,1489.022,1489.022,0.000,1489.022,59,VISIBLE,5.63,-0.54,0.04,1,England,R,PA
3831,6540040,6418187,1490.390,1492.159,1.769,1492.159,59,VISIBLE,0.36,0.20,0.28,1,England,R,PA
3831,6540070,6418221,1516.550,1516.550,0.000,1516.550,61,ESTIMATED,20.08,-32.81,3.36,1,England,R,PA
3831,6540222,6418394,1623.257,1623.257,0.000,1623.257,63,ESTIMATED,-44.78,-3.25,0.76,1,England,R,PA
3831,6540250,6418421,1643.944,1643.944,0.000,1643.944,65,VISIBLE,12.49,-32.42,0.34,1,England,R,PA
3831,6540262,6418434,1645.312,1650.184,4.872,1650.184,65,VISIBLE,2.83,-9.13,0.25,1,England,R,PA
3831,6540269,6418441,1651.585,1654.321,2.736,1654.321,65,VISIBLE,-1.27,2.10,0.00,1,England,R,PA
3831,6540275,6418446,1655.956,1657.257,1.301,1657.257,65,VISIBLE,-3.63,-5.93,0.84,1,England,R,PA
3831,6540280,6418451,1660.160,1660.160,0.000,1660.160,65,ESTIMATED,34.35,33.05,1.34,1,England,R,PA
3831,6540429,6418605,1778.111,1783.050,4.939,1783.050,71,ESTIMATED,-31.07,-0.76,0.83,1,England,R,PA
3831,6540439,6418612,1791.625,1791.658,0.033,1791.658,72,ESTIMATED,-9.83,-31.14,0.81,1,England,R,PA
3831,6540440,6418613,1793.393,1798.732,5.339,1798.732,72,VISIBLE,-15.93,-12.20,0.00,1,England,R,PA
3831,6540443,6418616,1799.833,1799.833,0.000,1799.833,72,VISIBLE,-6.88,-15.32,0.00,1,England,R,PA
3831,6540446,6418619,1801.068,1802.603,1.535,1802.603,72,VISIBLE,0.45,-31.06,0.03,1,England,R,PA
3831,6540449,6418621,1805.839,1806.773,0.934,1806.773,72,VISIBLE,4.08,5.65,0.00,1,England,R,PA
3831,6540452,6418625,1809.009,1811.745,2.736,1811.745,72,VISIBLE,28.06,26.65,0.00,1,England,R,PA
3831,6539314,6417453,1924.491,1924.491,0.000,1924.491,75,ESTIMATED,-13.16,22.20,3.43,1,England,R,PA
3831,6539319,6417457,1926.393,1927.427,1.034,1927.427,75,ESTIMATED,-13.85,15.65,1.59,1,England,R,PA
3831,6539320,6417458,1928.662,1928.662,0.000,1928.662,75,ESTIMATED,-11.76,23.42,1.62,1,England,R,PA
3831,6539368,6417505,1956.023,1956.623,0.600,1956.623,77,ESTIMATED,3.89,-21.37,0.16,1,England,R,PA
3831,6539384,6417522,1965.332,1965.332,0.000,1965.332,79,ESTIMATED,24.59,-13.25,0.90,1,England,R,PA
3831,6539390,6417528,1969.469,1970.771,1.302,1970.771,79,VISIBLE,-4.99,-18.34,0.00,1,England,R,PA
3831,6539394,6417532,1972.139,1973.640,1.501,1973.640,79,VISIBLE,-7.73,-16.16,0.00,1,England,R,PA
3831,6539396,6417535,1974.775,1976.143,1.368,1976.143,79,VISIBLE,-19.68,-21.56,0.00,1,England,R,PA
3831,6539401,6417539,1978.178,1981.415,3.237,1981.415,79,VISIBLE,-28.92,3.16,0.86,1,England,R,PA
3831,6539415,6417554,1987.688,1987.688,0.000,1987.688,81,ESTIMATED,1.16,18.60,1.36,1,England,R,PA
3831,6539498,6417639,2111.411,2111.411,0.000,2111.411,85,VISIBLE,19.39,-1.96,0.05,1,England,R,PA
3831,6539502,6417643,2111.845,2111.845,0.000,2111.845,85,VISIBLE,19.52,-3.06,0.00,1,England,R,PA
3831,6539510,6417651,2114.548,2114.548,0.000,2114.548,85,ESTIMATED,48.08,10.46,4.24,1,England,R,PA
3831,6539532,6417672,2125.125,2127.895,2.770,2127.895,87,VISIBLE,-0.7,29.14,0.03,1,England,R,PA
3831,6539546,6417687,2128.428,2129.830,1.402,2129.830,87,VISIBLE,-0.73,25.43,0.01,1,England,R,PA
3831,6539549,6417691,2131.231,2132.099,0.868,2132.099,87,VISIBLE,-4.12,14.07,0.00,1,England,R,PA
3831,6539554,6417697,2133.133,2134.835,1.702,2134.835,87,VISIBLE,-2.32,17.22,0.00,1,England,R,PA
3831,6539560,6417703,2137.571,2138.705,1.134,2138.705,87,VISIBLE,-8.01,3.86,0.00,1,England,R,PA
3831,6539564,6417707,2139.806,2143.177,3.371,2143.177,87,VISIBLE,-7.32,-5.83,0.00,1,England,R,PA
3831,6539567,6417710,2144.778,2144.778,0.000,2144.778,87,VISIBLE,-8.76,-20.49,0.03,1,England,R,PA
3831,6539572,6417715,2146.413,2147.481,1.068,2147.481,87,VISIBLE,-18.21,-11.18,0.00,1,England,R,PA
3831,6539580,6417724,2149.483,2154.788,5.305,2154.788,87,ESTIMATED,-10,-14.59,0.05,1,England,R,PA
3831,6539584,6417726,2155.556,2155.556,0.000,2155.556,87,VISIBLE,-12.03,-17.54,0.01,1,England,R,PA
3831,6539587,6417729,2156.890,2158.025,1.135,2158.025,87,ESTIMATED,-22.93,-13.89,0.20,1,England,R,PA
3831,6539591,6417733,2159.393,2165.666,6.273,2165.666,87,VISIBLE,-28.46,-5.80,0.00,1,England,R,PA
3831,6539599,6417740,2166.466,2174.975,8.509,2174.975,87,VISIBLE,-5.68,-30.14,0.02,1,England,R,PA
3831,6539603,6417744,2175.509,2176.243,0.734,2176.243,87,VISIBLE,-12.14,-27.56,0.00,1,England,R,PA
3831,6539608,6417750,2179.146,2181.415,2.269,2181.415,87,ESTIMATED,-19.29,-0.60,0.95,1,England,R,PA
3831,6539616,6417760,2188.222,2192.359,4.137,2192.359,87,VISIBLE,-10.36,-4.54,0.00,1,England,R,PA
3831,6539621,6417764,2193.293,2194.228,0.935,2194.228,87,VISIBLE,-3.03,0.57,0.02,1,England,R,PA
3831,6539624,6417766,2194.661,2195.696,1.035,2195.696,87,VISIBLE,-0.92,8.54,0.04,1,England,R,PA
3831,6539630,6417772,2196.930,2201.201,4.271,2201.201,87,VISIBLE,34.9,23.28,0.05,1,England,R,PA
3831,6539649,6417790,2206.540,2206.540,0.000,2206.540,87,ESTIMATED,46.91,6.35,6.28,1,England,R,PA
3831,6539657,6418020,2208.008,2209.510,1.502,2209.510,87,ESTIMATED,45.58,5.32,1.76,1,England,R,PA
3831,6539666,6417808,2211.645,2212.579,0.934,2212.579,87,VISIBLE,45.19,19.49,0.00,1,England,R,PA
3831,6539738,6417875,2259.793,2259.793,0.000,2259.793,90,ESTIMATED,-8.98,-18.61,1.50,1,England,R,PA
3831,6539857,6418001,2298.565,2298.565,0.000,2298.565,92,VISIBLE,-26.97,-25.80,0.00,1,England,R,PA
3831,6539859,6418003,2299.666,2299.666,0.000,2299.666,92,VISIBLE,-22.17,-21.03,0.00,1,England,R,PA
3831,6539865,6418007,2300.367,2300.367,0.000,2300.367,92,VISIBLE,-26.41,-21.43,0.00,1,England,R,PA
3831,6539867,6418008,2302.436,2305.372,2.936,2305.372,92,VISIBLE,-21.41,5.41,0.00,1,England,R,PA
3831,6539873,6418014,2306.607,2307.040,0.433,2307.040,92,VISIBLE,-21.64,19.84,0.00,1,England,R,PA
3831,6539881,6418022,2315.549,2315.549,0.000,2315.549,94,ESTIMATED,-30.07,28.51,2.18,1,England,R,PA
3831,6539888,6418029,2316.383,2317.651,1.268,2317.651,94,ESTIMATED,-34.99,26.64,1.57,1,England,R,PA
3831,6539889,6418030,2318.719,2318.719,0.000,2318.719,94,ESTIMATED,-38.33,25.91,2.60,1,England,R,PA
3831,6539968,6418114,2416.650,2416.650,0.000,2416.650,98,VISIBLE,-22.56,17.50,0.19,1,England,R,PA
3831,6539971,6418116,2418.719,2420.087,1.368,2420.087,98,VISIBLE,-28.55,4.35,0.00,1,England,R,PA
3831,6539974,6418122,2422.155,2425.292,3.137,2425.292,98,VISIBLE,-7.16,-31.59,0.00,1,England,R,PA
3831,6539980,6418128,2427.060,2432.666,5.606,2432.666,98,VISIBLE,-19.6,-10.40,0.00,1,England,R,PA
3831,6539985,6418133,2434.401,2434.401,0.000,2434.401,98,VISIBLE,-9.46,-15.39,0.00,1,England,R,PA
3831,6539988,6418136,2436.003,2436.703,0.700,2436.703,98,VISIBLE,-0.26,-28.76,0.27,1,England,R,PA
3831,6540011,6418158,2452.886,2452.886,0.000,2452.886,100,VISIBLE,-14.67,15.45,0.00,1,England,R,PA
3831,6540035,6418182,2462.496,2464.064,1.568,2464.064,102,VISIBLE,-35.02,-27.22,0.00,1,England,R,PA
3831,6540038,6418185,2465.499,2466.800,1.301,2466.800,102,ESTIMATED,-18.64,-31.20,0.00,1,England,R,PA
3831,6540044,6418194,2468.001,2469.636,1.635,2469.636,102,VISIBLE,2.96,-24.87,0.00,1,England,R,PA
3831,6540048,6418199,2470.771,2472.039,1.268,2472.039,102,VISIBLE,14.04,-29.93,0.03,1,England,R,PA
3831,6540052,6418203,2473.674,2476.910,3.236,2476.910,102,VISIBLE,17.67,-10.60,0.00,1,England,R,PA
3831,6540196,6418363,2652.853,2652.853,0.000,2652.853,107,ESTIMATED,14.91,-12.14,3.45,1,England,R,PA
3831,6540206,6418373,2655.389,2655.389,0.000,2655.389,109,ESTIMATED,3.88,-3.56,2.96,1,England,R,PA
3831,6540216,6418387,2658.025,2658.025,0.000,2658.025,109,ESTIMATED,15.85,-1.94,2.41,1,England,R,PA
3831,6540224,6418397,2659.326,2661.662,2.336,2661.662,109,VISIBLE,27.17,-12.62,0.00,1,England,R,PA
3831,6540228,6418401,2662.396,2662.629,0.233,2662.629,109,VISIBLE,30.18,-18.10,0.12,1,England,R,PA
3831,6540241,6418412,2665.332,2665.899,0.567,2665.899,111,VISIBLE,15.42,-9.62,0.09,1,England,R,PA
3831,6540244,6418415,2667.201,2668.535,1.334,2668.535,111,ESTIMATED,22.43,5.18,0.23,1,England,R,PA
3831,6540290,6418460,2701.869,2701.869,0.000,2701.869,113,VISIBLE,-7.92,-29.07,0.51,1,England,R,PA
3831,6540297,6418466,2703.871,2706.740,2.869,2706.740,113,VISIBLE,-10.3,2.81,0.00,1,England,R,PA
3831,6540302,6418470,2707.474,2708.008,0.534,2708.008,113,VISIBLE,-2.68,6.38,0.00,1,England,R,PA
3831,6540305,6418473,2709.843,2711.778,1.935,2711.778,113,VISIBLE,0.89,27.90,0.00,1,England,R,PA
3831,6540316,6418484,2712.980,2714.114,1.134,2714.114,113,VISIBLE,-5.7,19.39,0.00,1,England,R,PA
3831,6540321,6418490,2715.782,2719.119,3.337,2719.119,113,VISIBLE,-1.49,-16.03,0.00,1,England,R,PA
3831,6540325,6418499,2720.387,2721.321,0.934,2721.321,113,VISIBLE,16.3,-30.48,0.00,1,England,R,PA
3831,6540350,6418525,2729.997,2729.997,0.000,2729.997,113,VISIBLE,24.79,23.38,0.00,1,England,R,PA
3831,6540357,6418531,2731.164,2731.899,0.735,2731.899,113,VISIBLE,37.37,24.41,0.00,1,England,R,PA
3831,6540366,6418727,2732.633,2735.168,2.535,2735.168,113,ESTIMATED,48.16,10.18,0.64,1,England,R,PA
3831,6540389,6418563,2787.254,2787.254,0.000,2787.254,115,ESTIMATED,-3.98,31.36,2.16,1,England,R,PA
3831,6540394,6418568,2788.589,2794.428,5.839,2794.428,115,VISIBLE,-10.43,8.76,0.00,1,England,R,PA
3831,6540397,6418571,2795.762,2797.798,2.036,2797.798,115,VISIBLE,-17.39,3.74,0.00,1,England,R,PA
3831,6540400,6418574,2799.099,2799.733,0.634,2799.733,115,VISIBLE,-1.58,15.21,0.04,1,England,R,PA
3831,6540404,6418577,2801.268,2802.636,1.368,2802.636,115,VISIBLE,15.11,29.53,0.03,1,England,R,PA
3831,6540406,6418580,2803.937,2803.937,0.000,2803.937,115,VISIBLE,26.15,10.48,0.05,1,England,R,PA
3831,6539205,6417342,2941.842,2941.842,0.000,2941.842,119,ESTIMATED,-3.2,21.61,0.24,2,England,L,PA
3831,6539333,6417473,3061.395,3061.395,0.000,3061.395,123,ESTIMATED,11.31,-5.15,1.53,2,England,L,PA
3831,6539376,6417513,3087.554,3087.554,0.000,3087.554,127,ESTIMATED,1.14,-33.17,2.44,2,England,L,PA
3831,6539379,6417517,3088.755,3088.755,0.000,3088.755,127,ESTIMATED,11,-24.81,1.74,2,England,L,PA
3831,6539388,6417527,3091.959,3091.959,0.000,3091.959,129,VISIBLE,8.42,-24.82,0.00,2,England,L,PA
3831,6539392,6417530,3092.893,3092.893,0.000,3092.893,129,VISIBLE,1.99,-27.18,0.28,2,England,L,PA
3831,6539398,6417537,3095.996,3098.265,2.269,3098.265,129,VISIBLE,15.4,23.59,0.00,2,England,L,PA
3831,6539402,6417540,3099.299,3101.902,2.603,3101.902,129,VISIBLE,37.26,27.06,0.05,2,England,L,PA
3831,6539444,6417581,3152.920,3152.920,0.000,3152.920,131,VISIBLE,-45.22,4.49,0.71,2,England,L,PA
3831,6539458,6417596,3161.361,3162.162,0.801,3162.162,133,ESTIMATED,-2.3,24.65,0.64,2,England,L,PA
3831,6539462,6417600,3163.197,3165.499,2.302,3165.499,133,VISIBLE,8.56,28.76,0.00,2,England,L,PA
3831,6539466,6417605,3166.300,3168.268,1.968,3168.268,133,VISIBLE,9.67,11.51,0.00,2,England,L,PA
3831,6539474,6417617,3169.336,3171.572,2.236,3171.572,133,VISIBLE,6.45,1.33,0.00,2,England,L,PA
3831,6539485,6417627,3173.106,3175.442,2.336,3175.442,133,VISIBLE,1.84,15.35,0.01,2,England,L,PA
3831,6539491,6417632,3176.343,3177.744,1.401,3177.744,133,VISIBLE,19.33,23.66,0.05,2,England,L,PA
3831,6539496,6417636,3178.812,3181.215,2.403,3181.215,133,VISIBLE,31.25,28.81,0.00,2,England,L,PA
3831,6539501,6417642,3181.915,3185.452,3.537,3185.452,133,VISIBLE,27.42,25.93,0.00,2,England,L,PA
3831,6539517,6417658,3193.594,3193.594,0.000,3193.594,135,ESTIMATED,10.59,9.32,5.45,2,England,L,PA
3831,6539520,6417661,3196.496,3196.496,0.000,3196.496,135,VISIBLE,4.91,-8.36,0.00,2,England,L,PA
3831,6539528,6417668,3197.931,3201.768,3.837,3201.768,135,VISIBLE,-7.56,3.32,0.05,2,England,L,PA
3831,6539531,6417671,3202.836,3203.704,0.868,3203.704,135,VISIBLE,-11.1,16.23,0.00,2,England,L,PA
3831,6539535,6417676,3205.138,3207.174,2.036,3207.174,135,VISIBLE,3.8,28.53,0.00,2,England,L,PA
3831,6539555,6417698,3226.527,3226.527,0.000,3226.527,136,ESTIMATED,1.36,17.22,0.00,2,England,L,PA
3831,6539559,6417702,3227.861,3228.629,0.768,3228.629,136,VISIBLE,2.37,16.65,0.00,2,England,L,PA
3831,6539563,6417706,3229.897,3232.032,2.135,3232.032,136,VISIBLE,9.58,1.17,0.00,2,England,L,PA
3831,6539570,6417713,3233.634,3234.601,0.967,3234.601,136,VISIBLE,1.37,-10.35,0.00,2,England,L,PA
3831,6539575,6417718,3235.536,3237.404,1.868,3237.404,136,VISIBLE,-0.05,6.51,0.67,2,England,L,PA
3831,6539588,6417730,3239.606,3241.441,1.835,3241.441,136,VISIBLE,19.93,29.99,0.00,2,England,L,PA
3831,6539592,6417734,3242.509,3244.011,1.502,3244.011,136,VISIBLE,30.23,20.99,0.00,2,England,L,PA
3831,6539653,6417794,3290.324,3290.324,0.000,3290.324,139,ESTIMATED,-13.08,-30.85,1.58,2,England,L,PA
3831,6539655,6417796,3291.325,3291.325,0.000,3291.325,139,VISIBLE,-10.62,-24.52,0.54,2,England,L,PA
3831,6539660,6417801,3292.659,3292.659,0.000,3292.659,139,VISIBLE,-13.43,-29.86,0.00,2,England,L,PA
3831,6539680,6417821,3297.197,3298.699,1.502,3298.699,141,VISIBLE,-17.14,-6.10,0.00,2,England,L,PA
3831,6539704,6417844,3315.215,3315.215,0.000,3315.215,142,ESTIMATED,47.81,33.09,2.04,2,England,L,PA
3831,6539709,6417848,3316.149,3316.149,0.000,3316.149,142,ESTIMATED,47.75,30.08,1.69,2,England,L,PA
3831,6539713,6417851,3317.551,3317.551,0.000,3317.551,142,VISIBLE,44.98,30.97,0.16,2,England,L,PA
3831,6539730,6417866,3328.228,3328.228,0.000,3328.228,143,ESTIMATED,39.58,31.46,1.73,2,England,L,PA
3831,6539733,6417869,3329.763,3330.964,1.201,3330.964,143,VISIBLE,18.44,19.25,0.25,2,England,L,PA
3831,6539737,6417874,3333.033,3335.135,2.102,3335.135,143,VISIBLE,21.55,-0.88,0.34,2,England,L,PA
3831,6539753,6417888,3341.408,3341.408,0.000,3341.408,145,VISIBLE,-15.9,-22.42,0.27,2,England,L,PA
3831,6539757,6417893,3344.077,3345.812,1.735,3345.812,145,VISIBLE,-41.26,-6.66,1.00,2,England,L,PA
3831,6539765,6417900,3348.882,3351.418,2.536,3351.418,145,ESTIMATED,-5.09,22.04,0.00,2,England,L,PA
3831,6539771,6417906,3352.219,3352.920,0.701,3352.920,145,VISIBLE,-2.21,20.88,0.03,2,England,L,PA
3831,6539775,6417910,3354.154,3356.757,2.603,3356.757,145,VISIBLE,1.37,27.29,0.05,2,England,L,PA
3831,6539780,6417915,3358.292,3358.959,0.667,3358.959,145,VISIBLE,-10.47,21.07,0.00,2,England,L,PA
3831,6539781,6417916,3360.160,3360.160,0.000,3360.160,145,VISIBLE,-16.15,11.17,0.03,2,England,L,PA
3831,6539787,6417925,3361.295,3362.663,1.368,3362.663,145,VISIBLE,-12.22,5.80,0.00,2,England,L,PA
3831,6539795,6417931,3363.997,3367.534,3.537,3367.534,145,VISIBLE,-14.78,10.50,0.01,2,England,L,PA
3831,6539799,6417937,3368.602,3368.602,0.000,3368.602,145,ESTIMATED,1.06,7.81,1.52,2,England,L,PA
3831,6539846,6417990,3384.818,3385.919,1.101,3385.919,147,VISIBLE,-19.53,-27.20,0.00,2,England,L,PA
3831,6539901,6418041,3463.030,3464.231,1.201,3464.231,149,VISIBLE,-30.31,7.60,0.12,2,England,L,PA
3831,6539905,6418045,3465.499,3466.833,1.334,3466.833,149,VISIBLE,-20.52,10.50,0.00,2,England,L,PA
3831,6539911,6418050,3468.502,3472.172,3.670,3472.172,149,VISIBLE,-34,-2.62,0.00,2,England,L,PA
3831,6539914,6418054,3473.373,3474.408,1.035,3474.408,149,VISIBLE,-34.01,8.25,0.00,2,England,L,PA
3831,6539917,6418057,3475.375,3475.375,0.000,3475.375,149,ESTIMATED,-24.03,10.36,0.28,2,England,L,PA
3831,6539923,6418064,3476.944,3477.878,0.934,3477.878,149,VISIBLE,-25.21,29.96,0.01,2,England,L,PA
3831,6539924,6418071,3479.413,3479.413,0.000,3479.413,149,ESTIMATED,-16.66,31.03,0.08,2,England,L,PA
3831,6539931,6418074,3480.881,3480.881,0.000,3480.881,149,VISIBLE,-24.05,24.56,0.00,2,England,L,PA
3831,6539936,6418078,3481.682,3483.016,1.334,3483.016,149,VISIBLE,-24.53,11.90,0.41,2,England,L,PA
3831,6539942,6418093,3485.552,3487.421,1.869,3487.421,149,VISIBLE,-8.49,-17.31,0.10,2,England,L,PA
3831,6539958,6418104,3488.722,3493.360,4.638,3493.360,149,VISIBLE,17.96,-21.92,0.00,2,England,L,PA
3831,6539967,6418121,3494.294,3500.234,5.940,3500.234,149,VISIBLE,17.82,-30.24,0.00,2,England,L,PA
3831,6539976,6418125,3501.835,3503.804,1.969,3503.804,149,VISIBLE,0.91,-9.46,0.00,2,England,L,PA
3831,6539982,6418130,3505.038,3508.509,3.471,3508.509,149,VISIBLE,5.57,14.85,0.06,2,England,L,PA
3831,6539986,6418134,3509.910,3510.711,0.801,3510.711,149,VISIBLE,2.09,25.08,0.00,2,England,L,PA
3831,6539989,6418138,3512.045,3516.984,4.939,3516.984,149,VISIBLE,-3.27,13.35,0.05,2,England,L,PA
3831,6539995,6418143,3518.051,3519.186,1.135,3519.186,149,VISIBLE,1.73,30.72,0.00,2,England,L,PA
3831,6540000,6418146,3520.854,3526.360,5.506,3526.360,149,VISIBLE,-0.09,14.87,0.03,2,England,L,PA
3831,6540006,6418152,3527.294,3528.562,1.268,3528.562,149,ESTIMATED,17.92,21.17,0.08,2,England,L,PA
3831,6540010,6418156,3529.930,3530.864,0.934,3530.864,149,VISIBLE,28.5,30.56,0.19,2,England,L,PA
3831,6540021,6418168,3536.403,3536.403,0.000,3536.403,149,ESTIMATED,23.02,34.20,1.13,2,England,L,PA
3831,6540028,6418175,3538.272,3543.410,5.138,3543.410,149,VISIBLE,16.61,17.73,0.61,2,England,L,PA
3831,6540036,6418183,3546.513,3550.384,3.871,3550.384,149,VISIBLE,26.37,-29.13,0.01,2,England,L,PA
3831,6540042,6418190,3552.386,3554.988,2.602,3554.988,149,VISIBLE,10.41,-12.70,0.00,2,England,L,PA
3831,6540045,6418196,3556.490,3557.958,1.468,3557.958,149,VISIBLE,15.1,11.01,0.23,2,England,L,PA
3831,6540050,6418201,3560.194,3560.194,0.000,3560.194,151,ESTIMATED,26.21,15.50,6.47,2,England,L,PA
3831,6540138,6418291,3637.104,3637.104,0.000,3637.104,154,VISIBLE,-41.24,-5.53,0.00,2,England,L,PA
3831,6540142,6418295,3637.905,3637.905,0.000,3637.905,154,ESTIMATED,-41.55,-12.99,0.60,2,England,L,PA
3831,6540147,6418303,3639.673,3639.673,0.000,3639.673,154,ESTIMATED,-20.81,1.48,3.48,2,England,L,PA
3831,6540304,6418472,3758.892,3758.892,0.000,3758.892,158,ESTIMATED,-18.74,4.35,0.00,2,England,L,PA
3831,6540300,6418468,3760.093,3760.861,0.768,3760.861,158,VISIBLE,-18.41,0.38,0.00,2,England,L,PA
3831,6540310,6418478,3761.695,3761.695,0.000,3761.695,158,VISIBLE,-12.47,-2.03,0.02,2,England,L,PA
3831,6540318,6418485,3763.063,3764.331,1.268,3764.331,158,VISIBLE,-26.16,-6.65,0.00,2,England,L,PA
3831,6540319,6418496,3766.333,3767.334,1.001,3767.334,158,VISIBLE,-17.62,-27.56,0.05,2,England,L,PA
3831,6540330,6418504,3768.735,3770.671,1.936,3770.671,158,ESTIMATED,-29.84,-5.20,0.59,2,England,L,PA
3831,6539378,6417516,3940.574,3940.574,0.000,3940.574,166,ESTIMATED,-27.21,-17.86,2.71,2,England,L,PA
3831,6539628,6417770,4105.806,4105.806,0.000,4105.806,172,ESTIMATED,-19.37,10.07,0.00,2,England,L,PA
3831,6539637,6417779,4106.807,4113.981,7.174,4113.981,172,VISIBLE,-10.69,-5.89,0.00,2,England,L,PA
3831,6539645,6417786,4116.016,4117.150,1.134,4117.150,172,VISIBLE,-4.17,-30.88,0.09,2,England,L,PA
3831,6539650,6417791,4118.318,4119.086,0.768,4119.086,172,VISIBLE,8.26,-31.49,0.15,2,England,L,PA
3831,6539658,6417799,4120.020,4122.456,2.436,4122.456,172,VISIBLE,-10.28,-28.22,0.07,2,England,L,PA
3831,6539665,6417807,4123.790,4125.125,1.335,4125.125,172,VISIBLE,-28.66,-11.60,0.06,2,England,L,PA
3831,6539672,6417814,4127.060,4131.131,4.071,4131.131,172,VISIBLE,-8.01,13.53,0.03,2,England,L,PA
3831,6539678,6417820,4131.965,4131.965,0.000,4131.965,172,VISIBLE,-0.17,10.41,0.00,2,England,L,PA
3831,6539681,6417822,4133.100,4133.100,0.000,4133.100,172,VISIBLE,-3.36,3.45,0.00,2,England,L,PA
3831,6539688,6417830,4135.402,4139.540,4.138,4139.540,172,VISIBLE,12.93,-27.45,0.00,2,England,L,PA
3831,6539693,6417834,4140.407,4140.407,0.000,4140.407,172,VISIBLE,19.76,-29.98,0.03,2,England,L,PA
3831,6539710,6417849,4144.178,4147.915,3.737,4147.915,174,VISIBLE,-9.6,1.86,0.00,2,England,L,PA
3831,6539726,6417862,4149.116,4151.385,2.269,4151.385,174,VISIBLE,-5.28,15.01,0.00,2,England,L,PA
3831,6539740,6417877,4153.020,4154.922,1.902,4154.922,174,ESTIMATED,33.91,29.45,0.00,2,England,L,PA
3831,6539744,6417881,4157.758,4157.758,0.000,4157.758,174,VISIBLE,45.11,22.76,0.00,2,England,L,PA
3831,6539770,6417905,4163.530,4163.530,0.000,4163.530,176,ESTIMATED,28.84,22.34,9.78,2,England,L,PA
3831,6539778,6417913,4164.831,4166.200,1.369,4166.200,176,VISIBLE,36.07,16.90,0.09,2,England,L,PA
3831,6540001,6418147,4326.727,4326.727,0.000,4326.727,180,VISIBLE,-47.66,5.73,0.00,2,England,L,PA
3831,6540004,6418150,4327.594,4328.529,0.935,4328.529,180,VISIBLE,-46.55,15.10,0.35,2,England,L,PA
3831,6540012,6418159,4330.364,4335.168,4.804,4335.168,180,VISIBLE,-7.34,28.88,0.00,2,England,L,PA
3831,6540023,6418170,4336.403,4340.307,3.904,4340.307,180,VISIBLE,9.15,6.95,0.00,2,England,L,PA
3831,6540056,6418209,4348.282,4349.249,0.967,4349.249,180,ESTIMATED,25.84,0.88,2.78,2,England,L,PA
3831,6540059,6418212,4350.384,4350.384,0.000,4350.384,180,VISIBLE,17.75,-0.47,0.45,2,England,L,PA
3831,6540068,6418219,4351.752,4353.120,1.368,4353.120,180,VISIBLE,2.1,2.95,0.13,2,England,L,PA
3831,6540073,6418224,4354.087,4356.323,2.236,4356.323,180,VISIBLE,9.49,15.67,0.54,2,England,L,PA
3831,6540081,6418232,4357.558,4360.260,2.702,4360.260,180,ESTIMATED,25.96,29.38,-0.36,2,England,L,PA
3831,6540086,6418237,4361.628,4362.729,1.101,4362.729,180,VISIBLE,24.15,16.98,0.02,2,England,L,PA
3831,6540093,6418243,4363.830,4365.832,2.002,4365.832,180,VISIBLE,32.82,13.96,0.42,2,England,L,PA
3831,6540121,6418274,4375.442,4376.910,1.468,4376.910,182,VISIBLE,-25.33,-1.53,0.11,2,England,L,PA
3831,6540129,6418281,4378.445,4379.913,1.468,4379.913,182,VISIBLE,-9.84,16.40,0.00,2,England,L,PA
3831,6540137,6418290,4380.747,4384.218,3.471,4384.218,182,VISIBLE,-4.73,12.97,0.00,2,England,L,PA
3831,6540145,6418299,4384.985,4386.119,1.134,4386.119,182,VISIBLE,-6.35,2.61,0.00,2,England,L,PA
3831,6540152,6418309,4387.554,4389.189,1.635,4389.189,182,ESTIMATED,-6.01,-21.25,0.00,2,England,L,PA
3831,6540158,6418316,4390.290,4391.325,1.035,4391.325,182,VISIBLE,1.36,-29.90,0.00,2,England,L,PA
3831,6540165,6418324,4393.493,4395.696,2.203,4395.696,182,VISIBLE,-18.37,-6.85,0.04,2,England,L,PA
3831,6540170,6418330,4397.130,4399.867,2.737,4399.867,182,VISIBLE,-4.92,10.89,0.11,2,England,L,PA
3831,6540175,6418336,4400.767,4402.135,1.368,4402.135,182,ESTIMATED,2.4,-2.05,0.66,2,England,L,PA
3831,6540337,6418512,4519.653,4522.356,2.703,4522.356,185,VISIBLE,-32.02,-20.61,0.02,2,England,L,PA
3831,6540344,6418519,4524.591,4530.964,6.373,4530.964,185,VISIBLE,-20.91,10.39,0.00,2,England,L,PA
3831,6540352,6418527,4532.900,4534.301,1.401,4534.301,185,VISIBLE,-27.92,-3.57,0.03,2,England,L,PA
3831,6540360,6418533,4535.402,4536.637,1.235,4536.637,185,VISIBLE,-23.5,14.78,0.00,2,England,L,PA
3831,6540392,6418566,4538.138,4539.306,1.168,4539.306,185,VISIBLE,-18.7,24.84,0.00,2,England,L,PA
3831,6540375,6418547,4540.307,4548.849,8.542,4548.849,185,VISIBLE,-12.63,22.87,0.00,2,England,L,PA
3831,6540383,6418554,4549.716,4549.716,0.000,4549.716,185,VISIBLE,-12.53,29.63,0.01,2,England,L,PA
3831,6540398,6418572,4551.919,4554.021,2.102,4554.021,185,VISIBLE,-35.33,7.66,0.00,2,England,L,PA
3831,6540403,6418576,4556.390,4557.624,1.234,4557.624,185,VISIBLE,-22.33,-19.16,0.00,2,England,L,PA
3831,6540407,6418581,4558.759,4560.294,1.535,4560.294,185,VISIBLE,-34.73,-1.96,0.17,2,England,L,PA
3831,6540413,6418593,4561.595,4565.365,3.770,4565.365,185,VISIBLE,-15.82,12.05,0.30,2,England,L,PA
3831,6540445,6418618,4586.587,4586.587,0.000,4586.587,186,VISIBLE,5.42,-25.63,0.00,2,England,L,PA
3831,6540455,6418629,4587.454,4591.124,3.670,4591.124,186,VISIBLE,11.42,-30.44,0.00,2,England,L,PA
3831,6540461,6418637,4592.292,4595.362,3.070,4595.362,186,VISIBLE,19.59,-29.52,0.00,2,England,L,PA
3831,6540464,6418640,4596.463,4597.998,1.535,4597.998,186,VISIBLE,32.35,-29.57,0.06,2,England,L,PA
3831,6540467,6418643,4599.199,4600.267,1.068,4600.267,186,VISIBLE,48.31,-20.91,0.01,2,England,L,PA
3831,6540487,6418666,4607.107,4607.107,0.000,4607.107,188,VISIBLE,6.01,-23.55,0.06,2,England,L,PA
3831,6540491,6418669,4608.675,4609.476,0.801,4609.476,188,VISIBLE,18.82,-26.26,0.00,2,England,L,PA
3831,6540495,6418673,4610.744,4614.982,4.238,4614.982,188,VISIBLE,34.36,-22.46,0.00,2,England,L,PA
3831,6540501,6418680,4616.283,4616.283,0.000,4616.283,188,VISIBLE,31.62,-24.73,0.04,2,England,L,PA
3831,6540505,6418684,4617.217,4619.319,2.102,4619.319,188,VISIBLE,33.63,-29.81,0.00,2,England,L,PA
3831,6540507,6418686,4620.153,4621.788,1.635,4621.788,188,VISIBLE,21.11,-28.65,0.00,2,England,L,PA
3831,6540508,6418688,4622.723,4624.124,1.401,4624.124,188,VISIBLE,9.4,-12.73,0.00,2,England,L,PA
3831,6540509,6418689,4625.726,4627.694,1.968,4627.694,188,VISIBLE,11.34,12.40,0.00,2,England,L,PA
3831,6540510,6418691,4629.429,4630.764,1.335,4630.764,188,VISIBLE,27.88,21.81,0.04,2,England,L,PA
3831,6540511,6418692,4631.665,4631.665,0.000,4631.665,188,ESTIMATED,27.87,29.40,0.13,2,England,L,PA
3831,6540512,6418694,4635.469,4635.469,0.000,4635.469,188,VISIBLE,1.92,24.93,0.00,2,England,L,PA
3831,6540513,6418695,4637.070,4639.273,2.203,4639.273,188,VISIBLE,-6.56,3.61,0.00,2,England,L,PA
3831,6540514,6418698,4641.108,4642.242,1.134,4642.242,188,ESTIMATED,1.94,-31.30,0.00,2,England,L,PA
3831,6540515,6418699,4643.677,4645.879,2.202,4645.879,188,ESTIMATED,-18.56,2.43,0.13,2,England,L,PA
3831,6540516,6418700,4647.714,4655.689,7.975,4655.689,188,ESTIMATED,-8.53,17.68,0.64,2,England,L,PA
3831,6540522,6418706,4680.914,4680.914,0.000,4680.914,190,ESTIMATED,-16.6,-15.84,1.73,2,England,L,PA
3831,6540526,6418710,4689.823,4690.357,0.534,4690.357,192,VISIBLE,-21.74,-13.05,0.00,2,England,L,PA
3831,6540527,6418712,4691.258,4700.267,9.009,4700.267,192,VISIBLE,5.21,-2.62,0.00,2,England,L,PA
3831,6540528,6418713,4702.269,4706.306,4.037,4706.306,192,VISIBLE,35.31,-25.81,0.00,2,England,L,PA
3831,6540529,6418714,4707.274,4707.908,0.634,4707.908,192,VISIBLE,38.31,-28.32,0.45,2,England,L,PA
3831,6540530,6418715,4708.609,4709.409,0.800,4709.409,192,VISIBLE,37.46,-24.71,0.00,2,England,L,PA
3831,6540531,6418716,4710.177,4711.578,1.401,4711.578,192,VISIBLE,31.36,-30.88,0.57,2,England,L,PA
3831,6540532,6418717,4712.913,4714.515,1.602,4714.515,192,VISIBLE,18.14,-13.59,0.69,2,England,L,PA
3831,6539195,6417333,4721.622,4722.556,0.934,4722.556,192,VISIBLE,14,1.61,0.00,2,England,L,PA
3831,6539197,6417335,4724.258,4726.593,2.335,4726.593,192,VISIBLE,10.7,-19.45,0.14,2,England,L,PA
3831,6539201,6417338,4728.228,4729.963,1.735,4729.963,192,VISIBLE,1.61,-0.80,0.08,2,England,L,PA
3831,6539204,6417341,4730.864,4732.032,1.168,4732.032,192,VISIBLE,2.52,14.70,0.00,2,England,L,PA
3831,6539216,6417354,4733.700,4736.236,2.536,4736.236,192,VISIBLE,19.18,23.49,0.17,2,England,L,PA
3831,6539220,6417358,4737.170,4740.073,2.903,4740.073,192,VISIBLE,7.69,-1.53,0.08,2,England,L,PA
3831,6539224,6417362,4741.108,4742.409,1.301,4742.409,192,VISIBLE,8.04,-21.15,0.00,2,England,L,PA
3831,6539230,6417368,4744.211,4745.846,1.635,4745.846,192,VISIBLE,12.63,-31.11,0.00,2,England,L,PA
3831,6539238,6417374,4747.081,4748.215,1.134,4748.215,192,VISIBLE,-2.64,-27.21,0.01,2,England,L,PA
3831,6539242,6417378,4749.950,4753.187,3.237,4753.187,192,VISIBLE,-8.78,-0.12,0.03,2,England,L,PA
3831,6539249,6417385,4754.354,4755.823,1.469,4755.823,192,ESTIMATED,14.95,9.75,0.14,2,England,L,PA
3831,6539253,6417389,4758.158,4759.593,1.435,4759.593,192,VISIBLE,24.78,26.42,0.00,2,England,L,PA
3831,6539258,6417394,4760.794,4760.794,0.000,4760.794,192,ESTIMATED,34.46,27.06,0.37,2,England,L,PA
3831,6539280,6417419,4770.804,4770.804,0.000,4770.804,194,VISIBLE,7.39,12.32,0.00,2,England,L,PA
3831,6539285,6417425,4772.206,4772.206,0.000,4772.206,194,VISIBLE,20.37,3.79,0.35,2,England,L,PA
3831,6539291,6417431,4773.140,4775.776,2.636,4775.776,194,ESTIMATED,33.95,13.97,0.12,2,England,L,PA
3831,6539347,6417486,4907.808,4907.808,0.000,4907.808,196,ESTIMATED,-15.01,12.56,11.85,2,England,L,PA
3831,6539352,6417491,4910.844,4910.844,0.000,4910.844,196,ESTIMATED,6.58,12.24,2.78,2,England,L,PA
3831,6539395,6417534,4939.773,4941.608,1.835,4941.608,198,VISIBLE,-27.46,-26.55,0.22,2,England,L,PA
3831,6539400,6417538,4943.644,4945.913,2.269,4945.913,198,VISIBLE,-34.99,-10.16,0.00,2,England,L,PA
3831,6539406,6417544,4947.748,4951.485,3.737,4951.485,198,VISIBLE,-25.36,6.16,0.00,2,England,L,PA
3831,6539409,6417548,4953.687,4954.421,0.734,4954.421,198,VISIBLE,-19.11,-24.08,0.01,2,England,L,PA
3831,6539412,6417551,4956.290,4957.858,1.568,4957.858,198,VISIBLE,-36.11,-7.01,0.06,2,England,L,PA
3831,6539422,6417560,4964.364,4965.932,1.568,4965.932,198,VISIBLE,-37.21,-6.22,0.06,2,England,L,PA
3831,6539424,6417563,4967.534,4969.402,1.868,4969.402,198,VISIBLE,-33.74,10.82,0.00,2,England,L,PA
3831,6539428,6417567,4971.438,4972.238,0.800,4972.238,198,VISIBLE,-38.17,-14.61,0.00,2,England,L,PA
3831,6539432,6417570,4973.273,4974.607,1.334,4974.607,198,VISIBLE,-28.41,-27.31,0.00,2,England,L,PA
3831,6539450,6417586,4993.060,4993.060,0.000,4993.060,199,VISIBLE,-13.86,-26.62,0.03,2,England,L,PA
3831,6539452,6417589,4994.695,4996.029,1.334,4996.029,199,VISIBLE,-23.37,-7.58,0.32,2,England,L,PA
3831,6539455,6417593,4997.264,5000.100,2.836,5000.100,199,VISIBLE,-14.23,9.58,0.39,2,England,L,PA
3831,6539460,6417598,5002.402,5003.770,1.368,5003.770,199,ESTIMATED,10.39,-29.19,0.00,2,England,L,PA
3831,6539569,6417712,5053.854,5053.854,0.000,5053.854,202,VISIBLE,-4.24,-19.49,0.00,2,England,L,PA
3831,6539573,6417716,5055.288,5055.288,0.000,5055.288,202,VISIBLE,1.72,-23.55,0.00,2,England,L,PA
3831,6539577,6417720,5056.023,5057.024,1.001,5057.024,202,ESTIMATED,10.58,-16.72,0.21,2,England,L,PA
3831,6539585,6417727,5060.961,5060.961,0.000,5060.961,204,ESTIMATED,-17.94,-9.24,1.08,2,England,L,PA
3831,6539589,6417731,5062.496,5064.564,2.068,5064.564,204,VISIBLE,-13.09,-1.38,0.00,2,England,L,PA
3831,6539594,6417736,5065.832,5069.870,4.038,5069.870,204,VISIBLE,-14.47,-1.98,0.00,2,England,L,PA
3831,6539598,6417739,5071.304,5072.339,1.035,5072.339,204,VISIBLE,-9.89,-23.29,0.00,2,England,L,PA
3831,6539607,6417749,5073.940,5078.578,4.638,5078.578,204,VISIBLE,29.32,-13.72,0.00,2,England,L,PA
3831,6539611,6417753,5079.913,5081.882,1.969,5081.882,204,VISIBLE,26.4,6.46,0.00,2,England,L,PA
3831,6539614,6417758,5084.518,5085.252,0.734,5085.252,204,VISIBLE,29.09,23.51,0.00,2,England,L,PA
3831,6539701,6417842,5135.135,5135.135,0.000,5135.135,206,ESTIMATED,-33.91,-23.96,1.47,2,England,L,PA
3831,6539761,6417897,5184.351,5184.351,0.000,5184.351,207,ESTIMATED,-26.39,8.61,0.00,2,England,L,PA
3831,6539755,6417891,5187.521,5187.521,0.000,5187.521,207,VISIBLE,-23.93,3.52,0.00,2,England,L,PA
3831,6539767,6417902,5189.890,5189.890,0.000,5189.890,207,VISIBLE,-21.03,-21.42,0.00,2,England,L,PA
3831,6539786,6417922,5191.096,5192.330,1.234,5192.330,207,VISIBLE,-12.63,-31.74,0.00,2,England,L,PA
3831,6539790,6417927,5193.398,5194.232,0.834,5194.232,207,VISIBLE,-3.29,-31.93,0.00,2,England,L,PA
3831,6539796,6417932,5196.167,5197.369,1.202,5197.369,207,VISIBLE,-26.39,-17.30,0.00,2,England,L,PA
3831,6539803,6417941,5198.803,5205.210,6.407,5205.210,207,VISIBLE,-16.98,-3.48,0.15,2,England,L,PA
3831,6539806,6417945,5207.178,5207.178,0.000,5207.178,207,VISIBLE,-15.58,-21.56,0.18,2,England,L,PA
3831,6539810,6417950,5208.013,5209.214,1.201,5209.214,207,VISIBLE,-8.05,-30.77,0.08,2,England,L,PA
3831,6539813,6417953,5210.844,5210.844,0.000,5210.844,207,ESTIMATED,12.4,-20.27,1.94,2,England,L,PA
3831,6539856,6418000,5233.534,5238.605,5.071,5238.605,209,VISIBLE,15.48,-27.67,0.00,2,England,L,PA
3831,6539922,6418063,5333.333,5333.333,0.000,5333.333,213,ESTIMATED,-21.44,-20.92,3.74,2,England,L,PA
3831,6539928,6418070,5334.635,5334.635,0.000,5334.635,213,ESTIMATED,-8.09,-17.45,2.68,2,England,L,PA
3831,6539949,6418092,5341.442,5342.076,0.634,5342.076,215,VISIBLE,-7.92,-25.33,0.00,2,England,L,PA
3831,6539953,6418096,5343.110,5344.345,1.235,5344.345,215,VISIBLE,-19.25,-25.85,0.04,2,England,L,PA
3831,6539959,6418102,5345.580,5349.217,3.637,5349.217,215,VISIBLE,-30.43,-10.56,0.00,2,England,L,PA
3831,6539961,6418107,5351.652,5353.988,2.336,5353.988,215,ESTIMATED,-17.28,-16.07,0.23,2,England,L,PA
3831,6539964,6418110,5357.925,5357.925,0.000,5357.925,215,ESTIMATED,-36.17,14.96,0.05,2,England,L,PA
3831,6539970,6418115,5359.427,5362.330,2.903,5362.330,215,VISIBLE,-31.37,-7.72,0.13,2,England,L,PA
3831,6539972,6418119,5363.865,5364.966,1.101,5364.966,215,VISIBLE,-20.23,-22.72,0.30,2,England,L,PA
3831,6539977,6418126,5366.968,5372.506,5.538,5372.506,215,VISIBLE,-30.27,-9.02,0.28,2,England,L,PA
3831,6539981,6418129,5373.941,5375.743,1.802,5375.743,215,VISIBLE,-22.36,-28.45,0.10,2,England,L,PA
3831,6539987,6418135,5376.878,5378.312,1.434,5378.312,215,VISIBLE,-13.43,-31.98,0.14,2,England,L,PA
3831,6540009,6418155,5398.232,5398.232,0.000,5398.232,216,ESTIMATED,-2.13,-33.39,2.48,2,England,L,PA
3831,6540017,6418165,5399.733,5400.233,0.500,5400.233,216,VISIBLE,14.82,-28.39,0.13,2,England,L,PA
3831,6540032,6418179,5404.171,5404.171,0.000,5404.171,218,ESTIMATED,-10.08,-26.94,0.73,2,England,L,PA
3831,6540037,6418184,5406.006,5406.807,0.801,5406.807,218,VISIBLE,6.34,-30.96,0.00,2,England,L,PA
3831,6540323,6418762,5407.842,5410.377,2.535,5410.377,218,ESTIMATED,5.84,-12.59,0.40,2,England,L,PA
3831,6540051,6418204,5412.479,5417.284,4.805,5417.284,218,VISIBLE,30.94,-17.36,0.00,2,England,L,PA
3831,6540064,6418215,5418.151,5421.555,3.404,5421.555,218,VISIBLE,34.41,-14.53,0.00,2,England,L,PA
3831,6540164,6418323,5488.855,5494.328,5.473,5494.328,220,VISIBLE,-7.78,-13.80,0.25,2,England,L,PA
3831,6540218,6418390,5531.998,5532.032,0.034,5532.032,222,ESTIMATED,-42.42,-7.80,0.52,2,England,L,PA
3831,6540225,6418398,5534.534,5537.170,2.636,5537.170,222,VISIBLE,-43.97,-25.19,0.12,2,England,L,PA
3831,6540338,6418513,5591.358,5591.358,0.000,5591.358,224,ESTIMATED,5.02,33.14,1.36,2,England,L,PA
3831,6540341,6418516,5593.527,5593.527,0.000,5593.527,224,ESTIMATED,6.76,27.81,6.86,2,England,L,PA
3831,6540345,6418520,5594.728,5594.728,0.000,5594.728,224,ESTIMATED,13.57,29.23,0.93,2,England,L,PA
3831,6540454,6418628,5827.461,5827.461,0.000,5827.461,231,ESTIMATED,-14.48,27.58,3.64,2,England,L,PA
3831,6540459,6418635,5834.535,5834.535,0.000,5834.535,233,ESTIMATED,-6.95,27.37,2.38,2,England,L,PA
3846,6595400,6474463,182.482,182.482,0.000,182.482,2,ESTIMATED,-23.14,31.57,2.50,1,England,L,PA
3846,6595407,6474470,201.401,201.401,0.000,201.401,4,ESTIMATED,-22.7,34.41,3.43,1,England,L,PA
3846,6595425,6474491,222.756,222.756,0.000,222.756,6,ESTIMATED,19.94,28.72,1.85,1,England,L,PA
3846,6595431,6474497,224.358,225.859,1.501,225.859,6,VISIBLE,18.31,30.20,0.00,1,England,L,PA
3846,6595433,6474499,226.493,226.493,0.000,226.493,6,VISIBLE,19.28,25.37,0.00,1,England,L,PA
3846,6595443,6474509,241.108,241.108,0.000,241.108,8,ESTIMATED,-10.12,31.27,3.54,1,England,L,PA
3846,6595446,6474513,243.076,243.076,0.000,243.076,8,ESTIMATED,-14.37,25.57,2.83,1,England,L,PA
3846,6595447,6474515,244.411,244.411,0.000,244.411,8,ESTIMATED,-10.33,24.19,1.69,1,England,L,PA
3846,6595448,6474516,244.912,244.912,0.000,244.912,8,ESTIMATED,-7.87,24.22,0.94,1,England,L,PA
3846,6595465,6474533,269.570,269.570,0.000,269.570,10,VISIBLE,-22.1,25.84,0.00,1,England,L,PA
3846,6595470,6474538,271.572,277.144,5.572,277.144,10,VISIBLE,-2.62,-11.51,0.00,1,England,L,PA
3846,6595472,6474540,278.312,280.280,1.968,280.280,10,VISIBLE,4.29,-24.76,0.07,1,England,L,PA
3846,6595474,6474542,281.081,281.081,0.000,281.081,10,ESTIMATED,6.62,-22.55,1.21,1,England,L,PA
3846,6595476,6474544,282.115,283.183,1.068,283.183,10,VISIBLE,2.16,-24.26,0.01,1,England,L,PA
3846,6595478,6474546,283.984,284.551,0.567,284.551,10,VISIBLE,1.9,-17.63,0.00,1,England,L,PA
3846,6595480,6474550,285.686,286.486,0.800,286.486,10,VISIBLE,-5.85,-22.79,0.00,1,England,L,PA
3846,6595484,6474554,287.788,290.357,2.569,290.357,10,ESTIMATED,-12.06,11.97,0.12,1,England,L,PA
3846,6595486,6474557,291.725,293.093,1.368,293.093,10,ESTIMATED,-1.87,27.94,0.00,1,England,L,PA
3846,6595489,6474560,294.294,296.330,2.036,296.330,10,VISIBLE,-26.7,18.26,0.00,1,England,L,PA
3846,6595492,6474563,297.831,299.666,1.835,299.666,10,VISIBLE,-30.47,-5.80,0.00,1,England,L,PA
3846,6595496,6474567,300.868,304.338,3.470,304.338,10,VISIBLE,-15.78,-16.24,0.00,1,England,L,PA
3846,6595498,6474569,305.939,306.640,0.701,306.640,10,ESTIMATED,-0.93,-35.52,0.00,1,England,L,PA
3846,6595502,6474572,307.307,307.307,0.000,307.307,10,VISIBLE,3.14,-31.39,0.00,1,England,L,PA
3846,6595504,6474574,310.511,310.511,0.000,310.511,10,VISIBLE,-11.65,-22.45,0.00,1,England,L,PA
3846,6595508,6474578,311.979,314.181,2.202,314.181,10,VISIBLE,-21.23,-8.02,0.00,1,England,L,PA
3846,6595509,6474580,315.849,318.085,2.236,318.085,10,VISIBLE,-14.85,11.81,0.00,1,England,L,PA
3846,6595512,6474583,319.920,321.021,1.101,321.021,10,VISIBLE,-20.23,-2.40,0.00,1,England,L,PA
3846,6595513,6474584,322.155,324.057,1.902,324.057,10,VISIBLE,-13.08,-22.68,0.00,1,England,L,PA
3846,6595519,6474590,325.158,328.295,3.137,328.295,10,ESTIMATED,-14.41,-12.54,0.28,1,England,L,PA
3846,6595524,6474594,329.763,335.202,5.439,335.202,10,VISIBLE,3.23,15.67,0.00,1,England,L,PA
3846,6595525,6474596,335.969,335.969,0.000,335.969,10,VISIBLE,13.89,19.86,0.07,1,England,L,PA
3846,6595531,6474601,341.575,342.709,1.134,342.709,10,VISIBLE,-0.98,18.96,0.00,1,England,L,PA
3846,6595533,6474603,344.077,346.313,2.236,346.313,10,VISIBLE,7.99,-9.49,0.00,1,England,L,PA
3846,6595537,6474607,347.714,348.782,1.068,348.782,10,VISIBLE,20.3,-27.63,0.00,1,England,L,PA
3846,6595540,6474610,349.483,352.986,3.503,352.986,10,VISIBLE,31.92,-22.98,0.00,1,England,L,PA
3846,6595569,6474637,359.193,359.193,0.000,359.193,12,VISIBLE,17.15,-4.61,0.00,1,England,L,PA
3846,6595572,6474640,360.027,361.395,1.368,361.395,12,VISIBLE,17.26,-17.88,0.06,1,England,L,PA
3846,6595576,6474643,362.062,364.231,2.169,364.231,12,VISIBLE,9.46,-23.46,0.04,1,England,L,PA
3846,6595580,6474647,366.066,370.838,4.772,370.838,12,VISIBLE,-3.39,-7.65,0.26,1,England,L,PA
3846,6595586,6474653,376.009,378.111,2.102,378.111,12,ESTIMATED,12.05,-32.44,0.00,1,England,L,PA
3846,6595596,6474662,380.113,382.049,1.936,382.049,12,VISIBLE,-12.98,-9.74,0.00,1,England,L,PA
3846,6595599,6474665,383.417,390.457,7.040,390.457,12,VISIBLE,1.81,7.60,0.00,1,England,L,PA
3846,6595602,6474669,391.124,393.193,2.069,393.193,12,VISIBLE,1.33,-6.96,0.00,1,England,L,PA
3846,6595604,6474671,395.028,397.598,2.570,397.598,12,ESTIMATED,14.02,-31.09,0.00,1,England,L,PA
3846,6595606,6474673,398.398,398.398,0.000,398.398,12,VISIBLE,15.4,-31.85,0.00,1,England,L,PA
3846,6595610,6474676,400.033,402.769,2.736,402.769,12,VISIBLE,-6.6,-0.92,0.01,1,England,L,PA
3846,6595613,6474679,403.937,406.740,2.803,406.740,12,VISIBLE,-3.25,9.85,0.04,1,England,L,PA
3846,6595615,6474681,408.008,409.276,1.268,409.276,12,VISIBLE,-10.98,-3.12,0.00,1,England,L,PA
3846,6595621,6474689,410.744,412.713,1.969,412.713,12,ESTIMATED,-9.71,-23.79,0.00,1,England,L,PA
3846,6595626,6474693,413.780,417.284,3.504,417.284,12,VISIBLE,-30.77,-3.64,0.00,1,England,L,PA
3846,6595628,6474695,419.686,419.686,0.000,419.686,12,VISIBLE,-35.41,11.03,0.00,1,England,L,PA
3846,6595629,6474696,421.088,421.088,0.000,421.088,12,VISIBLE,-25.34,10.19,0.00,1,England,L,PA
3846,6595633,6474699,422.789,427.127,4.338,427.127,12,VISIBLE,-25.23,-11.58,0.00,1,England,L,PA
3846,6595635,6474701,428.762,432.666,3.904,432.666,12,ESTIMATED,-12.66,-27.02,0.00,1,England,L,PA
3846,6595637,6474703,434.668,438.572,3.904,438.572,12,ESTIMATED,-8.54,-9.22,1.37,1,England,L,PA
3846,6595662,6474723,485.419,485.419,0.000,485.419,14,ESTIMATED,19.19,-32.02,1.15,1,England,L,PA
3846,6595676,6474737,488.789,488.789,0.000,488.789,16,ESTIMATED,7.75,-15.85,1.43,1,England,L,PA
3846,6595679,6474740,490.824,490.824,0.000,490.824,16,ESTIMATED,-1.53,-8.03,1.36,1,England,L,PA
3846,6595708,6474771,495.696,495.696,0.000,495.696,18,VISIBLE,1.96,-10.60,0.00,1,England,L,PA
3846,6596721,6475760,517.918,517.918,0.000,517.918,20,ESTIMATED,3.39,-11.61,0.83,1,England,L,PA
3846,6595747,6474807,519.319,519.319,0.000,519.319,20,ESTIMATED,-1.12,-12.21,2.70,1,England,L,PA
3846,6595748,6474808,520.687,520.687,0.000,520.687,20,ESTIMATED,-10.45,-11.19,0.92,1,England,L,PA
3846,6595752,6474812,521.388,522.523,1.135,522.523,20,VISIBLE,-11.55,-14.81,0.00,1,England,L,PA
3846,6595757,6474817,523.790,524.291,0.501,524.291,20,VISIBLE,-16.06,-23.76,0.00,1,England,L,PA
3846,6595763,6474823,525.125,527.361,2.236,527.361,20,ESTIMATED,-4.56,-29.56,0.00,1,England,L,PA
3846,6595769,6474829,528.295,528.896,0.601,528.896,20,VISIBLE,4.09,-24.21,0.00,1,England,L,PA
3846,6595774,6474835,529.963,532.399,2.436,532.399,20,ESTIMATED,-5.11,-8.68,0.28,1,England,L,PA
3846,6595779,6474841,533.400,537.337,3.937,537.337,20,ESTIMATED,-2.92,13.96,0.19,1,England,L,PA
3846,6595782,6474844,538.405,540.140,1.735,540.140,20,VISIBLE,0.02,24.62,0.03,1,England,L,PA
3846,6595787,6474850,540.874,542.476,1.602,542.476,20,VISIBLE,4.35,15.37,0.00,1,England,L,PA
3846,6595791,6474855,544.411,545.746,1.335,545.746,20,VISIBLE,-6.14,-9.73,0.00,1,England,L,PA
3846,6595796,6474860,547.481,548.849,1.368,548.849,20,ESTIMATED,5.02,-29.94,0.00,1,England,L,PA
3846,6595806,6474868,550.284,561.195,10.911,561.195,20,ESTIMATED,-3.3,-17.24,1.49,1,England,L,PA
3846,6595810,6474874,562.663,562.663,0.000,562.663,20,VISIBLE,12.34,-30.56,0.04,1,England,L,PA
3846,6595872,6474924,603.770,603.770,0.000,603.770,23,ESTIMATED,16.82,32.21,2.24,1,England,L,PA
3846,6595929,6474980,624.458,628.929,4.471,628.929,25,VISIBLE,-37.02,-0.56,0.00,1,England,L,PA
3846,6595936,6474988,630.130,635.969,5.839,635.969,25,VISIBLE,-21.65,7.83,0.03,1,England,L,PA
3846,6595959,6475007,649.683,649.683,0.000,649.683,27,ESTIMATED,-6.31,29.66,3.45,1,England,L,PA
3846,6596022,6475067,688.355,688.355,0.000,688.355,29,ESTIMATED,-17.66,30.08,0.49,1,England,L,PA
3846,6596046,6475088,690.057,692.926,2.869,692.926,29,VISIBLE,-14.94,24.97,0.14,1,England,L,PA
3846,6596053,6475093,693.961,694.661,0.700,694.661,29,VISIBLE,-21.74,30.49,0.07,1,England,L,PA
3846,6596060,6475100,696.163,700.767,4.604,700.767,29,VISIBLE,-24.28,-0.86,0.00,1,England,L,PA
3846,6596071,6475112,703.537,704.004,0.467,704.004,29,VISIBLE,-18.64,-19.96,0.00,1,England,L,PA
3846,6596073,6475114,704.938,704.938,0.000,704.938,29,VISIBLE,-14.04,-17.20,0.00,1,England,L,PA
3846,6596085,6475125,706.807,710.110,3.303,710.110,29,VISIBLE,-18.92,0.77,0.00,1,England,L,PA
3846,6596088,6475128,710.978,710.978,0.000,710.978,29,VISIBLE,-17.77,10.19,0.00,1,England,L,PA
3846,6596098,6475138,712.079,713.847,1.768,713.847,29,VISIBLE,-17.69,7.86,0.05,1,England,L,PA
3846,6596105,6475145,714.948,717.184,2.236,717.184,29,ESTIMATED,-7,19.03,0.00,1,England,L,PA
3846,6596148,6475187,723.056,723.056,0.000,723.056,31,VISIBLE,5.92,6.49,0.02,1,England,L,PA
3846,6596157,6475199,723.957,725.025,1.068,725.025,31,VISIBLE,17.38,1.07,0.00,1,England,L,PA
3846,6596201,6475245,733.200,733.200,0.000,733.200,33,ESTIMATED,6.04,-4.85,1.56,1,England,L,PA
3846,6596211,6475256,734.434,735.302,0.868,735.302,33,ESTIMATED,3.2,-0.69,1.40,1,England,L,PA
3846,6596223,6475269,736.837,740.841,4.004,740.841,33,ESTIMATED,-7.36,-8.95,0.21,1,England,L,PA
3846,6596229,6475274,742.109,742.109,0.000,742.109,33,VISIBLE,-10.23,4.19,0.00,1,England,L,PA
3846,6596239,6475284,742.910,745.512,2.602,745.512,33,VISIBLE,-5.21,4.35,0.06,1,England,L,PA
3846,6596247,6475292,746.613,747.915,1.302,747.915,33,ESTIMATED,-9.71,-8.86,0.00,1,England,L,PA
3846,6596252,6475294,749.783,749.783,0.000,749.783,33,ESTIMATED,16.25,-28.46,0.44,1,England,L,PA
3846,6596256,6475298,750.551,750.551,0.000,750.551,33,ESTIMATED,15.95,-25.26,0.36,1,England,L,PA
3846,6596264,6475306,753.554,754.655,1.101,754.655,33,VISIBLE,15.99,-26.88,0.02,1,England,L,PA
3846,6596269,6475312,755.656,756.356,0.700,756.356,33,ESTIMATED,7.56,-26.71,0.00,1,England,L,PA
3846,6596280,6475323,757.224,758.625,1.401,758.625,33,VISIBLE,-0.34,-13.10,0.00,1,England,L,PA
3846,6596287,6475329,759.526,761.628,2.102,761.628,33,VISIBLE,-7.1,5.64,0.03,1,England,L,PA
3846,6596296,6475339,762.663,766.934,4.271,766.934,33,VISIBLE,-6.89,15.13,0.01,1,England,L,PA
3846,6596306,6475349,768.302,771.104,2.802,771.104,33,VISIBLE,-18.08,5.20,0.00,1,England,L,PA
3846,6596324,6475365,777.244,779.479,2.235,779.479,33,VISIBLE,18.57,-30.67,0.00,1,England,L,PA
3846,6596374,6475419,787.054,787.821,0.767,787.821,35,VISIBLE,13.51,28.92,0.00,1,England,L,PA
3846,6596407,6475447,789.690,792.226,2.536,792.226,35,VISIBLE,31.74,19.04,0.01,1,England,L,PA
3846,6596412,6475450,793.193,794.761,1.568,794.761,35,VISIBLE,45.84,24.38,0.00,1,England,L,PA
3846,6596434,6475470,801.335,801.335,0.000,801.335,35,ESTIMATED,12.57,19.12,0.87,1,England,L,PA
3846,6596441,6475478,802.102,802.102,0.000,802.102,35,VISIBLE,12.67,14.22,0.37,1,England,L,PA
3846,6596451,6475488,803.403,807.374,3.971,807.374,35,VISIBLE,-2.78,3.37,0.00,1,England,L,PA
3846,6596457,6475494,808.809,809.977,1.168,809.977,35,ESTIMATED,2.01,13.22,0.53,1,England,L,PA
3846,6596464,6475500,810.777,811.311,0.534,811.311,35,VISIBLE,-3.85,18.43,0.06,1,England,L,PA
3846,6596467,6475504,813.714,815.215,1.501,815.215,35,VISIBLE,-24.25,0.63,0.00,1,England,L,PA
3846,6596476,6475514,816.717,819.253,2.536,819.253,35,VISIBLE,-14.95,-12.06,0.00,1,England,L,PA
3846,6596484,6475522,820.120,820.621,0.501,820.621,35,VISIBLE,-9.09,-14.21,0.00,1,England,L,PA
3846,6596493,6475534,821.722,824.591,2.869,824.591,35,VISIBLE,-17.25,-10.43,0.00,1,England,L,PA
3846,6596498,6475540,825.792,826.827,1.035,826.827,35,ESTIMATED,-10.69,-17.31,0.36,1,England,L,PA
3846,6596505,6475545,828.495,831.164,2.669,831.164,35,VISIBLE,10.1,-30.34,0.01,1,England,L,PA
3846,6596512,6475552,832.165,835.736,3.571,835.736,35,VISIBLE,1.17,-9.54,0.12,1,England,L,PA
3846,6596520,6475557,837.304,838.939,1.635,838.939,35,ESTIMATED,4.27,15.10,0.00,1,England,L,PA
3846,6596526,6475564,840.774,842.910,2.136,842.910,35,VISIBLE,17.9,30.61,0.00,1,England,L,PA
3846,6596537,6475576,845.779,853.353,7.574,853.353,35,VISIBLE,-13.03,1.41,0.00,1,England,L,PA
3846,6596539,6475578,854.488,854.488,0.000,854.488,35,VISIBLE,-5.31,-6.89,0.05,1,England,L,PA
3846,6596545,6475585,856.256,857.291,1.035,857.291,35,VISIBLE,-16.12,-16.74,0.00,1,England,L,PA
3846,6596561,6475601,863.530,865.098,1.568,865.098,35,VISIBLE,-13.7,-12.40,0.46,1,England,L,PA
3846,6596578,6475616,871.772,871.772,0.000,871.772,37,ESTIMATED,-7.14,21.77,4.21,1,England,L,PA
3846,6596588,6475626,875.509,879.746,4.237,879.746,37,VISIBLE,-32.39,9.44,0.00,1,England,L,PA
3846,6596594,6475631,881.281,882.683,1.402,882.683,37,VISIBLE,-24.49,16.25,0.27,1,England,L,PA
3846,6596616,6475654,888.589,890.457,1.868,890.457,37,VISIBLE,-31.26,1.13,0.00,1,England,L,PA
3846,6596624,6475662,892.526,894.862,2.336,894.862,37,ESTIMATED,-41.61,-22.71,0.00,1,England,L,PA
3846,6596682,6475723,914.815,916.083,1.268,916.083,39,ESTIMATED,-38.22,-6.23,1.75,1,England,L,PA
3846,6596694,6475737,919.853,919.853,0.000,919.853,39,VISIBLE,-29.16,14.67,0.04,1,England,L,PA
3846,6596696,6475738,921.154,921.154,0.000,921.154,39,VISIBLE,-27.32,22.23,0.02,1,England,L,PA
3846,6596702,6475743,923.357,924.992,1.635,924.992,39,VISIBLE,-44.09,0.12,0.00,1,England,L,PA
3846,6596711,6475750,926.460,931.064,4.604,931.064,39,VISIBLE,-29.06,-15.87,0.00,1,England,L,PA
3846,6596731,6475770,933.233,943.844,10.611,943.844,39,VISIBLE,-11.11,6.11,0.07,1,England,L,PA
3846,6596737,6475775,944.678,945.679,1.001,945.679,39,VISIBLE,-8.37,16.59,0.09,1,England,L,PA
3846,6596746,6475783,947.047,947.047,0.000,947.047,39,VISIBLE,5.87,29.37,0.09,1,England,L,PA
3846,6596753,6475790,948.982,950.984,2.002,950.984,39,VISIBLE,-4.28,16.35,0.50,1,England,L,PA
3846,6596764,6475801,954.021,956.990,2.969,956.990,39,VISIBLE,26.48,-26.69,0.06,1,England,L,PA
3846,6596900,6475931,1070.170,1070.170,0.000,1070.170,43,ESTIMATED,1.9,24.68,0.00,1,England,L,PA
3846,6596896,6475927,1071.972,1071.972,0.000,1071.972,43,ESTIMATED,3.53,14.29,1.15,1,England,L,PA
3846,6595670,6474731,1078.779,1078.779,0.000,1078.779,43,VISIBLE,4.44,-32.17,0.00,1,England,L,PA
3846,6595674,6474735,1079.813,1081.315,1.502,1081.315,43,VISIBLE,1.08,-30.52,0.00,1,England,L,PA
3846,6595678,6474739,1082.382,1085.018,2.636,1085.018,43,VISIBLE,3.52,-18.62,0.25,1,England,L,PA
3846,6595704,6474767,1107.641,1107.641,0.000,1107.641,44,ESTIMATED,41.36,33.07,1.58,1,England,L,PA
3846,6595725,6474786,1111.311,1113.480,2.169,1113.480,46,VISIBLE,47.72,23.67,0.01,1,England,L,PA
3846,6595730,6474790,1114.348,1114.948,0.600,1114.948,46,VISIBLE,41,27.92,0.01,1,England,L,PA
3846,6595733,6474794,1116.016,1116.016,0.000,1116.016,46,VISIBLE,32.1,28.48,0.86,1,England,L,PA
3846,6595737,6474797,1117.751,1117.751,0.000,1117.751,46,ESTIMATED,19.53,18.11,0.86,1,England,L,PA
3846,6595744,6474805,1119.553,1122.523,2.970,1122.523,46,VISIBLE,5.05,13.68,0.07,1,England,L,PA
3846,6595746,6474806,1123.790,1125.092,1.302,1125.092,46,ESTIMATED,-0.65,1.11,0.00,1,England,L,PA
3846,6595750,6474810,1127.027,1130.464,3.437,1130.464,46,VISIBLE,9.96,-27.12,0.03,1,England,L,PA
3846,6595756,6474816,1132.232,1137.137,4.905,1137.137,46,VISIBLE,0.73,-6.70,0.00,1,England,L,PA
3846,6595762,6474822,1138.805,1143.944,5.139,1143.944,46,VISIBLE,7.75,3.61,0.00,1,England,L,PA
3846,6595765,6474825,1145.345,1146.847,1.502,1146.847,46,VISIBLE,1.31,-12.40,0.00,1,England,L,PA
3846,6595767,6474827,1148.782,1148.782,0.000,1148.782,46,VISIBLE,14.28,-30.82,0.00,1,England,L,PA
3846,6595770,6474830,1150.184,1150.184,0.000,1150.184,46,VISIBLE,9.51,-24.01,0.00,1,England,L,PA
3846,6595773,6474833,1151.118,1152.786,1.668,1152.786,46,VISIBLE,11.95,-27.33,0.19,1,England,L,PA
3846,6595777,6474839,1154.454,1154.454,0.000,1154.454,46,ESTIMATED,32.25,-13.88,1.88,1,England,L,PA
3846,6595789,6474853,1157.925,1157.925,0.000,1157.925,48,ESTIMATED,21.13,-18.90,0.14,1,England,L,PA
3846,6595823,6474884,1252.052,1252.052,0.000,1252.052,49,ESTIMATED,26.63,-13.50,0.13,1,England,L,PA
3846,6595826,6474886,1252.619,1252.619,0.000,1252.619,49,VISIBLE,27.89,-13.56,0.00,1,England,L,PA
3846,6595940,6474993,1321.889,1321.889,0.000,1321.889,52,ESTIMATED,11.1,-22.77,0.70,1,England,L,PA
3846,6595961,6475009,1330.230,1331.598,1.368,1331.598,54,VISIBLE,-21.35,10.70,0.00,1,England,L,PA
3846,6595965,6475011,1333.467,1334.735,1.268,1334.735,54,VISIBLE,-19.99,-6.60,0.00,1,England,L,PA
3846,6595971,6475019,1337.237,1337.237,0.000,1337.237,54,ESTIMATED,-12,-14.53,0.00,1,England,L,PA
3846,6595974,6475022,1338.772,1340.307,1.535,1340.307,54,VISIBLE,1.82,-30.04,0.00,1,England,L,PA
3846,6595981,6475029,1341.542,1343.744,2.202,1343.744,54,VISIBLE,-5.54,-19.07,0.11,1,England,L,PA
3846,6595990,6475037,1345.078,1346.713,1.635,1346.713,54,VISIBLE,-22.81,-16.29,0.00,1,England,L,PA
3846,6595994,6475041,1349.183,1350.184,1.001,1350.184,54,VISIBLE,-34.55,2.66,0.00,1,England,L,PA
3846,6596003,6475049,1351.552,1352.786,1.234,1352.786,54,ESTIMATED,-21.6,15.40,-0.54,1,England,L,PA
3846,6596008,6475053,1354.188,1354.188,0.000,1354.188,54,VISIBLE,-14.79,15.94,0.00,1,England,L,PA
3846,6596019,6475063,1357.124,1359.293,2.169,1359.293,54,VISIBLE,-29.6,3.17,0.00,1,England,L,PA
3846,6596031,6475076,1360.694,1361.762,1.068,1361.762,54,VISIBLE,-23.36,-14.13,0.00,1,England,L,PA
3846,6596039,6475082,1363.797,1363.797,0.000,1363.797,54,VISIBLE,-20.46,-3.28,0.00,1,England,L,PA
3846,6596045,6475087,1366.233,1367.434,1.201,1367.434,54,VISIBLE,-19.82,-18.53,0.00,1,England,L,PA
3846,6596055,6475095,1369.236,1374.341,5.105,1374.341,54,ESTIMATED,-33.9,-7.32,0.00,1,England,L,PA
3846,6596091,6475131,1381.748,1381.748,0.000,1381.748,56,ESTIMATED,-0.84,1.63,2.23,1,England,L,PA
3846,6596161,6475203,1426.693,1426.693,0.000,1426.693,59,VISIBLE,-19.69,18.42,0.39,1,England,L,PA
3846,6596171,6475212,1429.029,1430.464,1.435,1430.464,59,VISIBLE,-23.87,-10.27,0.36,1,England,L,PA
3846,6596179,6475221,1431.632,1432.933,1.301,1432.933,59,VISIBLE,-13.41,-29.46,0.23,1,England,L,PA
3846,6596190,6475238,1434.101,1436.670,2.569,1436.670,59,ESTIMATED,-1.12,-26.39,-0.07,1,England,L,PA
3846,6596213,6475258,1438.038,1440.908,2.870,1440.908,59,VISIBLE,5.9,6.94,0.00,1,England,L,PA
3846,6596218,6475264,1441.975,1441.975,0.000,1441.975,59,VISIBLE,20.93,19.44,0.19,1,England,L,PA
3846,6596231,6475276,1443.310,1445.479,2.169,1445.479,59,VISIBLE,26.69,27.79,0.00,1,England,L,PA
3846,6596241,6475286,1447.214,1448.248,1.034,1448.248,59,VISIBLE,24.72,23.26,0.03,1,England,L,PA
3846,6596263,6475305,1453.387,1454.454,1.067,1454.454,59,VISIBLE,14.08,17.32,0.00,1,England,L,PA
3846,6596266,6475308,1456.290,1456.290,0.000,1456.290,59,VISIBLE,8.72,-4.25,0.07,1,England,L,PA
3846,6596268,6475311,1457.157,1457.157,0.000,1457.157,59,VISIBLE,15.25,-5.31,0.00,1,England,L,PA
3846,6596274,6475317,1458.859,1459.927,1.068,1459.927,59,VISIBLE,18.6,-26.85,0.00,1,England,L,PA
3846,6596285,6475331,1460.961,1462.229,1.268,1462.229,59,VISIBLE,16.24,-28.08,0.03,1,England,L,PA
3846,6596297,6475340,1462.763,1463.397,0.634,1463.397,59,VISIBLE,18.42,-32.74,0.00,1,England,L,PA
3846,6596302,6475346,1465.232,1465.232,0.000,1465.232,59,ESTIMATED,30.1,-30.85,0.00,1,England,L,PA
3846,6596307,6475350,1466.066,1466.066,0.000,1466.066,59,VISIBLE,28.78,-20.36,0.00,1,England,L,PA
3846,6596341,6475381,1471.872,1474.842,2.970,1474.842,59,ESTIMATED,41.01,26.67,3.14,1,England,L,PA
3846,6596346,6475386,1476.476,1478.312,1.836,1478.312,59,VISIBLE,30.29,25.79,0.00,1,England,L,PA
3846,6596354,6475395,1479.646,1482.449,2.803,1482.449,59,VISIBLE,30.26,14.24,0.01,1,England,L,PA
3846,6596391,6475431,1501.802,1501.802,0.000,1501.802,60,ESTIMATED,42.07,33.50,1.85,1,England,L,PA
3846,6596394,6475435,1502.870,1503.337,0.467,1503.337,60,VISIBLE,39.21,31.53,0.02,1,England,L,PA
3846,6596406,6475446,1504.171,1505.506,1.335,1505.506,60,ESTIMATED,41.48,32.69,0.12,1,England,L,PA
3846,6596558,6475598,1688.689,1688.689,0.000,1688.689,62,ESTIMATED,7.31,6.94,-0.72,1,England,L,PA
3846,6596568,6475607,1689.756,1690.490,0.734,1690.490,62,ESTIMATED,4.05,10.62,0.28,1,England,L,PA
3846,6596591,6475629,1696.997,1697.698,0.701,1697.698,63,VISIBLE,20,19.99,0.05,1,England,L,PA
3846,6596605,6475643,1698.966,1701.668,2.702,1701.668,63,VISIBLE,26.57,25.96,0.03,1,England,L,PA
3846,6596612,6475650,1702.336,1702.336,0.000,1702.336,63,VISIBLE,30.89,28.66,0.00,1,England,L,PA
3846,6596623,6475661,1703.036,1704.838,1.802,1704.838,63,VISIBLE,24.24,25.57,0.00,1,England,L,PA
3846,6596630,6475668,1706.240,1707.307,1.067,1707.307,63,VISIBLE,17.47,18.97,0.00,1,England,L,PA
3846,6596634,6475672,1707.974,1708.041,0.067,1708.041,63,VISIBLE,21.68,20.12,0.00,1,England,L,PA
3846,6596639,6475680,1709.443,1709.443,0.000,1709.443,63,VISIBLE,19.67,29.15,0.13,1,England,L,PA
3846,6596644,6475684,1710.677,1712.012,1.335,1712.012,63,VISIBLE,11.94,19.59,0.00,1,England,L,PA
3846,6596650,6475692,1713.380,1714.982,1.602,1714.982,63,VISIBLE,7.46,-8.11,0.00,1,England,L,PA
3846,6596659,6475701,1716.283,1718.252,1.969,1718.252,63,VISIBLE,18.84,-23.32,0.00,1,England,L,PA
3846,6596665,6475708,1719.319,1719.319,0.000,1719.319,63,VISIBLE,27.52,-31.88,0.03,1,England,L,PA
3846,6596732,6475771,1741.341,1741.341,0.000,1741.341,65,VISIBLE,3.31,-27.45,0.00,1,England,L,PA
3846,6596740,6475778,1742.242,1742.643,0.401,1742.643,65,VISIBLE,4.46,-33.38,0.00,1,England,L,PA
3846,6596757,6475795,1752.052,1752.052,0.000,1752.052,66,ESTIMATED,6.24,-32.94,1.80,1,England,L,PA
3846,6596767,6475803,1753.353,1753.353,0.000,1753.353,66,ESTIMATED,13.65,-23.82,1.32,1,England,L,PA
3846,6596771,6475806,1754.454,1754.454,0.000,1754.454,66,VISIBLE,9.03,-19.01,1.00,1,England,L,PA
3846,6596787,6475820,1757.090,1761.628,4.538,1761.628,66,ESTIMATED,1.23,27.15,0.00,1,England,L,PA
3846,6596796,6475836,1763.030,1767.000,3.970,1767.000,66,VISIBLE,6.92,19.33,0.09,1,England,L,PA
3846,6596811,6475844,1767.935,1769.102,1.167,1769.102,66,VISIBLE,9.97,30.39,0.56,1,England,L,PA
3846,6596839,6475873,1807.508,1807.508,0.000,1807.508,68,ESTIMATED,-13.44,20.08,5.18,1,England,L,PA
3846,6596843,6475877,1809.176,1809.176,0.000,1809.176,68,ESTIMATED,-6.14,19.49,1.99,1,England,L,PA
3846,6596904,6476445,1831.198,1831.198,0.000,1831.198,71,ESTIMATED,-24.28,28.99,2.82,1,England,L,PA
3846,6596935,6475967,1848.048,1848.048,0.000,1848.048,73,ESTIMATED,-15.72,7.30,0.97,1,England,L,PA
3846,6597056,6476091,1893.694,1895.295,1.601,1895.295,76,VISIBLE,-7.14,22.83,0.00,1,England,L,PA
3846,6597071,6476104,1945.546,1945.546,0.000,1945.546,78,VISIBLE,-3.45,20.76,0.06,1,England,L,PA
3846,6597073,6476106,1946.647,1946.647,0.000,1946.647,78,VISIBLE,-9.96,16.68,0.05,1,England,L,PA
3846,6597079,6476111,1947.714,1949.082,1.368,1949.082,78,VISIBLE,-4.4,17.64,0.28,1,England,L,PA
3846,6597082,6476114,1951.518,1951.518,0.000,1951.518,78,VISIBLE,-11.99,-10.35,0.00,1,England,L,PA
3846,6597086,6476119,1952.953,1953.754,0.801,1953.754,78,ESTIMATED,-12.91,6.51,0.11,1,England,L,PA
3846,6597089,6476122,1954.588,1955.622,1.034,1955.622,78,VISIBLE,-11.31,14.20,0.00,1,England,L,PA
3846,6597094,6476127,1956.890,1960.227,3.337,1960.227,78,ESTIMATED,-9.95,10.85,0.78,1,England,L,PA
3846,6597100,6476132,1962.162,1962.162,0.000,1962.162,78,ESTIMATED,4.64,30.25,4.17,1,England,L,PA
3846,6597157,6476199,1972.206,1973.907,1.701,1973.907,80,VISIBLE,1.43,20.48,0.06,1,England,L,PA
3846,6597165,6476200,1974.508,1974.508,0.000,1974.508,80,VISIBLE,2.1,17.21,0.15,1,England,L,PA
3846,6597175,6476210,1975.409,1977.277,1.868,1977.277,80,VISIBLE,5.57,28.73,0.00,1,England,L,PA
3846,6595390,6474454,1978.011,1978.478,0.467,1978.478,80,VISIBLE,10.77,32.06,0.03,1,England,L,PA
3846,6595391,6474455,1979.246,1980.013,0.767,1980.013,80,VISIBLE,5.07,31.63,0.17,1,England,L,PA
3846,6595393,6474457,1984.051,1985.986,1.935,1985.986,80,VISIBLE,-8.54,10.84,0.00,1,England,L,PA
3846,6595396,6474459,1987.988,1989.056,1.068,1989.056,80,VISIBLE,-9.14,-12.56,0.00,1,England,L,PA
3846,6595398,6474461,1990.958,1994.795,3.837,1994.795,80,VISIBLE,14,-30.95,0.00,1,England,L,PA
3846,6595406,6474469,1999.700,2002.803,3.103,2002.803,82,VISIBLE,17.63,1.86,0.07,1,England,L,PA
3846,6595410,6474473,2003.737,2003.737,0.000,2003.737,82,VISIBLE,29.86,11.95,0.65,1,England,L,PA
3846,6595411,6474474,2004.438,2004.438,0.000,2004.438,82,ESTIMATED,32.06,15.19,1.09,1,England,L,PA
3846,6595416,6474479,2007.541,2008.275,0.734,2008.275,82,ESTIMATED,44.84,26.14,0.00,1,England,L,PA
3846,6595418,6474482,2009.076,2010.077,1.001,2010.077,82,VISIBLE,34.76,24.80,0.00,1,England,L,PA
3846,6595421,6474486,2011.078,2011.812,0.734,2011.812,82,VISIBLE,26.19,15.21,0.00,1,England,L,PA
3846,6595424,6474489,2012.746,2013.714,0.968,2013.714,82,ESTIMATED,23.81,14.16,0.18,1,England,L,PA
3846,6595432,6474498,2014.915,2015.349,0.434,2015.349,82,VISIBLE,31.03,28.18,0.00,1,England,L,PA
3846,6595437,6474502,2017.217,2017.718,0.501,2017.718,82,ESTIMATED,40.89,29.21,0.00,1,England,L,PA
3846,6595440,6474505,2018.619,2019.419,0.800,2019.419,82,VISIBLE,28.95,29.94,0.04,1,England,L,PA
3846,6595441,6474506,2020.320,2021.255,0.935,2021.255,82,VISIBLE,16.7,19.88,0.00,1,England,L,PA
3846,6595463,6474531,2060.260,2060.260,0.000,2060.260,84,ESTIMATED,21.39,26.22,10.11,1,England,L,PA
3846,6595466,6474534,2061.595,2061.595,0.000,2061.595,84,ESTIMATED,21.88,18.58,1.19,1,England,L,PA
3846,6595468,6474536,2062.796,2062.796,0.000,2062.796,84,VISIBLE,25.02,13.25,0.19,1,England,L,PA
3846,6595479,6474548,2066.200,2066.200,0.000,2066.200,86,ESTIMATED,15.68,12.24,2.90,1,England,L,PA
3846,6595481,6474551,2067.434,2067.434,0.000,2067.434,86,ESTIMATED,19.05,14.21,2.83,1,England,L,PA
3846,6595526,6474597,2096.964,2096.964,0.000,2096.964,88,ESTIMATED,-2.69,32.07,2.09,1,England,L,PA
3846,6595529,6474599,2098.165,2102.703,4.538,2102.703,88,VISIBLE,-6.15,13.71,0.00,1,England,L,PA
3846,6595532,6474602,2105.072,2105.072,0.000,2105.072,88,VISIBLE,-8.88,-9.89,0.00,1,England,L,PA
3846,6595534,6474604,2107.040,2108.275,1.235,2108.275,88,VISIBLE,3.4,-30.73,0.00,1,England,L,PA
3846,6595535,6474605,2109.309,2109.309,0.000,2109.309,88,VISIBLE,8.51,-33.03,0.00,1,England,L,PA
3846,6595539,6474609,2110.811,2111.979,1.168,2111.979,88,ESTIMATED,-0.42,-32.49,0.00,1,England,L,PA
3846,6595542,6474612,2113.313,2114.715,1.402,2114.715,88,VISIBLE,-28.7,-26.20,0.03,1,England,L,PA
3846,6595543,6474613,2116.950,2118.352,1.402,2118.352,88,VISIBLE,-32.49,5.57,0.00,1,England,L,PA
3846,6595548,6474618,2120.187,2128.262,8.075,2128.262,88,VISIBLE,1.76,16.91,0.00,1,England,L,PA
3846,6595549,6474619,2129.129,2129.129,0.000,2129.129,88,VISIBLE,2.51,8.59,0.00,1,England,L,PA
3846,6595551,6474622,2130.330,2130.330,0.000,2130.330,88,VISIBLE,-5.56,5.53,0.00,1,England,L,PA
3846,6595553,6474623,2131.832,2133.233,1.401,2133.233,88,ESTIMATED,-3.56,-12.80,0.00,1,England,L,PA
3846,6595557,6474627,2134.535,2137.771,3.236,2137.771,88,VISIBLE,20.76,-30.03,0.00,1,England,L,PA
3846,6595560,6474629,2138.805,2139.473,0.668,2139.473,88,VISIBLE,23.25,-31.74,0.04,1,England,L,PA
3846,6595567,6474635,2146.013,2146.013,0.000,2146.013,90,VISIBLE,19.45,5.66,0.00,1,England,L,PA
3846,6595571,6474639,2146.680,2147.114,0.434,2147.114,90,ESTIMATED,17,6.91,0.26,1,England,L,PA
3846,6595574,6474642,2147.881,2150.017,2.136,2150.017,90,ESTIMATED,21.96,13.57,0.17,1,England,L,PA
3846,6595577,6474644,2150.784,2151.051,0.267,2151.051,90,VISIBLE,18.27,10.62,0.00,1,England,L,PA
3846,6595579,6474646,2151.485,2151.485,0.000,2151.485,90,VISIBLE,20.45,10.79,0.00,1,England,L,PA
3846,6595581,6474648,2151.985,2153.020,1.035,2153.020,90,VISIBLE,19.87,16.62,0.11,1,England,L,PA
3846,6595612,6474678,2346.246,2346.246,0.000,2346.246,91,ESTIMATED,38.46,29.31,3.39,1,England,L,PA
3846,6595659,6474720,2386.086,2386.086,0.000,2386.086,93,ESTIMATED,-31.48,30.15,0.40,1,England,L,PA
3846,6595689,6474751,2392.827,2395.896,3.069,2395.896,95,VISIBLE,-16.54,17.45,0.05,1,England,L,PA
3846,6595695,6474757,2397.297,2401.034,3.737,2401.034,95,ESTIMATED,16.03,29.07,0.00,1,England,L,PA
3846,6595698,6474761,2402.503,2402.503,0.000,2402.503,95,VISIBLE,23.35,29.66,0.00,1,England,L,PA
3846,6595700,6474763,2403.237,2403.237,0.000,2403.237,95,VISIBLE,27.29,21.08,0.00,1,England,L,PA
3846,6595702,6474765,2404.271,2404.738,0.467,2404.738,95,VISIBLE,35.26,17.53,0.00,1,England,L,PA
3846,6595705,6474774,2405.572,2406.907,1.335,2406.907,95,VISIBLE,41.25,11.57,0.15,1,England,L,PA
3846,6595754,6474814,2459.126,2459.126,0.000,2459.126,97,VISIBLE,-28.73,-13.22,0.00,1,England,L,PA
3846,6595783,6474846,2471.371,2479.980,8.609,2479.980,99,VISIBLE,22.91,-15.33,0.03,1,England,L,PA
3846,6595788,6474851,2480.814,2482.249,1.435,2482.249,99,VISIBLE,16.42,-9.76,0.00,1,England,L,PA
3846,6595794,6474858,2483.116,2483.951,0.835,2483.951,99,VISIBLE,12.18,1.23,0.00,1,England,L,PA
3846,6595797,6474861,2485.519,2486.854,1.335,2486.854,99,VISIBLE,14.19,23.32,0.00,1,England,L,PA
3846,6595803,6474865,2488.021,2490.390,2.369,2490.390,99,VISIBLE,32.98,27.24,0.06,1,England,L,PA
3846,6595874,6474929,2535.068,2535.068,0.000,2535.068,104,ESTIMATED,-34.36,-16.52,2.24,1,England,L,PA
3846,6595882,6474935,2537.304,2537.304,0.000,2537.304,104,ESTIMATED,-38.43,-4.04,1.68,1,England,L,PA
3846,6595887,6474940,2538.839,2538.839,0.000,2538.839,104,VISIBLE,-34.54,-1.38,0.09,1,England,L,PA
3846,6595889,6474942,2539.907,2539.907,0.000,2539.907,104,VISIBLE,-34.57,10.47,0.00,1,England,L,PA
3846,6595897,6474948,2540.841,2541.842,1.001,2541.842,104,VISIBLE,-38.88,10.26,0.01,1,England,L,PA
3846,6595898,6474949,2542.809,2542.809,0.000,2542.809,104,VISIBLE,-26.64,12.29,0.00,1,England,L,PA
3846,6595909,6476279,2544.477,2546.780,2.303,2546.780,106,ESTIMATED,-14.89,2.09,3.96,1,England,L,PA
3846,6595914,6474967,2548.115,2548.115,0.000,2548.115,106,ESTIMATED,-8.94,1.49,1.95,1,England,L,PA
3846,6595930,6474981,2552.719,2554.254,1.535,2554.254,106,VISIBLE,28.72,-8.48,0.00,1,England,L,PA
3846,6595933,6475012,2555.489,2555.489,0.000,2555.489,106,VISIBLE,38.62,-14.85,0.08,1,England,L,PA
3846,6595987,6475035,2606.640,2606.640,0.000,2606.640,107,ESTIMATED,41.52,13.97,1.65,1,England,L,PA
3846,6596005,6475106,2608.408,2608.408,0.000,2608.408,109,VISIBLE,33.93,14.51,0.20,1,England,L,PA
3846,6596017,6475061,2609.843,2609.843,0.000,2609.843,109,ESTIMATED,33.26,8.18,1.42,1,England,L,PA
3846,6596126,6475165,2654.488,2654.488,0.000,2654.488,111,ESTIMATED,31.3,35.87,0.73,1,England,L,PA
3846,6596140,6475179,2656.456,2657.791,1.335,2657.791,111,VISIBLE,15.9,21.99,0.30,1,England,L,PA
3846,6596147,6475186,2659.092,2659.826,0.734,2659.826,111,VISIBLE,15.77,3.38,0.14,1,England,L,PA
3846,6596154,6475196,2661.595,2663.297,1.702,2663.297,111,VISIBLE,23.26,-24.54,0.02,1,England,L,PA
3846,6596163,6475205,2664.131,2667.701,3.570,2667.701,111,VISIBLE,21.68,-27.40,0.00,1,England,L,PA
3846,6596173,6475214,2669.069,2670.370,1.301,2670.370,111,VISIBLE,4.13,-12.60,0.00,1,England,L,PA
3846,6596176,6475218,2671.738,2671.738,0.000,2671.738,111,ESTIMATED,-0.31,0.71,0.61,1,England,L,PA
3846,6596187,6475230,2674.741,2676.276,1.535,2676.276,111,VISIBLE,-23.87,-3.89,0.00,1,England,L,PA
3846,6596198,6475241,2678.011,2682.115,4.104,2682.115,111,VISIBLE,-9.79,11.59,0.00,1,England,L,PA
3846,6596203,6475247,2684.551,2685.419,0.868,2685.419,111,VISIBLE,-3.34,-18.70,0.00,1,England,L,PA
3846,6596215,6475260,2686.820,2689.323,2.503,2689.323,111,VISIBLE,15.41,-30.67,0.00,1,England,L,PA
3846,6596219,6475265,2690.290,2690.290,0.000,2690.290,111,VISIBLE,15.72,-24.86,0.00,1,England,L,PA
3846,6596226,6475272,2691.391,2692.626,1.235,2692.626,111,VISIBLE,5.87,-30.67,0.00,1,England,L,PA
3846,6596237,6475282,2693.794,2695.796,2.002,2695.796,111,VISIBLE,-19.49,-24.97,0.01,1,England,L,PA
3846,6596262,6475304,2705.606,2706.673,1.067,2706.673,111,VISIBLE,-10.03,-20.03,0.00,1,England,L,PA
3846,6596275,6475318,2708.609,2710.110,1.501,2710.110,111,VISIBLE,-14.07,3.23,0.00,1,England,L,PA
3846,6596282,6475324,2711.478,2711.478,0.000,2711.478,111,VISIBLE,-2.02,8.15,0.00,1,England,L,PA
3846,6596290,6475333,2712.679,2717.718,5.039,2717.718,111,ESTIMATED,-2.33,11.38,0.79,1,England,L,PA
3846,6596882,6475916,2762.763,2762.763,0.000,2762.763,113,ESTIMATED,-8.68,-22.73,2.35,1,England,L,PA
3846,6596403,6475443,2778.445,2778.445,0.000,2778.445,114,VISIBLE,-8.3,-6.07,0.00,1,England,L,PA
3846,6596414,6475452,2779.613,2780.714,1.101,2780.714,114,VISIBLE,-8.91,-13.48,0.00,1,England,L,PA
3846,6596421,6475458,2781.548,2783.917,2.369,2783.917,114,VISIBLE,-6.58,-13.68,0.00,1,England,L,PA
3846,6596429,6475466,2785.419,2787.554,2.135,2787.554,114,VISIBLE,-10.32,7.79,0.01,1,England,L,PA
3846,6596435,6475471,2788.488,2788.488,0.000,2788.488,114,VISIBLE,0,10.31,0.02,1,England,L,PA
3846,6596440,6475476,2789.056,2789.056,0.000,2789.056,114,VISIBLE,-0.01,7.11,0.13,1,England,L,PA
3846,6596444,6475481,2789.823,2790.958,1.135,2790.958,114,VISIBLE,-3.91,18.29,0.09,1,England,L,PA
3846,6596448,6475486,2792.092,2792.960,0.868,2792.960,114,VISIBLE,0.31,30.84,0.00,1,England,L,PA
3846,6596452,6475489,2794.061,2794.061,0.000,2794.061,114,VISIBLE,-6.37,24.31,0.01,1,England,L,PA
3846,6596462,6475498,2795.529,2796.797,1.268,2796.797,114,VISIBLE,10.73,13.12,0.00,1,England,L,PA
3846,6596465,6475501,2797.698,2797.698,0.000,2797.698,114,VISIBLE,8.61,15.29,0.52,1,England,L,PA
3846,6596472,6475509,2800.434,2802.536,2.102,2802.536,114,VISIBLE,25.89,-26.90,0.00,1,England,L,PA
3846,6596479,6475516,2803.704,2805.672,1.968,2805.672,114,VISIBLE,41.68,-15.65,0.00,1,England,L,PA
3846,6596492,6475532,2809.042,2809.042,0.000,2809.042,114,VISIBLE,32.12,-5.82,0.07,1,England,L,PA
3846,6596500,6475542,2810.077,2812.346,2.269,2812.346,114,VISIBLE,41.96,-14.15,0.10,1,England,L,PA
3846,6596542,6475582,2842.809,2842.809,0.000,2842.809,115,ESTIMATED,31.46,7.88,2.38,1,England,L,PA
3846,6596608,6475646,2850.884,2850.884,0.000,2850.884,117,VISIBLE,6.14,26.87,0.38,1,England,L,PA
3846,6596618,6475656,2853.587,2854.454,0.867,2854.454,117,ESTIMATED,16.56,32.64,0.02,1,England,L,PA
3846,6596632,6475670,2855.622,2857.724,2.102,2857.724,117,VISIBLE,21.89,25.50,0.00,1,England,L,PA
3846,6596647,6475688,2858.625,2861.929,3.304,2861.929,117,VISIBLE,15.53,29.93,0.00,1,England,L,PA
3846,6596654,6475696,2863.096,2863.964,0.868,2863.964,117,VISIBLE,7.47,18.32,0.00,1,England,L,PA
3846,6596663,6475707,2865.699,2868.302,2.603,2868.302,117,VISIBLE,17.06,-12.98,0.00,1,England,L,PA
3846,6596673,6475717,2869.303,2873.574,4.271,2873.574,117,VISIBLE,19.09,-22.74,0.00,1,England,L,PA
3846,6596678,6475720,2874.308,2876.310,2.002,2876.310,117,VISIBLE,13.47,-15.88,0.14,1,England,L,PA
3846,6596748,6475786,2904.404,2904.404,0.000,2904.404,119,ESTIMATED,-12.08,-20.44,2.78,1,England,L,PA
3846,6596752,6475794,2906.106,2907.241,1.135,2907.241,119,VISIBLE,-4.45,-17.52,0.57,1,England,L,PA
3846,6596763,6475800,2909.643,2909.643,0.000,2909.643,119,ESTIMATED,-6.45,-31.24,0.00,1,England,L,PA
3846,6596773,6475808,2910.444,2914.081,3.637,2914.081,119,VISIBLE,4.55,-12.32,0.00,1,England,L,PA
3846,6596780,6475814,2915.349,2915.349,0.000,2915.349,119,VISIBLE,16.22,-4.04,0.00,1,England,L,PA
3846,6596894,6475925,2965.465,2965.465,0.000,2965.465,122,ESTIMATED,-2.42,3.84,5.58,1,England,L,PA
3846,6596927,6475956,2985.219,2985.219,0.000,2985.219,124,ESTIMATED,24.11,21.16,5.82,1,England,L,PA
3846,6596951,6475981,2992.726,2995.662,2.936,2995.662,126,VISIBLE,21.39,17.56,0.00,1,England,L,PA
3846,6596956,6475988,2996.763,2998.799,2.036,2998.799,126,VISIBLE,28.45,3.22,0.00,1,England,L,PA
3846,6596962,6475996,2999.399,3000.534,1.135,3000.534,126,VISIBLE,33.49,-4.47,0.00,1,England,L,PA
3846,6596969,6476004,3001.935,3001.935,0.000,3001.935,126,VISIBLE,40.28,-16.12,0.06,1,England,L,PA
3846,6596992,6476027,3009.142,3009.142,0.000,3009.142,128,VISIBLE,35.93,-23.71,0.00,1,England,L,PA
3846,6597178,6476215,3106.907,3106.907,0.000,3106.907,132,ESTIMATED,-22.76,3.10,5.85,1,England,L,PA
3846,6595408,6474471,3239.840,3239.840,0.000,3239.840,136,VISIBLE,-1.64,-0.15,0.00,2,England,R,PA
3846,6595413,6474476,3241.141,3244.845,3.704,3244.845,136,VISIBLE,-14.28,-2.57,0.00,2,England,R,PA
3846,6595419,6474483,3245.979,3247.514,1.535,3247.514,136,ESTIMATED,-3.15,20.65,0.55,2,England,R,PA
3846,6595423,6474488,3248.815,3250.450,1.635,3250.450,136,VISIBLE,-6.88,29.47,0.14,2,England,R,PA
3846,6595426,6474492,3252.052,3258.926,6.874,3258.926,136,VISIBLE,-15.46,4.83,0.07,2,England,R,PA
3846,6595428,6474494,3260.794,3262.029,1.235,3262.029,136,VISIBLE,-12.45,-18.73,0.00,2,England,R,PA
3846,6595429,6474495,3263.697,3263.697,0.000,3263.697,136,VISIBLE,-14.35,-29.68,0.11,2,England,R,PA
3846,6595434,6474500,3266.366,3266.366,0.000,3266.366,136,VISIBLE,-36.72,-11.33,0.00,2,England,R,PA
3846,6595438,6474503,3268.468,3269.703,1.235,3269.703,136,VISIBLE,-33.76,-26.85,0.00,2,England,R,PA
3846,6595444,6474510,3270.504,3270.504,0.000,3270.504,136,VISIBLE,-31.01,-21.96,0.00,2,England,R,PA
3846,6595464,6474532,3277.678,3277.678,0.000,3277.678,138,ESTIMATED,-30.48,-21.08,3.19,2,England,R,PA
3846,6595477,6474549,3279.880,3281.882,2.002,3281.882,140,VISIBLE,-23.83,-17.60,0.30,2,England,R,PA
3846,6595482,6474552,3284.284,3284.284,0.000,3284.284,140,VISIBLE,-13.81,-28.64,0.00,2,England,R,PA
3846,6595493,6474564,3295.128,3295.128,0.000,3295.128,142,ESTIMATED,10.03,8.82,1.75,2,England,R,PA
3846,6595494,6474565,3295.996,3295.996,0.000,3295.996,142,ESTIMATED,13.19,10.10,0.69,2,England,R,PA
3846,6595497,6474568,3299.433,3299.433,0.000,3299.433,142,VISIBLE,4.53,26.86,0.03,2,England,R,PA
3846,6595500,6474571,3300.601,3300.601,0.000,3300.601,142,VISIBLE,13.15,29.43,0.02,2,England,R,PA
3846,6595507,6474577,3302.202,3302.202,0.000,3302.202,142,ESTIMATED,10.3,21.44,0.31,2,England,R,PA
3846,6595510,6474581,3303.070,3306.106,3.036,3306.106,142,VISIBLE,14.96,23.01,0.13,2,England,R,PA
3846,6595517,6474588,3310.711,3311.912,1.201,3311.912,142,VISIBLE,10.36,16.35,0.00,2,England,R,PA
3846,6595521,6474592,3313.046,3315.716,2.670,3315.716,142,VISIBLE,18.35,27.51,0.00,2,England,R,PA
3846,6595564,6474632,3353.854,3353.854,0.000,3353.854,144,ESTIMATED,-34.36,6.35,0.00,2,England,R,PA
3846,6595570,6474638,3355.656,3360.127,4.471,3360.127,144,VISIBLE,-25.9,7.97,0.00,2,England,R,PA
3846,6595573,6474641,3361.328,3364.031,2.703,3364.031,144,ESTIMATED,-25.02,4.72,0.37,2,England,R,PA
3846,6595578,6474645,3365.199,3366.466,1.267,3366.466,144,VISIBLE,-29.34,14.65,0.00,2,England,R,PA
3846,6595582,6474649,3367.868,3370.003,2.135,3370.003,144,VISIBLE,-23.63,28.52,0.00,2,England,R,PA
3846,6595584,6474651,3371.471,3373.874,2.403,3373.874,144,ESTIMATED,-27.49,15.52,0.80,2,England,R,PA
3846,6595591,6474657,3375.943,3380.080,4.137,3380.080,144,ESTIMATED,-6.13,25.56,0.57,2,England,R,PA
3846,6595592,6474658,3381.081,3381.949,0.868,3381.949,144,VISIBLE,-6.43,26.84,0.15,2,England,R,PA
3846,6595593,6474659,3382.749,3382.749,0.000,3382.749,144,VISIBLE,-1.04,21.69,0.00,2,England,R,PA
3846,6595595,6474661,3383.784,3384.651,0.867,3384.651,144,VISIBLE,-9.48,25.83,0.05,2,England,R,PA
3846,6595597,6474663,3386.053,3388.222,2.169,3388.222,144,VISIBLE,-13.43,6.01,0.90,2,England,R,PA
3846,6595609,6474675,3392.559,3392.559,0.000,3392.559,146,ESTIMATED,20.83,-20.82,0.57,2,England,R,PA
3846,6595614,6474680,3393.193,3396.296,3.103,3396.296,146,VISIBLE,17.96,-24.30,0.00,2,England,R,PA
3846,6595617,6474683,3397.030,3397.030,0.000,3397.030,146,VISIBLE,23.76,-30.46,0.00,2,England,R,PA
3846,6595619,6474685,3398.365,3399.533,1.168,3399.533,146,VISIBLE,12.25,-26.91,0.00,2,England,R,PA
3846,6595624,6474692,3401.134,3402.402,1.268,3402.402,146,ESTIMATED,-5.62,-19.47,0.54,2,England,R,PA
3846,6595627,6474694,3405.005,3408.408,3.403,3408.408,146,ESTIMATED,8.79,18.93,0.15,2,England,R,PA
3846,6595631,6474697,3409.776,3410.644,0.868,3410.644,146,VISIBLE,12.04,31.02,0.02,2,England,R,PA
3846,6595768,6474828,3684.351,3688.822,4.471,3688.822,152,ESTIMATED,-10.47,-8.82,0.60,2,England,R,PA
3846,6595786,6474849,3710.410,3710.410,0.000,3710.410,153,VISIBLE,3.8,-22.11,0.16,2,England,R,PA
3846,6595793,6474857,3711.512,3713.080,1.568,3713.080,153,VISIBLE,-6.21,-11.60,0.00,2,England,R,PA
3846,6595800,6474863,3715.182,3718.318,3.136,3718.318,153,VISIBLE,5.69,16.46,0.07,2,England,R,PA
3846,6595804,6474866,3719.920,3720.888,0.968,3720.888,153,VISIBLE,2.01,27.82,0.02,2,England,R,PA
3846,6595808,6474871,3722.089,3724.391,2.302,3724.391,153,VISIBLE,-10.72,7.26,0.00,2,England,R,PA
3846,6595811,6474875,3725.559,3726.760,1.201,3726.760,153,VISIBLE,-15.05,-9.13,0.00,2,England,R,PA
3846,6595818,6474880,3727.561,3728.629,1.068,3728.629,153,VISIBLE,-18.69,-19.02,0.00,2,England,R,PA
3846,6595852,6474909,3731.832,3732.633,0.801,3732.633,153,ESTIMATED,1.8,-29.11,0.18,2,England,R,PA
3846,6596094,6475134,3821.688,3821.688,0.000,3821.688,156,ESTIMATED,-46.28,5.70,0.00,2,England,R,PA
3846,6596115,6475155,3822.823,3831.031,8.208,3831.031,156,VISIBLE,-34.6,12.27,0.06,2,England,R,PA
3846,6596122,6475160,3833.000,3833.000,0.000,3833.000,156,VISIBLE,-44.8,-2.53,0.00,2,England,R,PA
3846,6596132,6475171,3834.368,3836.170,1.802,3836.170,156,VISIBLE,-36.08,-19.99,0.00,2,England,R,PA
3846,6596139,6475178,3837.604,3837.604,0.000,3837.604,156,VISIBLE,-27.7,-12.27,0.45,2,England,R,PA
3846,6596276,6475319,3916.650,3916.650,0.000,3916.650,159,ESTIMATED,-32.95,14.17,0.00,2,England,R,PA
3846,6596311,6475353,3917.717,3919.853,2.136,3919.853,159,ESTIMATED,-23.04,14.36,0.32,2,England,R,PA
3846,6596327,6475369,3920.454,3921.889,1.435,3921.889,159,VISIBLE,-18.95,22.61,0.00,2,England,R,PA
3846,6596337,6475378,3922.756,3923.757,1.001,3923.757,159,VISIBLE,-15.87,33.32,0.07,2,England,R,PA
3846,6596515,6475554,4084.818,4084.818,0.000,4084.818,160,ESTIMATED,-15.27,22.30,2.95,2,England,R,PA
3846,6596573,6475613,4092.559,4092.559,0.000,4092.559,164,VISIBLE,4.72,13.96,0.14,2,England,R,PA
3846,6596583,6475621,4093.994,4096.063,2.069,4096.063,164,VISIBLE,-6.76,18.75,0.17,2,England,R,PA
3846,6596586,6475624,4097.164,4098.098,0.934,4098.098,164,ESTIMATED,-3.11,30.64,0.00,2,England,R,PA
3846,6596603,6475641,4098.966,4103.737,4.771,4103.737,164,VISIBLE,11.21,29.36,0.22,2,England,R,PA
3846,6596610,6475648,4105.005,4105.005,0.000,4105.005,164,VISIBLE,11.58,13.53,0.09,2,England,R,PA
3846,6595723,6474785,4170.037,4170.637,0.600,4170.637,166,VISIBLE,-23.44,-27.80,0.00,2,England,R,PA
3846,6595729,6474791,4172.539,4173.841,1.302,4173.841,166,ESTIMATED,-3.53,-30.67,0.00,2,England,R,PA
3846,6595761,6474821,4280.948,4280.948,0.000,4280.948,167,VISIBLE,2.82,-30.88,0.00,2,England,R,PA
3846,6595832,6474892,4282.382,4283.584,1.202,4283.584,167,VISIBLE,7.69,-7.98,0.10,2,England,R,PA
3846,6595850,6474908,4285.519,4287.654,2.135,4287.654,167,VISIBLE,-12.26,4.04,0.00,2,England,R,PA
3846,6595858,6474914,4289.590,4290.557,0.967,4290.557,167,ESTIMATED,-11.01,-12.28,0.30,2,England,R,PA
3846,6595877,6474931,4291.658,4291.658,0.000,4291.658,167,VISIBLE,-5.4,-12.90,0.00,2,England,R,PA
3846,6595884,6474937,4293.660,4295.062,1.402,4295.062,167,VISIBLE,-28.88,2.81,0.00,2,England,R,PA
3846,6595888,6474941,4296.496,4298.031,1.535,4298.031,167,VISIBLE,-22.15,-21.24,0.26,2,England,R,PA
3846,6596177,6475219,4378.545,4378.545,0.000,4378.545,169,VISIBLE,-16.21,-18.81,1.05,2,England,R,PA
3846,6596204,6475249,4381.682,4381.682,0.000,4381.682,169,ESTIMATED,3.66,-15.89,2.97,2,England,R,PA
3846,6596240,6475287,4390.524,4390.524,0.000,4390.524,171,ESTIMATED,9.49,-29.48,2.28,2,England,R,PA
3846,6596257,6475299,4392.159,4392.893,0.734,4392.893,171,VISIBLE,27.35,-20.36,0.19,2,England,R,PA
3846,6596482,6475520,4484.484,4484.484,0.000,4484.484,174,ESTIMATED,-22.62,-13.63,3.00,2,England,R,PA
3846,6596491,6475533,4486.053,4486.053,0.000,4486.053,174,ESTIMATED,-11.57,-21.87,2.49,2,England,R,PA
3846,6596521,6475558,4488.021,4488.021,0.000,4488.021,174,ESTIMATED,-16.2,-25.27,3.27,2,England,R,PA
3846,6596715,6475753,4557.724,4559.660,1.936,4559.660,177,VISIBLE,-8.05,2.88,0.00,2,England,R,PA
3846,6596726,6475765,4561.361,4563.130,1.769,4563.130,177,ESTIMATED,-6.45,-23.91,0.00,2,England,R,PA
3846,6596730,6475769,4564.431,4564.431,0.000,4564.431,177,VISIBLE,4.38,-28.43,0.00,2,England,R,PA
3846,6596738,6475776,4566.233,4567.000,0.767,4567.000,177,VISIBLE,-10.38,-27.77,0.10,2,England,R,PA
3846,6596749,6475787,4568.769,4570.771,2.002,4570.771,177,VISIBLE,-32.31,-13.56,0.00,2,England,R,PA
3846,6596756,6475793,4572.873,4574.708,1.835,4574.708,177,VISIBLE,-41.74,8.32,0.13,2,England,R,PA
3846,6596762,6475799,4575.642,4577.277,1.635,4577.277,177,VISIBLE,-31.77,18.56,0.00,2,England,R,PA
3846,6596777,6475812,4578.545,4579.646,1.101,4579.646,177,ESTIMATED,-30.04,26.29,0.00,2,England,R,PA
3846,6596782,6475816,4580.514,4581.715,1.201,4581.715,177,VISIBLE,-40.6,18.93,0.00,2,England,R,PA
3846,6596790,6475823,4583.650,4583.650,0.000,4583.650,177,VISIBLE,-46.35,0.73,0.00,2,England,R,PA
3846,6596798,6475831,4585.652,4587.721,2.069,4587.721,177,VISIBLE,-39.88,-20.58,0.00,2,England,R,PA
3846,6596804,6475837,4589.690,4589.690,0.000,4589.690,177,VISIBLE,-15.02,-28.13,0.45,2,England,R,PA
3846,6596861,6475894,4590.924,4592.125,1.201,4592.125,177,VISIBLE,-14.81,-22.34,0.65,2,England,R,PA
3846,6598141,6477218,4733.000,4733.000,0.000,4733.000,179,ESTIMATED,-32.14,6.06,1.57,2,England,R,PA
3846,6597310,6476334,4734.501,4734.501,0.000,4734.501,179,ESTIMATED,-29.16,2.32,0.20,2,England,R,PA
3846,6597338,6476365,4737.671,4737.671,0.000,4737.671,179,ESTIMATED,-24.77,-10.39,1.11,2,England,R,PA
3846,6597442,6476474,4755.122,4758.258,3.136,4758.258,181,ESTIMATED,-40.63,25.50,0.00,2,England,R,PA
3846,6597446,6476487,4760.227,4761.628,1.401,4761.628,181,ESTIMATED,-15.81,25.53,0.31,2,England,R,PA
3846,6597534,6476573,4808.876,4810.444,1.568,4810.444,183,VISIBLE,-24.31,-21.25,0.00,2,England,R,PA
3846,6597552,6476592,4812.179,4812.179,0.000,4812.179,183,ESTIMATED,-15.01,-15.24,2.26,2,England,R,PA
3846,6597577,6476618,4814.381,4820.087,5.706,4820.087,183,VISIBLE,36.27,-10.62,0.05,2,England,R,PA
3846,6597810,6476870,4985.886,4985.886,0.000,4985.886,187,VISIBLE,-20.03,24.92,0.08,2,England,R,PA
3846,6597830,6476890,4986.787,4988.488,1.701,4988.488,187,ESTIMATED,-12.65,9.20,0.17,2,England,R,PA
3846,6597835,6476893,4990.557,4991.358,0.801,4991.358,187,VISIBLE,-17.01,-5.15,0.00,2,England,R,PA
3846,6597839,6476897,4992.759,4994.862,2.103,4994.862,187,VISIBLE,-35.42,-9.69,0.00,2,England,R,PA
3846,6597844,6476901,4996.964,4999.166,2.202,4999.166,187,ESTIMATED,-49.36,12.47,0.15,2,England,R,PA
3846,6597851,6476909,5000.901,5001.602,0.701,5001.602,187,VISIBLE,-36.33,31.71,0.00,2,England,R,PA
3846,6597854,6476913,5002.436,5003.904,1.468,5003.904,187,ESTIMATED,-40.13,36.54,3.01,2,England,R,PA
3846,6595422,6474487,5064.598,5064.598,0.000,5064.598,187,ESTIMATED,-32.35,34.07,2.22,2,England,R,PA
3846,6595456,6477260,5069.102,5069.102,0.000,5069.102,189,VISIBLE,-23.43,25.58,0.14,2,England,R,PA
3846,6595495,6474566,5075.843,5077.344,1.501,5077.344,191,VISIBLE,-43.26,31.28,0.03,2,England,R,PA
3846,6595499,6474570,5078.011,5078.579,0.568,5078.579,191,VISIBLE,-40.27,31.22,0.01,2,England,R,PA
3846,6595505,6474579,5079.112,5083.317,4.205,5083.317,191,ESTIMATED,-26.44,13.50,1.27,2,England,R,PA
3846,6595516,6474587,5084.985,5093.627,8.642,5093.627,191,VISIBLE,-6.39,-15.55,0.00,2,England,R,PA
3846,6595601,6474668,5133.600,5136.670,3.070,5136.670,193,VISIBLE,28.48,-3.16,0.00,2,England,R,PA
3846,6595650,6474745,5186.486,5186.486,0.000,5186.486,195,VISIBLE,-9.4,-29.93,0.29,2,England,R,PA
3846,6595865,6474918,5276.910,5276.910,0.000,5276.910,198,ESTIMATED,-2.63,27.36,2.22,2,England,R,PA
3846,6595871,6474923,5278.478,5280.948,2.470,5280.948,198,VISIBLE,4.09,16.99,0.00,2,England,R,PA
3846,6595890,6474943,5281.782,5283.717,1.935,5283.717,198,VISIBLE,-8.43,13.00,0.00,2,England,R,PA
3846,6595904,6474956,5284.852,5286.119,1.267,5286.119,198,VISIBLE,-18.38,0.61,0.00,2,England,R,PA
3846,6596002,6475048,5372.339,5373.874,1.535,5373.874,199,VISIBLE,-21.54,10.56,0.00,2,England,R,PA
3846,6596010,6475055,5375.542,5376.510,0.968,5376.510,199,VISIBLE,-20.14,-13.29,0.00,2,England,R,PA
3846,6596016,6475060,5377.444,5378.445,1.001,5378.445,199,VISIBLE,-17.69,-22.99,0.00,2,England,R,PA
3846,6596025,6475071,5379.413,5379.413,0.000,5379.413,199,VISIBLE,-13.59,-15.16,0.00,2,England,R,PA
3846,6596034,6475078,5381.048,5381.048,0.000,5381.048,199,VISIBLE,-2.44,-31.54,0.76,2,England,R,PA
3846,6596054,6475094,5384.518,5384.518,0.000,5384.518,201,ESTIMATED,-0.84,-15.53,2.31,2,England,R,PA
3846,6596067,6475109,5386.186,5386.920,0.734,5386.920,201,ESTIMATED,4.14,-19.74,0.27,2,England,R,PA
3846,6596072,6475113,5388.488,5388.488,0.000,5388.488,201,VISIBLE,0.86,-7.88,0.00,2,England,R,PA
3846,6596084,6475124,5389.489,5390.724,1.235,5390.724,201,VISIBLE,5.59,7.68,0.00,2,England,R,PA
3846,6596120,6475158,5397.464,5398.732,1.268,5398.732,201,VISIBLE,7.11,20.79,0.16,2,England,R,PA
3846,6596125,6475164,5399.399,5399.399,0.000,5399.399,201,VISIBLE,5.47,16.28,0.16,2,England,R,PA
3846,6596134,6475172,5400.400,5403.103,2.703,5403.103,201,VISIBLE,-0.68,15.84,0.00,2,England,R,PA
3846,6596150,6475189,5404.304,5410.344,6.040,5410.344,201,VISIBLE,16.61,-3.39,0.04,2,England,R,PA
3846,6596170,6475211,5412.179,5415.415,3.236,5415.415,201,VISIBLE,37.67,14.88,0.12,2,England,R,PA
3846,6596186,6475229,5416.049,5417.017,0.968,5417.017,201,VISIBLE,41.13,10.20,0.04,2,England,R,PA
3846,6596990,6476025,5584.184,5588.522,4.338,5588.522,206,VISIBLE,-35.59,9.75,0.00,2,England,R,PA
3846,6596995,6476031,5590.557,5591.892,1.335,5591.892,206,VISIBLE,-33.77,-16.97,0.00,2,England,R,PA
3846,6597004,6476040,5592.826,5594.494,1.668,5594.494,206,VISIBLE,-32.57,-26.98,0.00,2,England,R,PA
3846,6597015,6476047,5595.429,5598.232,2.803,5598.232,206,VISIBLE,-22.68,-22.66,0.14,2,England,R,PA
3846,6597022,6476052,5600.367,5602.402,2.035,5602.402,206,VISIBLE,-33.91,3.82,0.00,2,England,R,PA
3846,6597024,6476054,5604.137,5605.439,1.302,5605.439,206,ESTIMATED,-22.99,14.86,0.00,2,England,R,PA
3846,6597029,6476064,5606.707,5611.512,4.805,5611.512,206,VISIBLE,-0.48,20.12,0.01,2,England,R,PA
3846,6597041,6476071,5612.145,5612.679,0.534,5612.679,206,VISIBLE,-2.77,19.33,0.02,2,England,R,PA
3846,6597057,6476092,5613.480,5613.480,0.000,5613.480,206,VISIBLE,-6.13,23.81,0.00,2,England,R,PA
3846,6597066,6476099,5614.748,5616.283,1.535,5616.283,206,VISIBLE,-22.55,18.53,0.00,2,England,R,PA
3846,6597070,6476102,5617.751,5619.753,2.002,5619.753,206,VISIBLE,-15.84,-14.44,0.00,2,England,R,PA
3846,6597075,6476108,5620.521,5622.389,1.868,5622.389,206,ESTIMATED,-13.98,-20.87,0.17,2,England,R,PA
3846,6597083,6476116,5623.423,5627.628,4.205,5627.628,206,VISIBLE,-18.02,-14.22,0.00,2,England,R,PA
3846,6597085,6476118,5628.529,5628.529,0.000,5628.529,206,VISIBLE,-10.41,-16.72,0.00,2,England,R,PA
3846,6597096,6476129,5629.663,5629.663,0.000,5629.663,206,VISIBLE,-22.16,-14.55,0.00,2,England,R,PA
3846,6597102,6476134,5630.797,5631.398,0.601,5631.398,206,VISIBLE,-20.55,-19.18,0.00,2,England,R,PA
3846,6597108,6476139,5632.399,5633.333,0.934,5633.333,206,VISIBLE,-18.79,-11.10,0.00,2,England,R,PA
3846,6597117,6476148,5635.369,5635.969,0.600,5635.969,206,VISIBLE,-37.92,5.49,0.04,2,England,R,PA
3846,6597121,6476152,5637.971,5638.772,0.801,5638.772,206,VISIBLE,-30.87,19.53,0.00,2,England,R,PA
3846,6597126,6476157,5639.973,5639.973,0.000,5639.973,206,VISIBLE,-26.42,28.60,0.00,2,England,R,PA
3846,6597139,6476169,5641.508,5644.011,2.503,5644.011,206,VISIBLE,-31.2,23.20,0.00,2,England,R,PA
3846,6597152,6476184,5648.182,5648.182,0.000,5648.182,206,VISIBLE,-33.94,0.71,0.00,2,England,R,PA
3846,6597162,6476196,5649.550,5651.752,2.202,5651.752,206,VISIBLE,-32.59,-16.23,0.00,2,England,R,PA
3846,6597170,6476205,5652.686,5653.687,1.001,5653.687,206,VISIBLE,-28.7,-27.15,0.03,2,England,R,PA
3846,6597189,6476224,5655.055,5655.722,0.667,5655.722,206,ESTIMATED,-3.77,-20.15,0.27,2,England,R,PA
3846,6597281,6476306,5682.449,5682.449,0.000,5682.449,208,ESTIMATED,9.02,32.20,1.58,2,England,R,PA
3846,6597288,6476313,5683.383,5684.017,0.634,5684.017,208,ESTIMATED,9.67,32.91,0.86,2,England,R,PA
3846,6597293,6476317,5684.351,5684.351,0.000,5684.351,208,VISIBLE,9.12,33.17,0.25,2,England,R,PA
3846,6597301,6476324,5685.686,5686.420,0.734,5686.420,208,VISIBLE,-3.06,31.62,0.00,2,England,R,PA
3846,6597304,6476328,5687.721,5689.089,1.368,5689.089,208,VISIBLE,-21.92,20.90,0.00,2,England,R,PA
3846,6597311,6476335,5691.258,5692.226,0.968,5692.226,208,VISIBLE,-20.35,-8.68,0.00,2,England,R,PA
3846,6597317,6476340,5693.360,5694.328,0.968,5694.328,208,VISIBLE,-16.54,-17.27,0.06,2,England,R,PA
3846,6597328,6476353,5695.762,5696.763,1.001,5696.763,208,VISIBLE,-26.04,-10.07,0.00,2,England,R,PA
3846,6597331,6476356,5697.898,5697.898,0.000,5697.898,208,VISIBLE,-18.95,-1.32,0.09,2,England,R,PA
3846,6597339,6476366,5699.166,5702.302,3.136,5702.302,208,ESTIMATED,-14.94,14.69,0.00,2,England,R,PA
3846,6597406,6476435,5741.141,5741.141,0.000,5741.141,210,ESTIMATED,-34.61,11.60,0.00,2,England,R,PA
3846,6597411,6476442,5742.042,5742.709,0.667,5742.709,210,VISIBLE,-32.47,14.13,0.00,2,England,R,PA
3846,6597417,6476450,5744.278,5745.913,1.635,5745.913,210,VISIBLE,-35.78,24.68,0.00,2,England,R,PA
3846,6597420,6476453,5747.748,5751.084,3.336,5751.084,210,VISIBLE,-46.53,12.00,0.58,2,England,R,PA
3846,6597460,6476497,5792.826,5792.826,0.000,5792.826,212,ESTIMATED,-2.36,22.21,4.67,2,England,R,PA
3846,6597494,6476531,5800.767,5800.767,0.000,5800.767,213,ESTIMATED,-1.35,28.86,0.00,2,England,R,PA
3846,6597502,6476540,5801.468,5801.468,0.000,5801.468,213,VISIBLE,-1.19,28.61,0.00,2,England,R,PA
3846,6597513,6476552,5801.668,5803.804,2.136,5803.804,213,VISIBLE,-4.48,16.83,0.63,2,England,R,PA
3846,6597525,6476563,5808.208,5809.643,1.435,5809.643,215,VISIBLE,-3.47,17.18,0.10,2,England,R,PA
3846,6597531,6476568,5810.143,5812.279,2.136,5812.279,215,ESTIMATED,-8.27,8.31,1.44,2,England,R,PA
3846,6597536,6476575,5814.047,5816.316,2.269,5816.316,215,VISIBLE,-15.22,-16.99,0.14,2,England,R,PA
3846,6597539,6476579,5817.651,5820.387,2.736,5820.387,215,VISIBLE,-33.97,6.29,0.00,2,England,R,PA
3846,6597564,6476604,5837.271,5837.271,0.000,5837.271,216,ESTIMATED,-20.85,-1.07,0.00,2,England,R,PA
3846,6597573,6476613,5839.072,5840.908,1.836,5840.908,216,VISIBLE,-19.44,-8.64,0.00,2,England,R,PA
3846,6597580,6476621,5842.476,5844.978,2.502,5844.978,216,VISIBLE,-23.89,-20.32,0.12,2,England,R,PA
3846,6597588,6476630,5847.281,5848.348,1.067,5848.348,216,VISIBLE,-38.29,2.80,0.00,2,England,R,PA
3846,6597596,6476638,5850.150,5852.553,2.403,5852.553,216,VISIBLE,-24,18.07,0.20,2,England,R,PA
3846,6597603,6476645,5854.121,5856.356,2.235,5856.356,216,ESTIMATED,-18.07,33.66,2.30,2,England,R,PA
3846,6597607,6476649,5858.192,5859.593,1.401,5859.593,216,VISIBLE,-21.68,21.50,0.21,2,England,R,PA
3846,6597615,6476657,5860.694,5860.694,0.000,5860.694,216,VISIBLE,-12.85,19.95,0.20,2,England,R,PA
3846,6597620,6476660,5861.895,5863.297,1.402,5863.297,216,VISIBLE,-21.55,18.94,0.24,2,England,R,PA
3846,6597626,6476667,5864.164,5866.600,2.436,5866.600,216,VISIBLE,-15.64,20.34,0.07,2,England,R,PA
3846,6597632,6476673,5867.835,5870.971,3.136,5870.971,216,VISIBLE,-26.43,8.90,0.09,2,England,R,PA
3846,6597641,6476684,5873.841,5875.409,1.568,5875.409,216,VISIBLE,-40.47,3.97,0.00,2,England,R,PA
3846,6597649,6476693,5876.543,5879.479,2.936,5879.479,216,VISIBLE,-19.45,11.50,0.16,2,England,R,PA
3846,6597689,6476732,5917.351,5917.351,0.000,5917.351,217,VISIBLE,2.39,28.27,0.00,2,England,R,PA
3846,6597693,6476738,5918.652,5918.652,0.000,5918.652,217,ESTIMATED,2.74,23.66,0.31,2,England,R,PA
3846,6597700,6476746,5919.786,5920.621,0.835,5920.621,217,VISIBLE,-1.33,32.20,0.10,2,England,R,PA
3846,6597702,6476748,5923.223,5923.223,0.000,5923.223,217,VISIBLE,-21.51,29.50,0.00,2,England,R,PA
3846,6597710,6476756,5926.260,5927.494,1.234,5927.494,217,VISIBLE,-33.69,1.44,0.12,2,England,R,PA
3846,6597718,6476768,5928.762,5933.100,4.338,5933.100,217,VISIBLE,-8.78,-5.65,0.07,2,England,R,PA
3846,6597723,6476774,5933.667,5934.935,1.268,5934.935,217,VISIBLE,4.22,-5.81,0.31,2,England,R,PA
3846,6597733,6476786,5938.972,5943.043,4.071,5943.043,217,VISIBLE,41.9,-20.94,0.00,2,England,R,PA
3846,6597735,6476792,5945.078,5945.078,0.000,5945.078,217,VISIBLE,26.16,-24.81,0.42,2,England,R,PA
3846,6597774,6476831,5949.583,5950.417,0.834,5950.417,219,VISIBLE,34.07,-14.09,0.00,2,England,R,PA
3846,6597781,6476838,5951.051,5952.653,1.602,5952.653,219,ESTIMATED,39.85,-19.20,0.14,2,England,R,PA
3846,6597809,6476869,5991.358,5991.358,0.000,5991.358,220,ESTIMATED,51.04,9.36,3.94,2,England,R,PA
3846,6597852,6476911,6026.326,6026.326,0.000,6026.326,222,ESTIMATED,-13.03,-9.09,2.62,2,England,R,PA
3846,6597860,6476918,6027.127,6028.662,1.535,6028.662,222,ESTIMATED,-4.14,-9.21,1.29,2,England,R,PA
3846,6597864,6476921,6029.997,6029.997,0.000,6029.997,222,VISIBLE,-3.98,-12.67,0.61,2,England,R,PA
3846,6597866,6476923,6031.632,6031.632,0.000,6031.632,222,ESTIMATED,7.73,-9.84,2.39,2,England,R,PA
3846,6597889,6476946,6084.918,6084.918,0.000,6084.918,223,ESTIMATED,12.52,-4.32,0.14,2,England,R,PA
3846,6597890,6476947,6085.752,6085.752,0.000,6085.752,223,VISIBLE,12.31,-1.37,0.00,2,England,R,PA
3846,6597891,6476952,6086.486,6086.854,0.368,6086.854,223,VISIBLE,11.31,-6.86,0.00,2,England,R,PA
3846,6597905,6476964,6088.355,6088.355,0.000,6088.355,223,VISIBLE,-1.42,-11.87,0.00,2,England,R,PA
3846,6597908,6476967,6089.623,6089.623,0.000,6089.623,223,VISIBLE,-0.78,-17.75,0.05,2,England,R,PA
3846,6597919,6476979,6090.591,6090.591,0.000,6090.591,223,VISIBLE,2.56,-12.81,0.00,2,England,R,PA
3846,6597923,6476983,6091.291,6092.593,1.302,6092.593,223,VISIBLE,-6.68,-15.51,0.29,2,England,R,PA
3846,6597934,6476993,6093.727,6096.463,2.736,6096.463,223,VISIBLE,-25.36,-9.48,0.05,2,England,R,PA
3846,6597941,6477002,6097.731,6098.799,1.068,6098.799,223,VISIBLE,-26.89,9.53,0.00,2,England,R,PA
3846,6597948,6477010,6100.067,6100.868,0.801,6100.868,223,ESTIMATED,-25.34,24.19,0.00,2,England,R,PA
3846,6597954,6477016,6103.437,6104.505,1.068,6104.505,223,VISIBLE,-49.45,7.18,0.00,2,England,R,PA
3846,6597963,6477022,6105.906,6107.674,1.768,6107.674,223,VISIBLE,-40.97,-14.09,0.00,2,England,R,PA
3846,6597970,6477033,6108.876,6115.315,6.439,6115.315,223,VISIBLE,-10.65,-5.79,0.00,2,England,R,PA
3846,6597978,6477035,6116.450,6118.051,1.601,6118.051,223,ESTIMATED,0.66,15.49,0.34,2,England,R,PA
3846,6597983,6477040,6119.086,6120.354,1.268,6120.354,223,VISIBLE,10.86,30.10,0.27,2,England,R,PA
3846,6597986,6477044,6121.221,6122.890,1.669,6122.890,223,VISIBLE,17.45,30.83,0.23,2,England,R,PA
3846,6597995,6477056,6124.124,6125.959,1.835,6125.959,223,VISIBLE,12.38,27.88,0.05,2,England,R,PA
3846,6598002,6477064,6126.760,6126.760,0.000,6126.760,223,VISIBLE,9.62,21.67,0.28,2,England,R,PA
3846,6598008,6477069,6127.427,6131.899,4.472,6131.899,223,VISIBLE,-0.93,5.43,0.10,2,England,R,PA
3846,6598015,6477076,6132.766,6134.401,1.635,6134.401,223,VISIBLE,12.15,3.29,0.03,2,England,R,PA
3846,6598019,6477080,6135.035,6135.035,0.000,6135.035,225,VISIBLE,17.45,1.48,0.00,2,England,R,PA
3846,6598023,6477092,6135.869,6139.273,3.404,6139.273,225,VISIBLE,37.67,-8.41,0.11,2,England,R,PA
3846,6598046,6477114,6143.377,6144.078,0.701,6144.078,225,VISIBLE,45.27,-5.85,0.11,2,England,R,PA
3846,6598057,6477128,6175.475,6175.475,0.000,6175.475,227,ESTIMATED,38.96,-30.89,1.63,2,England,R,PA
3846,6598060,6477133,6176.977,6179.146,2.169,6179.146,227,VISIBLE,40.08,-23.77,0.00,2,England,R,PA
10505,6635456,6517062,113.847,113.847,0.000,113.847,2,VISIBLE,-18.44,27.58,0.07,1,England,R,PA
10505,6635459,6517065,116.750,116.750,0.000,116.750,2,VISIBLE,-36.61,15.32,0.00,1,England,R,PA
10505,6635567,6517175,156.223,159.126,2.903,159.126,4,VISIBLE,3.89,20.97,0.00,1,England,R,PA
10505,6635609,6517211,171.271,173.507,2.236,173.507,5,VISIBLE,-14.05,14.67,0.00,1,England,R,PA
10505,6635616,6517217,175.509,177.411,1.902,177.411,5,VISIBLE,-27.19,-6.93,0.19,1,England,R,PA
10505,6635618,6517220,179.413,180.714,1.301,180.714,5,VISIBLE,-37.02,5.86,0.00,1,England,R,PA
10505,6635622,6517224,182.583,183.450,0.867,183.450,5,VISIBLE,-30.05,-18.56,0.00,1,England,R,PA
10505,6635625,6517227,184.718,186.887,2.169,186.887,5,VISIBLE,-18.24,-26.98,0.39,1,England,R,PA
10505,6635631,6517232,189.756,192.726,2.970,192.726,5,VISIBLE,-21.84,20.83,0.00,1,England,R,PA
10505,6635635,6517235,193.794,195.863,2.069,195.863,5,VISIBLE,-9.08,29.62,0.00,1,England,R,PA
10505,6635639,6517239,196.964,198.999,2.035,198.999,5,VISIBLE,-8.5,30.02,0.12,1,England,R,PA
10505,6635643,6517243,200.400,205.372,4.972,205.372,5,VISIBLE,-25.97,13.03,0.00,1,England,R,PA
10505,6635652,6517250,206.707,208.642,1.935,208.642,5,VISIBLE,-18.01,21.64,0.00,1,England,R,PA
10505,6635655,6517253,210.010,213.080,3.070,213.080,5,VISIBLE,-23.84,10.90,0.00,1,England,R,PA
10505,6635658,6517256,214.448,215.048,0.600,215.048,5,VISIBLE,-15.26,24.95,0.00,1,England,R,PA
10505,6635663,6517262,216.016,217.651,1.635,217.651,5,VISIBLE,0.24,30.56,0.10,1,England,R,PA
10505,6635764,6517366,244.378,248.215,3.837,248.215,7,ESTIMATED,28.65,33.21,0.00,1,England,R,PA
10505,6635813,6517414,265.232,265.232,0.000,265.232,8,ESTIMATED,31.44,32.50,1.59,1,England,R,PA
10505,6635823,6517423,266.500,267.334,0.834,267.334,8,VISIBLE,31,17.42,0.55,1,England,R,PA
10505,6635840,6517440,268.135,269.102,0.967,269.102,8,VISIBLE,36.98,12.26,0.25,1,England,R,PA
10505,6635876,6517475,304.137,306.907,2.770,306.907,10,VISIBLE,-39.52,-5.83,0.03,1,England,R,PA
10505,6635883,6517482,308.242,310.911,2.669,310.911,10,VISIBLE,-32.06,-8.22,0.00,1,England,R,PA
10505,6635888,6517487,313.580,315.082,1.502,315.082,10,VISIBLE,-15.92,21.82,0.21,1,England,R,PA
10505,6635892,6517491,316.583,317.184,0.601,317.184,10,VISIBLE,-3.42,32.09,0.04,1,England,R,PA
10505,6635906,6517506,318.318,318.318,0.000,318.318,10,VISIBLE,5,31.35,0.01,1,England,R,PA
10505,6635954,6517553,339.039,342.309,3.270,342.309,12,VISIBLE,-29.59,-12.91,0.09,1,England,R,PA
10505,6635958,6517557,343.677,344.912,1.235,344.912,12,VISIBLE,-20.16,-31.44,0.00,1,England,R,PA
10505,6635963,6517563,346.146,348.482,2.336,348.482,12,VISIBLE,-12.14,-22.00,0.53,1,England,R,PA
10505,6635969,6517570,352.753,356.857,4.104,356.857,12,VISIBLE,1.5,25.02,0.00,1,England,R,PA
10505,6635978,6517579,357.724,357.724,0.000,357.724,12,VISIBLE,11.3,24.52,0.00,1,England,R,PA
10505,6635982,6517582,358.759,358.759,0.000,358.759,12,VISIBLE,11.46,31.57,0.31,1,England,R,PA
10505,6636001,6517598,365.999,369.603,3.604,369.603,12,VISIBLE,-28.93,13.37,0.00,1,England,R,PA
10505,6636006,6517602,370.771,373.073,2.302,373.073,12,VISIBLE,-21.98,-9.57,0.00,1,England,R,PA
10505,6636012,6517609,374.174,375.475,1.301,375.475,12,VISIBLE,-18.6,-26.23,0.00,1,England,R,PA
10505,6636020,6517617,376.743,378.679,1.936,378.679,12,VISIBLE,-9.27,-27.61,0.00,1,England,R,PA
10505,6636025,6517623,379.379,380.214,0.835,380.214,12,VISIBLE,-10.87,-21.55,0.00,1,England,R,PA
10505,6636030,6517629,381.081,382.549,1.468,382.549,12,VISIBLE,-18.01,-26.75,0.00,1,England,R,PA
10505,6636037,6517634,383.984,386.954,2.970,386.954,12,VISIBLE,-35.18,-13.02,0.00,1,England,R,PA
10505,6636044,6517642,389.590,391.592,2.002,391.592,12,VISIBLE,-16.7,24.62,0.00,1,England,R,PA
10505,6636057,6517655,392.693,392.693,0.000,392.693,12,VISIBLE,-10.02,18.27,0.00,1,England,R,PA
10505,6636073,6517670,427.394,427.394,0.000,427.394,13,VISIBLE,-10.85,15.55,0.00,1,England,R,PA
10505,6636079,6517675,428.829,430.564,1.735,430.564,13,VISIBLE,-5.99,25.54,0.00,1,England,R,PA
10505,6636081,6517677,431.398,431.398,0.000,431.398,13,VISIBLE,-5.8,18.10,0.00,1,England,R,PA
10505,6636084,6517680,433.667,436.470,2.803,436.470,13,VISIBLE,-29.83,13.30,0.00,1,England,R,PA
10505,6636090,6517686,438.305,440.140,1.835,440.140,13,VISIBLE,-37.14,-3.83,0.00,1,England,R,PA
10505,6636093,6517690,441.341,442.576,1.235,442.576,13,VISIBLE,-27.43,-16.19,0.00,1,England,R,PA
10505,6636103,6517699,443.610,443.610,0.000,443.610,13,ESTIMATED,-20.16,-16.00,0.87,1,England,R,PA
10505,6636106,6517702,444.978,446.647,1.669,446.647,13,VISIBLE,-34.62,-29.56,0.00,1,England,R,PA
10505,6636109,6517706,448.549,448.549,0.000,448.549,13,ESTIMATED,-46.3,-27.46,0.56,1,England,R,PA
10505,6636113,6517709,450.717,450.717,0.000,450.717,13,ESTIMATED,-16.33,-24.29,0.91,1,England,R,PA
10505,6636238,6517838,508.909,508.909,0.000,508.909,21,VISIBLE,19.61,11.55,0.00,1,England,R,PA
10505,6636241,6517840,510.210,511.578,1.368,511.578,21,VISIBLE,20.07,-4.74,0.73,1,England,R,PA
10505,6636301,6517897,520.921,520.954,0.033,520.954,21,ESTIMATED,21.46,-0.12,2.79,1,England,R,PA
10505,6636311,6517907,522.422,522.923,0.501,522.923,21,VISIBLE,32.75,5.24,0.29,1,England,R,PA
10505,6636415,6518014,590.524,597.631,7.107,597.631,24,VISIBLE,-39.61,2.04,0.43,1,England,R,PA
10505,6636424,6518021,598.732,609.409,10.677,609.409,24,VISIBLE,-20.94,7.46,0.00,1,England,R,PA
10505,6636429,6518027,610.844,611.945,1.101,611.945,24,VISIBLE,-17.56,23.22,0.01,1,England,R,PA
10505,6636436,6518032,612.980,612.980,0.000,612.980,24,VISIBLE,-1.36,26.31,0.04,1,England,R,PA
10505,6636444,6518043,614.348,614.348,0.000,614.348,24,ESTIMATED,-0.81,33.11,0.17,1,England,R,PA
10505,6636450,6518050,616.149,616.149,0.000,616.149,24,ESTIMATED,15.87,25.49,2.17,1,England,R,PA
10505,6636500,6518099,629.997,631.231,1.234,631.231,26,VISIBLE,20.7,-27.06,0.03,1,England,R,PA
10505,6636502,6518101,633.934,633.934,0.000,633.934,26,VISIBLE,-1.52,-13.65,0.07,1,England,R,PA
10505,6636505,6518103,635.335,637.437,2.102,637.437,26,VISIBLE,-9.98,-5.71,0.00,1,England,R,PA
10505,6636536,6518130,663.597,665.499,1.902,665.499,27,VISIBLE,-21.81,5.91,0.00,1,England,R,PA
10505,6636540,6518133,666.833,669.570,2.737,669.570,27,VISIBLE,-18.57,23.66,0.00,1,England,R,PA
10505,6636544,6518136,670.470,672.673,2.203,672.673,27,VISIBLE,-20.72,20.76,1.07,1,England,R,PA
10505,6636572,6518167,677.778,678.779,1.001,678.779,29,ESTIMATED,-6.43,24.92,0.99,1,England,R,PA
10505,6636596,6518195,679.913,679.913,0.000,679.913,29,VISIBLE,-8.38,26.38,0.16,1,England,R,PA
10505,6636610,6518207,712.012,712.012,0.000,712.012,30,VISIBLE,-5.01,27.77,0.00,1,England,R,PA
10505,6636615,6518211,713.380,717.451,4.071,717.451,30,VISIBLE,-3.73,25.78,0.00,1,England,R,PA
10505,6636617,6518214,718.218,720.854,2.636,720.854,30,VISIBLE,21.76,28.65,0.04,1,England,R,PA
10505,6636618,6518215,721.855,722.389,0.534,722.389,30,VISIBLE,24.67,29.90,0.00,1,England,R,PA
10505,6636623,6518223,723.390,724.725,1.335,724.725,30,VISIBLE,18.75,24.22,0.39,1,England,R,PA
10505,6636626,6518227,728.061,731.665,3.604,731.665,30,VISIBLE,27.11,-29.03,0.00,1,England,R,PA
10505,6636628,6518228,733.100,734.101,1.001,734.101,30,VISIBLE,10.26,-20.93,0.00,1,England,R,PA
10505,6636632,6518233,735.669,739.973,4.304,739.973,30,VISIBLE,0.11,-5.09,0.75,1,England,R,PA
10505,6636635,6521209,742.409,745.112,2.703,745.112,30,VISIBLE,27.49,-26.05,0.53,1,England,R,PA
10505,6636639,6518240,747.915,750.651,2.736,750.651,30,VISIBLE,20.49,-5.83,0.11,1,England,R,PA
10505,6636641,6518242,752.219,753.253,1.034,753.253,30,VISIBLE,10.26,-11.40,0.23,1,England,R,PA
10505,6636642,6518243,754.988,757.024,2.036,757.024,30,VISIBLE,14.69,15.33,0.07,1,England,R,PA
10505,6636644,6518245,758.192,761.094,2.902,761.094,30,VISIBLE,26.15,27.84,0.01,1,England,R,PA
10505,6636646,6518247,762.429,764.298,1.869,764.298,30,VISIBLE,10.2,21.07,0.00,1,England,R,PA
10505,6636648,6518249,765.532,766.900,1.368,766.900,30,VISIBLE,0.9,-1.90,0.00,1,England,R,PA
10505,6636649,6518250,767.968,767.968,0.000,767.968,30,VISIBLE,2.1,-10.07,0.07,1,England,R,PA
10505,6636651,6518252,769.703,770.771,1.068,770.771,30,VISIBLE,1.19,-2.76,0.17,1,England,R,PA
10505,6636652,6518253,771.371,771.371,0.000,771.371,30,VISIBLE,4.9,-3.07,0.18,1,England,R,PA
10505,6636655,6518256,772.472,773.440,0.968,773.440,30,VISIBLE,0.63,-15.51,0.00,1,England,R,PA
10505,6636656,6518257,775.042,777.811,2.769,777.811,30,VISIBLE,7.05,-29.20,0.00,1,England,R,PA
10505,6636659,6518260,779.513,781.515,2.002,781.515,30,VISIBLE,-13.36,-20.18,0.20,1,England,R,PA
10505,6636662,6518264,782.649,785.652,3.003,785.652,30,VISIBLE,-11.21,-4.12,0.00,1,England,R,PA
10505,6636663,6518265,786.687,786.687,0.000,786.687,30,VISIBLE,-1.09,-9.69,0.00,1,England,R,PA
10505,6636667,6518267,787.754,788.989,1.235,788.989,30,VISIBLE,-10.28,-16.95,0.41,1,England,R,PA
10505,6636671,6518269,798.298,800.500,2.202,800.500,30,VISIBLE,26.81,21.41,0.00,1,England,R,PA
10505,6636674,6518273,801.101,804.271,3.170,804.271,30,VISIBLE,27.05,21.74,0.00,1,England,R,PA
10505,6636686,6518289,804.805,805.305,0.500,805.305,30,VISIBLE,30.74,22.01,0.03,1,England,R,PA
10505,6636708,6518313,815.182,816.350,1.168,816.350,32,VISIBLE,8.97,32.39,0.46,1,England,R,PA
10505,6636725,6518329,865.866,865.866,0.000,865.866,34,ESTIMATED,11.79,-28.70,2.68,1,England,R,PA
10505,6636749,6518353,877.411,877.744,0.333,877.744,36,VISIBLE,15.98,-25.38,0.00,1,England,R,PA
10505,6636753,6518363,878.478,881.715,3.237,881.715,36,VISIBLE,20.52,-23.73,0.00,1,England,R,PA
10505,6636762,6518369,882.716,884.418,1.702,884.418,36,VISIBLE,30.44,-31.07,0.00,1,England,R,PA
10505,6636789,6518400,930.864,932.199,1.335,932.199,39,VISIBLE,-17.36,15.59,0.00,1,England,R,PA
10505,6636792,6518401,932.900,932.900,0.000,932.900,39,VISIBLE,-15.25,12.98,0.00,1,England,R,PA
10505,6636795,6518403,934.201,934.735,0.534,934.735,39,VISIBLE,-30.25,4.27,0.00,1,England,R,PA
10505,6636796,6518404,936.069,937.171,1.102,937.171,39,ESTIMATED,-43.14,7.20,1.24,1,England,R,PA
10505,6636828,6518442,963.263,963.263,0.000,963.263,43,ESTIMATED,36.53,25.22,0.00,1,England,R,PA
10505,6636830,6518443,964.831,965.499,0.668,965.499,43,VISIBLE,36.9,24.88,0.00,1,England,R,PA
10505,6636831,6518445,966.200,966.200,0.000,966.200,43,ESTIMATED,38.97,28.33,0.08,1,England,R,PA
10505,6636832,6518446,967.234,968.135,0.901,968.135,43,VISIBLE,33.21,31.98,0.23,1,England,R,PA
10505,6636833,6518447,968.735,969.403,0.668,969.403,43,ESTIMATED,34.96,27.27,0.44,1,England,R,PA
10505,6636834,6518449,970.103,971.171,1.068,971.171,43,VISIBLE,36.98,21.06,0.20,1,England,R,PA
10505,6635478,6517084,998.432,998.432,0.000,998.432,45,ESTIMATED,-4.84,-20.13,15.42,1,England,R,PA
10505,6635488,6517091,1013.180,1013.180,0.000,1013.180,47,ESTIMATED,-4.37,-31.44,1.25,1,England,R,PA
10505,6635491,6517095,1015.415,1016.316,0.901,1016.316,47,VISIBLE,-29.41,-27.50,0.00,1,England,R,PA
10505,6635495,6517099,1018.852,1019.953,1.101,1019.953,47,ESTIMATED,-39.25,3.22,0.50,1,England,R,PA
10505,6635512,6517118,1046.346,1046.346,0.000,1046.346,48,VISIBLE,0.55,29.22,0.00,1,England,R,PA
10505,6635514,6517121,1047.581,1048.815,1.234,1048.815,48,VISIBLE,-16,20.59,0.00,1,England,R,PA
10505,6635517,6517124,1050.651,1051.685,1.034,1051.685,48,VISIBLE,-19.22,-5.29,0.00,1,England,R,PA
10505,6635520,6517126,1053.020,1057.324,4.304,1057.324,48,VISIBLE,-11.01,-14.14,0.58,1,England,R,PA
10505,6635523,6517130,1059.260,1060.461,1.201,1060.461,48,VISIBLE,-6.71,26.47,0.00,1,England,R,PA
10505,6635527,6517133,1061.395,1062.429,1.034,1062.429,48,VISIBLE,-0.54,30.00,0.00,1,England,R,PA
10505,6635529,6517136,1063.464,1066.066,2.602,1066.066,48,VISIBLE,6.57,27.17,0.02,1,England,R,PA
10505,6635533,6518494,1066.567,1066.567,0.000,1066.567,48,VISIBLE,10.3,26.73,0.09,1,England,R,PA
10505,6635538,6517144,1068.102,1069.203,1.101,1069.203,48,VISIBLE,27.36,29.64,0.00,1,England,R,PA
10505,6635573,6517179,1083.750,1084.251,0.501,1084.251,50,VISIBLE,-35.13,17.94,0.01,1,England,R,PA
10505,6635575,6517182,1085.185,1085.919,0.734,1085.919,50,VISIBLE,-41.63,13.14,0.00,1,England,R,PA
10505,6635587,6517191,1105.239,1105.239,0.000,1105.239,51,ESTIMATED,-41.51,-9.56,0.00,1,England,R,PA
10505,6635592,6517196,1106.573,1107.708,1.135,1107.708,51,VISIBLE,-35.29,-5.76,0.00,1,England,R,PA
10505,6635594,6517198,1108.976,1108.976,0.000,1108.976,51,VISIBLE,-25.36,2.41,0.00,1,England,R,PA
10505,6635597,6517201,1110.410,1112.245,1.835,1112.245,51,VISIBLE,-26.25,-12.74,0.00,1,England,R,PA
10505,6635601,6517204,1113.380,1114.381,1.001,1114.381,51,VISIBLE,-17.67,-27.22,0.00,1,England,R,PA
10505,6635605,6517207,1115.815,1117.150,1.335,1117.150,51,VISIBLE,-4.66,-29.75,0.17,1,England,R,PA
10505,6635621,6517223,1124.257,1125.091,0.834,1125.091,53,ESTIMATED,-28.86,-19.95,0.59,1,England,R,PA
10505,6635626,6517228,1127.226,1130.129,2.903,1130.129,53,VISIBLE,-41.56,-3.63,0.16,1,England,R,PA
10505,6635627,6517229,1131.631,1131.631,0.000,1131.631,53,ESTIMATED,-20.02,-6.56,0.83,1,England,R,PA
10505,6635637,6517237,1134.600,1136.803,2.203,1136.803,53,ESTIMATED,-42.73,-32.18,0.00,1,England,R,PA
10505,6635644,6517244,1138.538,1145.178,6.640,1145.178,53,VISIBLE,-33.54,-5.62,0.10,1,England,R,PA
10505,6635646,6517246,1146.245,1146.979,0.734,1146.979,53,VISIBLE,-28.99,-9.24,0.00,1,England,R,PA
10505,6635650,6517249,1148.214,1149.949,1.735,1149.949,53,VISIBLE,-36.17,2.44,0.00,1,England,R,PA
10505,6635654,6517252,1151.684,1157.924,6.240,1157.924,53,VISIBLE,-29.24,20.41,0.00,1,England,R,PA
10505,6635667,6517266,1159.526,1164.698,5.172,1164.698,53,VISIBLE,-18.27,-16.58,0.00,1,England,R,PA
10505,6635670,6517269,1165.932,1165.932,0.000,1165.932,53,ESTIMATED,-22.5,-22.15,0.19,1,England,R,PA
10505,6635675,6517275,1167.768,1174.408,6.640,1174.408,53,VISIBLE,-27.25,6.13,0.00,1,England,R,PA
10505,6635678,6517277,1175.442,1182.582,7.140,1182.582,53,ESTIMATED,-22.42,8.89,0.17,1,England,R,PA
10505,6635683,6517281,1183.817,1185.252,1.435,1185.252,53,VISIBLE,-18.25,-14.75,0.00,1,England,R,PA
10505,6635687,6517285,1186.520,1189.356,2.836,1189.356,53,VISIBLE,-10.62,-26.30,0.18,1,England,R,PA
10505,6635695,6517295,1192.092,1197.597,5.505,1197.597,53,VISIBLE,0.95,17.53,0.00,1,England,R,PA
10505,6635699,6517299,1198.932,1199.433,0.501,1199.433,53,VISIBLE,-0.8,26.68,0.02,1,England,R,PA
10505,6635702,6517302,1200.567,1201.434,0.867,1201.434,53,VISIBLE,5.53,28.83,0.00,1,England,R,PA
10505,6635710,6517312,1202.669,1203.870,1.201,1203.870,53,VISIBLE,-7.12,25.14,0.00,1,England,R,PA
10505,6635714,6517316,1205.305,1207.440,2.135,1207.440,53,VISIBLE,-12.52,-0.81,0.00,1,England,R,PA
10505,6635719,6517321,1208.775,1210.210,1.435,1210.210,53,VISIBLE,-6.27,-13.20,0.85,1,England,R,PA
10505,6635777,6517380,1259.560,1263.196,3.636,1263.196,56,VISIBLE,15.48,-31.45,0.00,1,England,R,PA
10505,6635919,6518518,1392.893,1393.827,0.934,1393.827,60,VISIBLE,-39.54,-19.33,0.00,1,England,R,PA
10505,6635956,6517555,1407.341,1407.341,0.000,1407.341,62,VISIBLE,-24.75,12.19,0.21,1,England,R,PA
10505,6636004,6517601,1472.373,1477.311,4.938,1477.311,64,VISIBLE,-24.79,-6.59,0.00,1,England,R,PA
10505,6636010,6517606,1479.046,1480.014,0.968,1480.014,64,VISIBLE,-27.75,11.96,0.04,1,England,R,PA
10505,6636017,6517614,1480.848,1484.752,3.904,1484.752,64,VISIBLE,-31.83,21.15,0.03,1,England,R,PA
10505,6636021,6517619,1487.388,1488.489,1.101,1488.489,64,VISIBLE,-44.72,-5.79,0.00,1,England,R,PA
10505,6636024,6517622,1490.024,1491.558,1.534,1491.558,64,VISIBLE,-31.25,-24.50,0.30,1,England,R,PA
10505,6636038,6517635,1497.231,1497.231,0.000,1497.231,66,VISIBLE,-10.3,-22.97,0.15,1,England,R,PA
10505,6636841,6518459,1513.547,1513.547,0.000,1513.547,68,VISIBLE,-9.69,35.97,0.82,1,England,R,PA
10505,6636850,6518469,1514.648,1515.115,0.467,1515.115,68,ESTIMATED,-12.88,35.32,0.75,1,England,R,PA
10505,6636065,6517662,1520.187,1521.221,1.034,1521.221,68,ESTIMATED,-10.83,0.00,0.18,1,England,R,PA
10505,6636060,6517657,1523.123,1523.123,0.000,1523.123,68,ESTIMATED,-14.07,-14.13,0.15,1,England,R,PA
10505,6636068,6517665,1524.291,1525.425,1.134,1525.425,68,VISIBLE,-19.26,-10.84,0.00,1,England,R,PA
10505,6636071,6517668,1526.360,1527.294,0.934,1527.294,68,VISIBLE,-15.39,-17.84,0.11,1,England,R,PA
10505,6636074,6517671,1528.729,1529.630,0.901,1529.630,68,VISIBLE,-27.32,-5.13,0.00,1,England,R,PA
10505,6636080,6517676,1531.899,1533.834,1.935,1533.834,68,VISIBLE,-28.99,17.81,0.00,1,England,R,PA
10505,6636083,6517679,1535.969,1541.108,5.139,1541.108,68,VISIBLE,-36.71,10.76,0.00,1,England,R,PA
10505,6636095,6517692,1542.810,1544.645,1.835,1544.645,68,VISIBLE,-18.19,27.35,0.15,1,England,R,PA
10505,6636096,6517693,1545.646,1547.281,1.635,1547.281,68,VISIBLE,-7.39,30.15,0.19,1,England,R,PA
10505,6636101,6517697,1548.716,1553.554,4.838,1553.554,68,VISIBLE,0.22,20.46,0.01,1,England,R,PA
10505,6636115,6518479,1557.357,1557.357,0.000,1557.357,70,ESTIMATED,-15.13,14.47,0.53,1,England,R,PA
10505,6636122,6517717,1559.359,1560.627,1.268,1560.627,70,VISIBLE,-15.37,16.39,0.02,1,England,R,PA
10505,6636126,6517721,1561.795,1564.731,2.936,1564.731,70,VISIBLE,-5.16,28.63,0.00,1,England,R,PA
10505,6636132,6517727,1565.565,1566.800,1.235,1566.800,70,VISIBLE,-8.75,21.09,0.03,1,England,R,PA
10505,6636135,6517730,1567.534,1572.005,4.471,1572.005,70,VISIBLE,-15.83,1.02,0.00,1,England,R,PA
10505,6636141,6517739,1572.939,1583.483,10.544,1583.483,70,VISIBLE,-9.73,6.55,0.00,1,England,R,PA
10505,6636146,6517744,1586.119,1588.321,2.202,1588.321,70,VISIBLE,-13.72,24.13,0.00,1,England,R,PA
10505,6636150,6517748,1589.756,1591.424,1.668,1591.424,70,VISIBLE,-14.05,-1.14,0.00,1,England,R,PA
10505,6636155,6517753,1592.559,1595.395,2.836,1595.395,70,VISIBLE,-13.87,-6.64,0.00,1,England,R,PA
10505,6636160,6517760,1597.430,1602.135,4.705,1602.135,70,VISIBLE,-16.5,19.80,0.03,1,England,R,PA
10505,6636161,6517761,1603.269,1606.906,3.637,1606.906,70,VISIBLE,-11.82,-6.58,0.01,1,England,R,PA
10505,6636166,6517765,1609.042,1610.543,1.501,1610.543,70,VISIBLE,-2.57,-27.03,0.13,1,England,R,PA
10505,6636169,6517768,1611.378,1612.145,0.767,1612.145,70,VISIBLE,-5.26,-20.85,0.36,1,England,R,PA
10505,6636172,6517772,1613.413,1617.017,3.604,1617.017,70,VISIBLE,-13.8,-10.31,0.00,1,England,R,PA
10505,6636177,6517777,1618.451,1622.956,4.505,1622.956,70,VISIBLE,17.56,-31.33,0.00,1,England,R,PA
10505,6636182,6517782,1623.590,1624.524,0.934,1624.524,70,VISIBLE,19.91,-24.62,0.00,1,England,R,PA
10505,6636183,6517783,1625.792,1626.927,1.135,1626.927,70,VISIBLE,13.3,-4.08,0.06,1,England,R,PA
10505,6636188,6517788,1629.195,1630.797,1.602,1630.797,70,VISIBLE,20.73,25.42,0.01,1,England,R,PA
10505,6636192,6517791,1631.731,1634.167,2.436,1634.167,70,VISIBLE,19.36,22.04,0.04,1,England,R,PA
10505,6636195,6517794,1635.402,1636.736,1.334,1636.736,70,VISIBLE,9.99,15.77,0.00,1,England,R,PA
10505,6636199,6517798,1637.771,1641.374,3.603,1641.374,70,VISIBLE,5.31,8.48,0.27,1,England,R,PA
10505,6636201,6517799,1642.509,1642.842,0.333,1642.842,70,VISIBLE,7.33,18.81,0.03,1,England,R,PA
10505,6636205,6517804,1643.777,1644.978,1.201,1644.978,70,VISIBLE,9.2,24.69,0.13,1,England,R,PA
10505,6636209,6517808,1645.812,1646.846,1.034,1646.846,70,VISIBLE,21.68,17.56,0.18,1,England,R,PA
10505,6636214,6517814,1647.314,1647.314,0.000,1647.314,70,VISIBLE,26.44,19.24,0.06,1,England,R,PA
10505,6636218,6517817,1648.214,1651.351,3.137,1651.351,70,VISIBLE,34.25,26.51,0.48,1,England,R,PA
10505,6636240,6517839,1655.955,1655.955,0.000,1655.955,72,VISIBLE,19.55,26.93,0.00,1,England,R,PA
10505,6636261,6517857,1666.033,1668.068,2.035,1668.068,72,VISIBLE,-4.72,15.66,0.00,1,England,R,PA
10505,6636266,6517862,1669.203,1670.938,1.735,1670.938,72,VISIBLE,-5.5,2.64,0.00,1,England,R,PA
10505,6636268,6517864,1671.972,1671.972,0.000,1671.972,72,VISIBLE,-2.23,8.42,0.00,1,England,R,PA
10505,6636274,6517870,1673.607,1675.742,2.135,1675.742,72,VISIBLE,-7.67,-15.79,0.00,1,England,R,PA
10505,6636277,6517874,1676.977,1677.711,0.734,1677.711,72,ESTIMATED,-18.04,-20.10,0.62,1,England,R,PA
10505,6636282,6517878,1680.047,1682.649,2.602,1682.649,72,VISIBLE,-31.81,16.74,0.00,1,England,R,PA
10505,6636285,6517881,1684.117,1687.888,3.771,1687.888,72,VISIBLE,-23.84,20.24,0.00,1,England,R,PA
10505,6636289,6517884,1689.923,1696.997,7.074,1696.997,72,VISIBLE,-24.87,0.12,0.00,1,England,R,PA
10505,6636293,6517888,1698.432,1704.004,5.572,1704.004,72,VISIBLE,-9.17,-12.54,0.00,1,England,R,PA
10505,6636867,6518497,1706.340,1706.340,0.000,1706.340,74,VISIBLE,-2.85,-8.75,0.12,1,England,R,PA
10505,6636334,6517932,1731.031,1731.031,0.000,1731.031,75,ESTIMATED,26.34,-30.93,1.06,1,England,R,PA
10505,6636336,6517933,1731.932,1731.932,0.000,1731.932,75,VISIBLE,26.42,-27.49,0.39,1,England,R,PA
10505,6636338,6517935,1733.267,1733.267,0.000,1733.267,75,ESTIMATED,15.7,-33.62,0.49,1,England,R,PA
10505,6636339,6517936,1735.068,1736.603,1.535,1736.603,75,VISIBLE,-3.77,-20.06,0.19,1,England,R,PA
10505,6636341,6517938,1738.639,1739.673,1.034,1739.673,75,VISIBLE,-3.65,8.30,0.02,1,England,R,PA
10505,6636344,6517941,1741.041,1743.210,2.169,1743.210,75,VISIBLE,4.28,26.53,0.00,1,England,R,PA
10505,6636350,6517947,1745.045,1747.714,2.669,1747.714,75,VISIBLE,-7.99,12.28,0.00,1,England,R,PA
10505,6636353,6517949,1749.249,1750.584,1.335,1750.584,75,VISIBLE,-4.17,-9.82,0.00,1,England,R,PA
10505,6636357,6517954,1751.618,1752.319,0.701,1752.319,75,VISIBLE,3.25,-12.56,0.08,1,England,R,PA
10505,6636362,6517960,1753.754,1754.321,0.567,1754.321,75,VISIBLE,-7.28,-9.28,0.00,1,England,R,PA
10505,6636365,6517962,1755.656,1757.691,2.035,1757.691,75,ESTIMATED,-4.33,-12.87,0.17,1,England,R,PA
10505,6636370,6517971,1758.559,1760.794,2.235,1760.794,75,VISIBLE,-3.28,3.72,0.00,1,England,R,PA
10505,6636372,6517973,1763.030,1764.064,1.034,1764.064,75,VISIBLE,3.95,25.97,0.09,1,England,R,PA
10505,6636373,6517974,1765.198,1765.232,0.034,1765.232,75,VISIBLE,18.39,29.18,0.05,1,England,R,PA
10505,6636374,6517975,1765.966,1765.966,0.000,1765.966,75,VISIBLE,22.48,22.70,0.00,1,England,R,PA
10505,6636378,6517979,1766.900,1769.136,2.236,1769.136,75,VISIBLE,21.51,20.25,0.00,1,England,R,PA
10505,6636382,6517985,1769.970,1772.606,2.636,1772.606,75,VISIBLE,18.66,26.61,0.00,1,England,R,PA
10505,6636388,6517989,1773.206,1773.206,0.000,1773.206,75,VISIBLE,18.28,23.89,0.00,1,England,R,PA
10505,6636392,6517994,1775.042,1776.476,1.434,1776.476,75,VISIBLE,2.39,23.25,0.00,1,England,R,PA
10505,6636396,6517997,1777.611,1777.911,0.300,1777.911,75,VISIBLE,8.26,27.62,0.04,1,England,R,PA
10505,6636398,6517999,1779.179,1780.414,1.235,1780.414,75,VISIBLE,-9.16,24.05,0.02,1,England,R,PA
10505,6636402,6518003,1781.548,1783.183,1.635,1783.183,75,VISIBLE,-9.41,-3.77,0.00,1,England,R,PA
10505,6636407,6518007,1784.317,1785.552,1.235,1785.552,75,VISIBLE,-5.38,-14.14,0.00,1,England,R,PA
10505,6636411,6518011,1786.686,1789.523,2.837,1789.523,75,ESTIMATED,-6.47,-6.87,1.31,1,England,R,PA
10505,6636416,6518015,1792.659,1792.659,0.000,1792.659,75,ESTIMATED,29.09,-28.32,0.55,1,England,R,PA
10505,6635540,6517146,1927.461,1927.461,0.000,1927.461,78,ESTIMATED,-0.2,6.08,4.63,1,England,R,PA
10505,6635572,6518528,1944.044,1944.044,0.000,1944.044,82,ESTIMATED,-31.07,-23.67,2.96,1,England,R,PA
10505,6635576,6517183,1946.713,1946.713,0.000,1946.713,82,VISIBLE,-32.32,-31.29,0.21,1,England,R,PA
10505,6635596,6517200,1958.492,1958.492,0.000,1958.492,84,ESTIMATED,-49.02,-18.80,0.57,1,England,R,PA
10505,6635613,6517214,1990.924,1991.491,0.567,1991.491,85,VISIBLE,-13.59,24.12,0.00,1,England,R,PA
10505,6635615,6517216,1992.659,1994.294,1.635,1994.294,85,VISIBLE,-19.55,14.83,0.00,1,England,R,PA
10505,6635620,6517222,1995.963,2000.467,4.504,2000.467,85,VISIBLE,-14.71,1.71,0.00,1,England,R,PA
10505,6635624,6517226,2002.236,2003.070,0.834,2003.070,85,VISIBLE,-9.47,17.64,0.00,1,England,R,PA
10505,6635633,6517234,2004.438,2007.007,2.569,2007.007,85,VISIBLE,-3.29,25.93,0.02,1,England,R,PA
10505,6635636,6517236,2008.242,2014.248,6.006,2014.248,85,VISIBLE,-20.5,15.48,0.07,1,England,R,PA
10505,6635638,6517238,2016.450,2018.285,1.835,2018.285,85,VISIBLE,-29.02,-2.61,0.01,1,England,R,PA
10505,6635640,6517240,2019.586,2020.621,1.035,2020.621,85,VISIBLE,-25.08,-7.15,0.00,1,England,R,PA
10505,6635641,6517241,2022.990,2024.191,1.201,2024.191,85,VISIBLE,-14.19,20.30,0.00,1,England,R,PA
10505,6635645,6517245,2025.325,2026.793,1.468,2026.793,85,VISIBLE,-10.38,25.77,0.00,1,England,R,PA
10505,6635649,6517248,2028.595,2030.831,2.236,2030.831,85,ESTIMATED,-11.14,13.79,1.25,1,England,R,PA
10505,6635661,6517260,2036.203,2040.908,4.705,2040.908,87,VISIBLE,24.57,28.08,0.00,1,England,R,PA
10505,6635700,6517300,2048.649,2048.749,0.100,2048.749,89,ESTIMATED,33.66,12.22,2.68,1,England,R,PA
10505,6635804,6517404,2145.145,2145.145,0.000,2145.145,92,ESTIMATED,-26.51,14.54,0.00,1,England,R,PA
10505,6635809,6517409,2147.080,2152.352,5.272,2152.352,92,VISIBLE,-14.39,10.67,0.00,1,England,R,PA
10505,6635811,6517411,2153.987,2154.955,0.968,2154.955,92,VISIBLE,-10.45,-9.44,0.00,1,England,R,PA
10505,6635857,6517456,2189.323,2189.323,0.000,2189.323,96,VISIBLE,-40.29,-29.32,0.03,1,England,R,PA
10505,6635860,6517459,2190.057,2190.591,0.534,2190.591,96,VISIBLE,-38.63,-24.30,0.11,1,England,R,PA
10505,6635863,6517462,2191.191,2191.191,0.000,2191.191,96,ESTIMATED,-40.14,-22.40,1.16,1,England,R,PA
10505,6635866,6517469,2195.562,2199.132,3.570,2199.132,96,ESTIMATED,-6.54,-8.02,1.16,1,England,R,PA
10505,6635878,6517477,2200.634,2200.634,0.000,2200.634,96,VISIBLE,-0.79,-13.02,0.52,1,England,R,PA
10505,6635881,6517480,2201.435,2202.569,1.134,2202.569,96,VISIBLE,2.57,-10.61,0.10,1,England,R,PA
10505,6635884,6517483,2203.871,2204.838,0.967,2204.838,96,ESTIMATED,1.62,-11.00,1.01,1,England,R,PA
10505,6635890,6517489,2207.074,2208.742,1.668,2208.742,96,VISIBLE,15.99,21.46,0.00,1,England,R,PA
10505,6635893,6517496,2209.643,2212.412,2.769,2212.412,96,VISIBLE,22.2,22.95,0.00,1,England,R,PA
10505,6635901,6517501,2213.514,2215.949,2.435,2215.949,96,VISIBLE,23.75,29.43,0.00,1,England,R,PA
10505,6635911,6517510,2217.050,2217.885,0.835,2217.885,96,VISIBLE,31.01,26.19,0.04,1,England,R,PA
10505,6635916,6517514,2218.385,2218.385,0.000,2218.385,96,VISIBLE,30.46,29.45,0.00,1,England,R,PA
10505,6635920,6517518,2219.753,2220.754,1.001,2220.754,96,VISIBLE,19.67,27.26,0.00,1,England,R,PA
10505,6635923,6517521,2221.588,2223.891,2.303,2223.891,96,VISIBLE,8.82,18.54,0.00,1,England,R,PA
10505,6635928,6517529,2225.425,2227.294,1.869,2227.294,96,VISIBLE,7.13,3.63,0.00,1,England,R,PA
10505,6635931,6517531,2229.162,2229.162,0.000,2229.162,96,VISIBLE,1.17,-9.57,0.00,1,England,R,PA
10505,6635933,6517534,2230.497,2231.798,1.301,2231.798,96,VISIBLE,5.56,-21.48,0.61,1,England,R,PA
10505,6636011,6517607,2360.761,2361.762,1.001,2361.762,99,VISIBLE,-26.89,3.17,0.00,1,England,R,PA
10505,6636013,6517610,2363.597,2364.431,0.834,2364.431,99,VISIBLE,-18.81,25.73,0.08,1,England,R,PA
10505,6636016,6517613,2365.199,2366.200,1.001,2366.200,99,VISIBLE,-9.63,32.24,0.00,1,England,R,PA
10505,6636019,6517616,2367.000,2367.000,0.000,2367.000,99,VISIBLE,-0.43,29.64,0.00,1,England,R,PA
10505,6636022,6517620,2368.368,2370.204,1.836,2370.204,99,VISIBLE,12.6,25.68,0.03,1,England,R,PA
10505,6636028,6517626,2372.039,2373.373,1.334,2373.373,99,VISIBLE,41.57,14.19,0.00,1,England,R,PA
10505,6636175,6517775,2523.423,2523.423,0.000,2523.423,101,VISIBLE,-44.87,-6.62,0.89,1,England,R,PA
10505,6636185,6518192,2529.096,2532.432,3.336,2532.432,101,VISIBLE,46.15,-18.32,0.07,1,England,R,PA
10505,6636211,6517811,2564.731,2564.731,0.000,2564.731,103,ESTIMATED,3.65,-21.90,9.62,1,England,R,PA
10505,6636222,6517822,2568.535,2568.535,0.000,2568.535,105,ESTIMATED,4.43,-17.16,2.15,1,England,R,PA
10505,6636224,6517824,2569.369,2569.369,0.000,2569.369,105,ESTIMATED,6.92,-18.66,1.62,1,England,R,PA
10505,6636228,6517829,2571.305,2571.305,0.000,2571.305,105,ESTIMATED,15.25,-14.32,0.46,1,England,R,PA
10505,6636263,6517859,2611.044,2611.044,0.000,2611.044,107,VISIBLE,-19.57,-10.97,0.00,1,England,R,PA
10505,6636269,6517865,2613.747,2615.482,1.735,2615.482,107,ESTIMATED,-36.03,8.70,1.44,1,England,R,PA
10505,6636290,6517885,2623.790,2623.790,0.000,2623.790,109,ESTIMATED,-4.09,-15.63,1.22,1,England,R,PA
10505,6636295,6517890,2625.125,2625.125,0.000,2625.125,109,ESTIMATED,-3.83,-18.03,1.62,1,England,R,PA
10505,6636306,6517902,2634.568,2635.002,0.434,2635.002,111,VISIBLE,6.81,13.35,0.03,1,England,R,PA
10505,6636312,6517908,2636.270,2638.305,2.035,2638.305,111,VISIBLE,31.29,10.79,0.00,1,England,R,PA
10505,6636337,6517934,2680.347,2680.347,0.000,2680.347,112,ESTIMATED,29.47,2.84,1.93,1,England,R,PA
10505,6636356,6518379,2690.156,2690.156,0.000,2690.156,114,ESTIMATED,11.08,-26.12,2.26,1,England,R,PA
10505,6636387,6517988,2732.699,2732.699,0.000,2732.699,115,ESTIMATED,-18.2,-32.38,0.16,1,England,R,PA
10505,6636390,6517992,2733.333,2734.735,1.402,2734.735,115,VISIBLE,-14.98,-33.05,0.04,1,England,R,PA
10505,6636394,6517995,2735.402,2736.270,0.868,2736.270,115,VISIBLE,-11.13,-29.41,0.57,1,England,R,PA
10505,6636400,6518001,2738.539,2745.445,6.906,2745.445,115,VISIBLE,-38.29,-9.43,0.00,1,England,R,PA
10505,6636405,6518006,2746.313,2747.281,0.968,2747.281,115,VISIBLE,-30.91,-14.89,0.00,1,England,R,PA
10505,6636408,6518008,2748.649,2748.649,0.000,2748.649,115,VISIBLE,-20.03,-15.66,0.00,1,England,R,PA
10505,6636410,6518010,2750.083,2750.083,0.000,2750.083,115,VISIBLE,-18.99,-31.35,0.00,1,England,R,PA
10505,6636423,6518024,2752.986,2757.357,4.371,2757.357,115,VISIBLE,33.5,-21.92,0.05,1,England,R,PA
10505,6636453,6518053,2805.305,2805.305,0.000,2805.305,117,ESTIMATED,9.96,33.78,1.82,1,England,R,PA
10505,6636458,6518057,2807.574,2811.812,4.238,2811.812,117,VISIBLE,-12.07,11.44,0.00,1,England,R,PA
10505,6636462,6518061,2813.280,2813.280,0.000,2813.280,117,VISIBLE,-14.64,-2.53,0.02,1,England,R,PA
10505,6636471,6518073,2815.616,2825.792,10.176,2825.792,117,ESTIMATED,-26.88,4.46,1.02,1,England,R,PA
10505,6636474,6518076,2828.395,2828.395,0.000,2828.395,117,ESTIMATED,9.99,-22.05,1.87,1,England,R,PA
10505,6636480,6518081,2829.796,2830.764,0.968,2830.764,117,VISIBLE,12.49,-19.45,0.00,1,England,R,PA
10505,6636483,6518083,2831.832,2831.832,0.000,2831.832,117,VISIBLE,7.16,-22.74,0.00,1,England,R,PA
10505,6636487,6518087,2832.866,2832.866,0.000,2832.866,117,VISIBLE,17.07,-30.95,0.00,1,England,R,PA
10505,6636545,6518137,2899.733,2899.733,0.000,2899.733,120,ESTIMATED,-34.18,-23.02,3.20,1,England,R,PA
10505,6636546,6518138,2901.034,2901.034,0.000,2901.034,120,ESTIMATED,-26.99,-23.36,1.15,1,England,R,PA
10505,6636581,6518187,2920.320,2926.059,5.739,2926.059,122,VISIBLE,4.29,-2.96,0.04,1,England,R,PA
10505,6636591,6518190,2927.461,2927.461,0.000,2927.461,122,ESTIMATED,18.33,0.89,1.26,1,England,R,PA
10505,6635427,6517027,3035.669,3035.669,0.000,3035.669,123,VISIBLE,-1.34,-0.75,0.14,2,England,L,PA
10505,6635430,6517030,3036.670,3038.205,1.535,3038.205,123,ESTIMATED,-12.03,3.29,0.77,2,England,L,PA
10505,6635443,6517046,3050.817,3050.817,0.000,3050.817,125,ESTIMATED,11.47,30.12,2.24,2,England,L,PA
10505,6635590,6517194,3053.787,3056.857,3.070,3056.857,125,VISIBLE,11.4,-9.52,0.00,2,England,L,PA
10505,6635447,6517053,3058.825,3060.093,1.268,3060.093,125,VISIBLE,9.22,-30.45,0.00,2,England,L,PA
10505,6635449,6517055,3060.994,3062.362,1.368,3062.362,125,VISIBLE,9.18,-28.89,0.00,2,England,L,PA
10505,6635451,6517057,3064.231,3066.433,2.202,3066.433,125,VISIBLE,-12.43,-6.13,0.24,2,England,L,PA
10505,6635452,6517058,3067.544,3069.169,1.625,3069.169,125,VISIBLE,-10.32,6.92,0.28,2,England,L,PA
10505,6635454,6517060,3070.070,3070.070,0.000,3070.070,125,VISIBLE,-7.2,7.00,0.14,2,England,L,PA
10505,6635458,6517064,3071.371,3071.371,0.000,3071.371,125,VISIBLE,-9.9,24.70,0.04,2,England,L,PA
10505,6635462,6517069,3075.342,3075.342,0.000,3075.342,125,VISIBLE,-38.65,14.61,0.00,2,England,L,PA
10505,6635464,6517071,3077.578,3078.846,1.268,3078.846,125,VISIBLE,-42.25,-6.72,0.33,2,England,L,PA
10505,6635469,6517076,3081.615,3081.615,0.000,3081.615,125,ESTIMATED,5.15,-17.94,1.37,2,England,L,PA
10505,6635480,6517086,3087.921,3087.921,0.000,3087.921,127,ESTIMATED,-20.44,-30.21,2.78,2,England,L,PA
10505,6635612,6517213,3096.830,3100.000,3.170,3100.000,129,ESTIMATED,-44.66,-31.18,1.28,2,England,L,PA
10505,6635659,6517257,3132.533,3132.533,0.000,3132.533,131,ESTIMATED,-5.87,-24.77,1.48,2,England,L,PA
10505,6635713,6517315,3146.680,3147.481,0.801,3147.481,133,VISIBLE,-3.5,12.76,0.09,2,England,L,PA
10505,6636063,6517661,3149.650,3149.650,0.000,3149.650,133,VISIBLE,-3.94,26.16,0.03,2,England,L,PA
10505,6635723,6517325,3150.450,3151.451,1.001,3151.451,133,VISIBLE,4.78,30.11,0.01,2,England,L,PA
10505,6635728,6517330,3152.686,3153.320,0.634,3153.320,133,VISIBLE,12.48,32.07,0.33,2,England,L,PA
10505,6635732,6517335,3154.755,3156.323,1.568,3156.323,133,VISIBLE,-8.47,27.61,0.00,2,England,L,PA
10505,6635737,6517340,3157.191,3158.792,1.601,3158.792,133,VISIBLE,-7.81,17.25,0.02,2,England,L,PA
10505,6635743,6517344,3160.761,3161.528,0.767,3161.528,133,VISIBLE,-18.87,-1.17,0.00,2,England,L,PA
10505,6635747,6517348,3163.397,3164.598,1.201,3164.598,133,VISIBLE,-19.19,-16.55,0.00,2,England,L,PA
10505,6635760,6517360,3165.232,3165.632,0.400,3165.632,133,VISIBLE,-13.88,-9.65,0.00,2,England,L,PA
10505,6635765,6517367,3166.667,3168.268,1.601,3168.268,133,VISIBLE,-14.26,-7.28,0.00,2,England,L,PA
10505,6635769,6517370,3169.469,3169.469,0.000,3169.469,133,VISIBLE,-3.32,-14.04,0.00,2,England,L,PA
10505,6635773,6517376,3171.104,3173.974,2.870,3173.974,133,ESTIMATED,-18.58,-13.01,1.02,2,England,L,PA
10505,6636152,6517750,3178.779,3179.112,0.333,3179.112,135,VISIBLE,32.74,16.25,0.25,2,England,L,PA
10505,6635800,6517401,3185.752,3185.752,0.000,3185.752,135,ESTIMATED,31.85,6.26,11.63,2,England,L,PA
10505,6635806,6517407,3189.690,3191.525,1.835,3191.525,137,VISIBLE,10.79,-2.28,0.00,2,England,L,PA
10505,6635810,6517410,3192.693,3194.228,1.535,3194.228,137,VISIBLE,1.19,-17.46,0.00,2,England,L,PA
10505,6635814,6517415,3195.762,3198.131,2.369,3198.131,137,VISIBLE,-5.63,-11.00,0.35,2,England,L,PA
10505,6635940,6517539,3225.559,3228.996,3.437,3228.996,140,VISIBLE,-1.08,11.98,0.07,2,England,L,PA
10505,6635944,6517544,3230.579,3230.797,0.218,3230.797,140,VISIBLE,-12.54,7.72,0.18,2,England,L,PA
10505,6635950,6517549,3232.199,3234.835,2.636,3234.835,140,VISIBLE,-11.29,24.86,0.00,2,England,L,PA
10505,6635955,6517554,3236.103,3236.103,0.000,3236.103,140,VISIBLE,-14.03,19.52,0.00,2,England,L,PA
10505,6635976,6517577,3237.271,3237.271,0.000,3237.271,140,VISIBLE,-12.68,23.96,0.02,2,England,L,PA
10505,6635980,6517580,3238.772,3239.206,0.434,3239.206,140,VISIBLE,-15.9,15.88,0.02,2,England,L,PA
10505,6636434,6518037,3240.007,3244.778,4.771,3244.778,140,VISIBLE,-4.87,-4.57,0.00,2,England,L,PA
10505,6635992,6517592,3247.548,3247.548,0.000,3247.548,140,VISIBLE,-6.86,-27.84,0.00,2,England,L,PA
10505,6636023,6517621,3252.452,3253.687,1.235,3253.687,142,VISIBLE,10.9,-0.39,0.06,2,England,L,PA
10505,6636117,6517713,3313.580,3314.581,1.001,3314.581,144,VISIBLE,-35.15,-4.94,0.00,2,England,L,PA
10505,6636120,6517715,3315.445,3316.884,1.439,3316.884,144,ESTIMATED,-37.58,-14.33,1.06,2,England,L,PA
10505,6636133,6517728,3324.798,3325.559,0.761,3325.559,144,ESTIMATED,-40.24,-26.05,0.14,2,England,L,PA
10505,6636136,6517732,3327.734,3329.930,2.196,3329.930,144,VISIBLE,-39.66,3.49,0.00,2,England,L,PA
10505,6636142,6517740,3331.029,3339.907,8.878,3339.907,144,ESTIMATED,-14.3,15.75,1.45,2,England,L,PA
10505,6636171,6517771,3355.556,3356.957,1.401,3356.957,145,VISIBLE,18.06,24.72,0.00,2,England,L,PA
10505,6636176,6517776,3357.958,3360.127,2.169,3360.127,145,VISIBLE,15.07,16.83,0.00,2,England,L,PA
10505,6636181,6517781,3361.195,3363.197,2.002,3363.197,145,VISIBLE,24.79,14.59,0.05,2,England,L,PA
10505,6636198,6517797,3367.067,3367.067,0.000,3367.067,147,VISIBLE,13.34,4.00,0.00,2,England,L,PA
10505,6636202,6517800,3367.835,3369.102,1.267,3369.102,147,VISIBLE,6.65,-2.48,0.00,2,England,L,PA
10505,6636206,6517805,3370.394,3372.606,2.212,3372.606,147,VISIBLE,-14.65,10.64,0.00,2,England,L,PA
10505,6636210,6517809,3374.587,3376.643,2.056,3376.643,147,VISIBLE,-30.63,-0.14,0.00,2,England,L,PA
10505,6636742,6518346,3378.245,3381.281,3.036,3381.281,147,VISIBLE,-19.23,19.61,0.00,2,England,L,PA
10505,6636747,6518351,3382.516,3384.351,1.835,3384.351,147,VISIBLE,-18.15,13.64,0.00,2,England,L,PA
10505,6636751,6518355,3385.853,3389.489,3.636,3389.489,147,VISIBLE,-13.81,-9.18,0.00,2,England,L,PA
10505,6636229,6517830,3390.899,3392.626,1.727,3392.626,147,VISIBLE,2.58,-30.99,0.03,2,England,L,PA
10505,6636779,6518387,3393.460,3393.460,0.000,3393.460,147,VISIBLE,15.4,-22.08,0.20,2,England,L,PA
10505,6636249,6517846,3419.319,3419.319,0.000,3419.319,148,ESTIMATED,25.73,-33.23,1.96,2,England,L,PA
10505,6636276,6517872,3439.940,3439.940,0.000,3439.940,149,ESTIMATED,33.18,-26.61,0.13,2,England,L,PA
10505,6636279,6517875,3440.841,3442.042,1.201,3442.042,149,VISIBLE,32.22,-22.92,0.27,2,England,L,PA
10505,6636819,6518428,3442.676,3443.243,0.567,3443.243,149,VISIBLE,36,-15.81,0.44,2,England,L,PA
10505,6636823,6518434,3444.511,3446.747,2.236,3446.747,149,VISIBLE,43.41,-19.20,0.22,2,England,L,PA
10505,6636305,6517900,3448.682,3452.553,3.871,3452.553,151,VISIBLE,26.83,-19.16,0.23,2,England,L,PA
10505,6636308,6517904,3454.154,3454.154,0.000,3454.154,151,VISIBLE,17.74,-3.22,0.33,2,England,L,PA
10505,6636310,6517906,3456.657,3456.657,0.000,3456.657,151,VISIBLE,12.81,18.37,0.00,2,England,L,PA
10505,6636323,6517921,3457.970,3462.563,4.593,3462.563,151,VISIBLE,30.42,23.14,0.04,2,England,L,PA
10505,6636326,6517925,3463.697,3463.697,0.000,3463.697,151,VISIBLE,25.29,25.07,0.00,2,England,L,PA
10505,6636340,6517937,3464.698,3466.366,1.668,3466.366,151,VISIBLE,31.53,25.01,0.00,2,England,L,PA
10505,6636343,6517940,3467.067,3468.669,1.602,3468.669,151,VISIBLE,22.2,15.18,0.09,2,England,L,PA
10505,6636347,6517944,3470.137,3471.471,1.334,3471.471,151,VISIBLE,15.93,-10.85,0.00,2,England,L,PA
10505,6636349,6517946,3472.530,3474.408,1.878,3474.408,151,VISIBLE,26.01,-29.92,0.16,2,England,L,PA
10505,6636358,6517956,3475.309,3476.944,1.635,3476.944,151,VISIBLE,26.46,-22.78,0.18,2,England,L,PA
10505,6636361,6517959,3477.595,3478.846,1.251,3478.846,151,VISIBLE,19.88,-25.48,0.03,2,England,L,PA
10505,6636836,6518451,3479.913,3480.881,0.968,3480.881,151,VISIBLE,6.29,-18.50,0.00,2,England,L,PA
10505,6636371,6517972,3484.318,3484.318,0.000,3484.318,151,VISIBLE,-15.81,-6.66,0.21,2,England,L,PA
10505,6636377,6517978,3486.979,3496.363,9.384,3496.363,151,ESTIMATED,-34.68,-3.83,0.70,2,England,L,PA
10505,6636381,6517984,3499.333,3499.333,0.000,3499.333,151,ESTIMATED,9.68,-23.19,3.28,2,England,L,PA
10505,6636389,6517991,3500.767,3504.671,3.904,3504.671,151,VISIBLE,24.39,-13.32,0.00,2,England,L,PA
10505,6636432,6518029,3527.828,3527.828,0.000,3527.828,153,ESTIMATED,7.44,-9.74,3.73,2,England,L,PA
10505,6636522,6518117,3551.818,3552.886,1.068,3552.886,156,VISIBLE,22.08,-4.74,0.14,2,England,L,PA
10505,6636857,6518481,3571.772,3571.772,0.000,3571.772,158,ESTIMATED,31.12,-23.18,0.00,2,England,L,PA
10505,6636570,6518164,3635.669,3635.669,0.000,3635.669,160,VISIBLE,-46.67,6.25,0.41,2,England,L,PA
10505,6636583,6518178,3643.677,3646.013,2.336,3646.013,162,VISIBLE,-1.31,-2.19,0.00,2,England,L,PA
10505,6636585,6518180,3648.549,3648.549,0.000,3648.549,162,VISIBLE,3.96,-21.33,0.00,2,England,L,PA
10505,6636586,6518182,3649.516,3650.684,1.168,3650.684,162,ESTIMATED,15.42,-8.60,1.99,2,England,L,PA
10505,6636589,6518186,3653.320,3656.056,2.736,3656.056,162,VISIBLE,35.72,26.47,0.01,2,England,L,PA
10505,6636601,6518201,3661.995,3665.666,3.671,3665.666,162,VISIBLE,3.22,27.50,0.00,2,England,L,PA
10505,6636605,6518204,3666.981,3669.603,2.622,3669.603,162,VISIBLE,-4.57,6.50,0.00,2,England,L,PA
10505,6636609,6518206,3671.738,3672.706,0.968,3672.706,162,VISIBLE,6.06,-21.38,0.00,2,England,L,PA
10505,6636611,6518208,3673.722,3675.275,1.553,3675.275,162,VISIBLE,24.52,-31.68,0.04,2,England,L,PA
10505,6636700,6518304,3727.394,3727.394,0.000,3727.394,164,VISIBLE,-12.12,-18.27,0.06,2,England,L,PA
10505,6636701,6518305,3728.595,3729.196,0.601,3729.196,164,VISIBLE,-3.87,-23.91,0.07,2,England,L,PA
10505,6636703,6518308,3729.963,3729.963,0.000,3729.963,164,VISIBLE,-8.34,-23.89,0.06,2,England,L,PA
10505,6636728,6518331,3835.636,3835.636,0.000,3835.636,166,ESTIMATED,23.29,33.34,2.57,2,England,L,PA
10505,6636730,6518333,3836.703,3836.703,0.000,3836.703,166,ESTIMATED,20.35,32.09,2.16,2,England,L,PA
10505,6636733,6518336,3837.604,3837.604,0.000,3837.604,166,ESTIMATED,20.2,33.04,2.41,2,England,L,PA
10505,6636737,6518340,3839.239,3839.306,0.067,3839.306,166,ESTIMATED,7.18,29.56,2.22,2,England,L,PA
10505,6636739,6518342,3840.440,3840.440,0.000,3840.440,166,ESTIMATED,6.02,22.23,0.76,2,England,L,PA
10505,6636743,6518347,3841.675,3844.478,2.803,3844.478,166,VISIBLE,-8.83,8.68,0.00,2,England,L,PA
10505,6636745,6518349,3847.077,3848.815,1.738,3848.815,166,VISIBLE,-17.04,-13.18,0.00,2,England,L,PA
10505,6636870,6518503,3850.817,3853.153,2.336,3853.153,166,VISIBLE,-19.28,-26.14,0.00,2,England,L,PA
10505,6636750,6518354,3855.789,3855.789,0.000,3855.789,166,VISIBLE,-42.82,-23.79,0.01,2,England,L,PA
10505,6636754,6518358,3857.466,3860.027,2.561,3860.027,166,VISIBLE,-40.82,5.38,0.00,2,England,L,PA
10505,6636756,6518361,3860.938,3861.929,0.991,3861.929,166,VISIBLE,-32.08,10.54,0.00,2,England,L,PA
10505,6636758,6518364,3862.930,3864.264,1.334,3864.264,166,VISIBLE,-25.05,1.80,0.00,2,England,L,PA
10505,6636760,6518367,3865.399,3867.000,1.601,3867.000,166,VISIBLE,-5.42,4.53,0.30,2,England,L,PA
10505,6636764,6518371,3869.770,3872.005,2.235,3872.005,166,VISIBLE,28.7,15.89,0.09,2,England,L,PA
10505,6636771,6518378,3901.535,3901.535,0.000,3901.535,167,ESTIMATED,45.37,32.51,1.92,2,England,L,PA
10505,6635442,6517045,3982.649,3982.649,0.000,3982.649,173,VISIBLE,-12.34,-13.51,0.03,2,England,L,PA
10505,6636882,6518521,3983.617,3985.953,2.336,3985.953,173,VISIBLE,9.34,-13.11,0.00,2,England,L,PA
10505,6636883,6518523,3987.387,3988.422,1.035,3988.422,173,VISIBLE,20.36,-9.08,0.06,2,England,L,PA
10505,6635461,6517068,4008.242,4008.242,0.000,4008.242,175,VISIBLE,0.82,-0.08,0.09,2,England,L,PA
10505,6635463,6517070,4009.943,4009.943,0.000,4009.943,175,VISIBLE,1.38,10.34,0.07,2,England,L,PA
10505,6635465,6517072,4010.811,4012.212,1.401,4012.212,175,VISIBLE,-9.14,17.67,0.00,2,England,L,PA
10505,6635468,6517074,4015.048,4015.048,0.000,4015.048,175,VISIBLE,-29.38,9.60,0.00,2,England,L,PA
10505,6635471,6517112,4017.184,4018.218,1.034,4018.218,175,VISIBLE,-43.77,-8.41,0.53,2,England,L,PA
10505,6635530,6517137,4084.418,4086.220,1.802,4086.220,178,ESTIMATED,-15.56,11.08,0.12,2,England,L,PA
10505,6635537,6517143,4087.955,4092.793,4.838,4092.793,178,VISIBLE,4.28,26.08,0.00,2,England,L,PA
10505,6635551,6517156,4093.527,4093.527,0.000,4093.527,178,VISIBLE,3.18,22.11,0.09,2,England,L,PA
10505,6635545,6517151,4095.395,4095.762,0.367,4095.762,178,VISIBLE,-12.71,24.21,0.00,2,England,L,PA
10505,6635554,6517159,4096.730,4097.631,0.901,4097.631,178,VISIBLE,-11.43,16.06,0.00,2,England,L,PA
10505,6635559,6517164,4099.366,4102.369,3.003,4102.369,178,VISIBLE,-11.82,4.62,0.08,2,England,L,PA
10505,6635564,6517169,4103.570,4104.605,1.035,4104.605,178,VISIBLE,-9.61,22.87,0.00,2,England,L,PA
10505,6635569,6517174,4105.873,4106.373,0.500,4106.373,178,VISIBLE,-4.5,28.68,0.01,2,England,L,PA
10505,6635571,6517177,4107.841,4108.942,1.101,4108.942,178,VISIBLE,-21.24,20.83,0.00,2,England,L,PA
10505,6635574,6517180,4110.811,4111.712,0.901,4111.712,178,VISIBLE,-28.85,-3.99,0.00,2,England,L,PA
10505,6635578,6517185,4113.347,4114.982,1.635,4114.982,178,VISIBLE,-17.26,-19.34,0.00,2,England,L,PA
10505,6635581,6517187,4116.149,4116.149,0.000,4116.149,178,VISIBLE,-0.21,-17.35,0.11,2,England,L,PA
10505,6635585,6517189,4117.017,4117.017,0.000,4117.017,178,VISIBLE,3.34,-13.58,0.00,2,England,L,PA
10505,6635593,6517197,4118.085,4121.655,3.570,4121.655,178,VISIBLE,2.52,-25.21,0.07,2,England,L,PA
10505,6635595,6517199,4122.422,4122.422,0.000,4122.422,178,VISIBLE,-0.36,-22.10,0.04,2,England,L,PA
10505,6635602,6517205,4123.757,4125.959,2.202,4125.959,178,ESTIMATED,-11.85,-18.08,0.09,2,England,L,PA
10505,6635606,6517208,4127.528,4131.298,3.770,4131.298,178,VISIBLE,-1.78,13.81,0.00,2,England,L,PA
10505,6635610,6517212,4132.666,4132.666,0.000,4132.666,178,ESTIMATED,12.88,29.97,0.83,2,England,L,PA
10505,6635630,6517231,4134.101,4134.101,0.000,4134.101,178,ESTIMATED,21.08,31.94,2.46,2,England,L,PA
10505,6635665,6517264,4232.499,4232.499,0.000,4232.499,178,VISIBLE,18.48,22.11,0.00,2,England,L,PA
10505,6635671,6517270,4233.700,4235.202,1.502,4235.202,178,VISIBLE,16.08,6.06,0.67,2,England,L,PA
10505,6635712,6517314,4267.568,4267.568,0.000,4267.568,180,ESTIMATED,-22.86,-0.05,0.86,2,England,L,PA
10505,6635715,6517317,4270.170,4271.338,1.168,4271.338,180,ESTIMATED,-45.73,-5.45,0.70,2,England,L,PA
10505,6635722,6517324,4274.274,4276.443,2.169,4276.443,180,ESTIMATED,-6.65,-23.43,0.00,2,England,L,PA
10505,6635730,6517331,4277.344,4278.378,1.034,4278.378,180,VISIBLE,-10.79,-22.56,0.00,2,England,L,PA
10505,6635731,6517333,4279.913,4281.982,2.069,4281.982,180,VISIBLE,-28.79,-20.03,0.08,2,England,L,PA
10505,6635736,6517339,4284.017,4285.886,1.869,4285.886,180,VISIBLE,-22.72,11.38,0.00,2,England,L,PA
10505,6635740,6517342,4287.221,4287.221,0.000,4287.221,180,VISIBLE,-11.68,15.18,0.00,2,England,L,PA
10505,6635746,6517347,4288.222,4289.156,0.934,4289.156,180,VISIBLE,-21.49,13.25,0.02,2,England,L,PA
10505,6635748,6517349,4290.357,4290.357,0.000,4290.357,180,VISIBLE,-16.27,19.88,0.00,2,England,L,PA
10505,6635754,6517355,4291.792,4296.763,4.971,4296.763,180,ESTIMATED,-14.89,14.81,0.10,2,England,L,PA
10505,6635756,6517357,4297.631,4297.631,0.000,4297.631,180,VISIBLE,-17.4,21.54,0.20,2,England,L,PA
10505,6635763,6517365,4299.600,4304.605,5.005,4304.605,180,VISIBLE,-28.78,3.88,0.00,2,England,L,PA
10505,6635766,6517368,4306.106,4306.974,0.868,4306.974,180,VISIBLE,-17.75,24.79,0.27,2,England,L,PA
10505,6635772,6517373,4308.208,4308.208,0.000,4308.208,180,VISIBLE,-22.86,15.99,0.27,2,England,L,PA
10505,6635776,6517379,4308.909,4308.909,0.000,4308.909,180,VISIBLE,-18.67,15.95,0.05,2,England,L,PA
10505,6635782,6517385,4310.377,4310.377,0.000,4310.377,180,VISIBLE,-17.74,27.18,0.16,2,England,L,PA
10505,6635785,6517388,4311.445,4311.445,0.000,4311.445,180,VISIBLE,-10.07,22.93,0.13,2,England,L,PA
10505,6635820,6517420,4338.105,4338.105,0.000,4338.105,181,VISIBLE,-8.59,12.74,0.00,2,England,L,PA
10505,6635826,6517426,4339.606,4340.507,0.901,4340.507,181,VISIBLE,0.96,26.54,0.07,2,England,L,PA
10505,6635831,6517432,4341.141,4342.743,1.602,4342.743,181,VISIBLE,0.18,18.98,0.00,2,England,L,PA
10505,6635835,6517435,4343.944,4346.113,2.169,4346.113,181,VISIBLE,-10.19,-4.34,0.32,2,England,L,PA
10505,6635880,6517479,4365.566,4366.900,1.334,4366.900,182,VISIBLE,-0.17,27.20,0.00,2,England,L,PA
10505,6635887,6517486,4368.836,4369.369,0.533,4369.369,182,VISIBLE,-9.25,19.19,0.00,2,England,L,PA
10505,6635894,6517493,4370.704,4372.272,1.568,4372.272,182,VISIBLE,-10.11,6.40,0.00,2,England,L,PA
10505,6635896,6517497,4373.440,4373.440,0.000,4373.440,182,VISIBLE,-1.77,11.61,0.00,2,England,L,PA
10505,6635900,6517500,4374.341,4374.341,0.000,4374.341,182,VISIBLE,-10.14,13.87,0.14,2,England,L,PA
10505,6635902,6517502,4376.410,4376.410,0.000,4376.410,182,VISIBLE,-16.8,0.74,0.00,2,England,L,PA
10505,6635907,6517507,4378.245,4378.245,0.000,4378.245,182,VISIBLE,-24.74,-17.60,0.00,2,England,L,PA
10505,6635910,6517586,4380.647,4380.647,0.000,4380.647,182,ESTIMATED,-37.62,-11.43,0.88,2,England,L,PA
10505,6635952,6517551,4393.627,4398.532,4.905,4398.532,184,ESTIMATED,-35.61,-5.32,2.25,2,England,L,PA
10505,6636008,6517703,4432.099,4432.099,0.000,4432.099,187,ESTIMATED,-29.4,-8.01,2.61,2,England,L,PA
10505,6636082,6517678,4484.418,4485.853,1.435,4485.853,189,VISIBLE,-29.24,19.03,0.00,2,England,L,PA
10505,6636087,6517683,4486.954,4488.455,1.501,4488.455,189,VISIBLE,-25.75,22.01,0.01,2,England,L,PA
10505,6636091,6517687,4489.189,4489.189,0.000,4489.189,189,VISIBLE,-31.13,20.99,0.02,2,England,L,PA
10505,6636094,6517691,4490.457,4490.457,0.000,4490.457,189,VISIBLE,-24.23,10.13,0.00,2,England,L,PA
10505,6636098,6517695,4492.059,4495.729,3.670,4495.729,189,VISIBLE,-34.94,-12.16,0.00,2,England,L,PA
10505,6636102,6517698,4496.463,4497.130,0.667,4497.130,189,VISIBLE,-37.53,-14.13,0.04,2,England,L,PA
10505,6636104,6517700,4498.999,4500.500,1.501,4500.500,189,VISIBLE,-37.05,14.15,0.00,2,England,L,PA
10505,6636108,6517705,4502.135,4504.605,2.470,4504.605,189,VISIBLE,-29,25.37,0.00,2,England,L,PA
10505,6636114,6517710,4506.106,4515.182,9.076,4515.182,189,VISIBLE,-17.09,11.75,0.00,2,England,L,PA
10505,6636119,6517714,4516.116,4516.116,0.000,4516.116,189,VISIBLE,-0.63,21.68,0.00,2,England,L,PA
10505,6636125,6517720,4517.351,4519.987,2.636,4519.987,189,VISIBLE,19.63,23.23,0.01,2,England,L,PA
10505,6636272,6517873,4579.146,4584.451,5.305,4584.451,191,VISIBLE,-40.62,-30.35,0.00,2,England,L,PA
10505,6636346,6517943,4661.929,4661.929,0.000,4661.929,195,ESTIMATED,-32.17,32.77,1.37,2,England,L,PA
10505,6636351,6517948,4663.163,4666.099,2.936,4666.099,195,VISIBLE,-33.57,31.52,1.09,2,England,L,PA
10505,6636426,6518025,4800.167,4800.167,0.000,4800.167,199,ESTIMATED,16.02,33.73,2.42,2,England,L,PA
10505,6636431,6518028,4802.002,4803.637,1.635,4803.637,199,VISIBLE,-2.94,22.60,0.00,2,England,L,PA
10505,6636437,6518033,4805.038,4806.173,1.135,4806.173,199,VISIBLE,-8.89,-2.23,0.05,2,England,L,PA
10505,6636439,6518036,4807.908,4808.976,1.068,4808.976,199,VISIBLE,-10.05,-20.81,0.20,2,England,L,PA
10505,6636451,6518051,4817.284,4817.284,0.000,4817.284,199,ESTIMATED,-4.67,4.26,0.21,2,England,L,PA
10505,6636457,6518056,4819.186,4820.254,1.068,4820.254,199,VISIBLE,12.91,27.74,0.04,2,England,L,PA
10505,6636461,6518060,4821.822,4823.023,1.201,4823.023,199,VISIBLE,-1.15,23.84,0.00,2,England,L,PA
10505,6636464,6518065,4823.824,4824.925,1.101,4824.925,199,VISIBLE,-4.04,20.71,0.06,2,England,L,PA
10505,6636465,6518066,4825.859,4825.859,0.000,4825.859,199,ESTIMATED,-2.61,27.14,0.29,2,England,L,PA
10505,6636469,6518070,4829.263,4829.263,0.000,4829.263,199,ESTIMATED,-32.9,9.25,2.39,2,England,L,PA
10505,6636479,6518080,4830.664,4835.669,5.005,4835.669,199,ESTIMATED,-36.78,-6.21,1.84,2,England,L,PA
10505,6635494,6517098,4838.071,4839.339,1.268,4839.339,199,VISIBLE,-4.05,-29.37,0.00,2,England,L,PA
10505,6635496,6517102,4840.674,4842.843,2.169,4842.843,199,VISIBLE,-1.65,-26.31,0.00,2,England,L,PA
10505,6635541,6517147,4920.621,4921.622,1.001,4921.622,199,VISIBLE,-5.31,-30.72,0.00,2,England,L,PA
10505,6635544,6517150,4922.523,4922.523,0.000,4922.523,199,VISIBLE,9.07,-31.82,0.00,2,England,L,PA
10505,6635560,6517165,4973.874,4973.874,0.000,4973.874,200,ESTIMATED,46.17,9.88,4.56,2,England,L,PA
10505,6635608,6517210,4980.781,4980.781,0.000,4980.781,202,ESTIMATED,7.14,28.61,0.92,2,England,L,PA
10505,6635628,6517230,4984.151,4987.621,3.470,4987.621,202,VISIBLE,-21.55,11.63,0.76,2,England,L,PA
10505,6635690,6517289,5029.596,5029.596,0.000,5029.596,206,ESTIMATED,-32.54,8.64,0.35,2,England,L,PA
10505,6635694,6517293,5030.898,5030.898,0.000,5030.898,206,ESTIMATED,-26.7,11.98,1.73,2,England,L,PA
10505,6635698,6517298,5032.666,5032.666,0.000,5032.666,206,ESTIMATED,-14.35,13.01,1.94,2,England,L,PA
10505,6635771,6517375,5072.673,5073.707,1.034,5073.707,209,VISIBLE,-1.6,18.33,0.03,2,England,L,PA
10505,6635774,6517377,5074.608,5074.608,0.000,5074.608,209,VISIBLE,2.12,13.58,0.24,2,England,L,PA
10505,6635778,6517381,5075.876,5075.876,0.000,5075.876,209,VISIBLE,-6.17,9.56,0.00,2,England,L,PA
10505,6635783,6517392,5076.944,5082.149,5.205,5082.149,209,VISIBLE,0.07,8.99,0.00,2,England,L,PA
10505,6635792,6517394,5083.483,5084.218,0.735,5084.218,209,VISIBLE,-7.02,23.82,0.24,2,England,L,PA
10505,6635795,6517397,5085.219,5085.219,0.000,5085.219,209,ESTIMATED,-5.56,19.05,0.25,2,England,L,PA
10505,6635821,6517421,5097.698,5097.698,0.000,5097.698,211,VISIBLE,18.54,-18.49,0.19,2,England,L,PA
10505,6635825,6517425,5098.765,5098.765,0.000,5098.765,211,VISIBLE,11.14,-14.75,0.27,2,England,L,PA
10505,6635829,6517429,5099.666,5100.434,0.768,5100.434,211,VISIBLE,9.55,-22.52,0.23,2,England,L,PA
10505,6635832,6517433,5101.435,5101.435,0.000,5101.435,211,VISIBLE,19.88,-29.58,0.00,2,England,L,PA
10505,6635833,6517434,5102.603,5103.704,1.101,5103.704,211,VISIBLE,9.88,-26.60,0.10,2,England,L,PA
10505,6635838,6517438,5105.305,5105.305,0.000,5105.305,211,VISIBLE,3.66,-21.66,0.20,2,England,L,PA
10505,6635845,6517445,5106.473,5107.441,0.968,5107.441,211,VISIBLE,-5.59,-12.39,0.05,2,England,L,PA
10505,6635850,6517449,5109.209,5110.611,1.402,5110.611,211,VISIBLE,0.86,10.14,0.00,2,England,L,PA
10505,6635854,6517453,5111.511,5111.511,0.000,5111.511,211,ESTIMATED,0.27,6.60,0.10,2,England,L,PA
10505,6635856,6517455,5112.279,5112.279,0.000,5112.279,211,VISIBLE,-1.14,12.17,0.04,2,England,L,PA
10505,6635862,6517461,5113.814,5114.615,0.801,5114.615,211,VISIBLE,-11.29,8.46,0.00,2,England,L,PA
10505,6635865,6517464,5115.682,5118.352,2.670,5118.352,211,ESTIMATED,-3.15,6.88,0.17,2,England,L,PA
10505,6635867,6517466,5119.019,5119.019,0.000,5119.019,211,ESTIMATED,-3.71,10.70,0.18,2,England,L,PA
10505,6635872,6517471,5120.587,5122.389,1.802,5122.389,211,VISIBLE,-13.79,-2.81,0.00,2,England,L,PA
10505,6635877,6517476,5123.223,5124.625,1.402,5124.625,211,VISIBLE,-11.52,-9.63,0.01,2,England,L,PA
10505,6635882,6517481,5126.627,5130.230,3.603,5130.230,211,VISIBLE,-10.44,9.21,0.50,2,England,L,PA
10505,6635466,6517073,5137.237,5143.510,6.273,5143.510,213,VISIBLE,15.37,29.80,0.00,2,England,L,PA
10505,6635470,6517077,5145.179,5145.946,0.767,5145.946,213,VISIBLE,-1.9,23.03,0.00,2,England,L,PA
10505,6635472,6517079,5148.815,5148.815,0.000,5148.815,213,VISIBLE,2.02,7.52,0.00,2,England,L,PA
10505,6635476,6517082,5150.250,5151.552,1.302,5151.552,213,VISIBLE,4.79,-23.73,0.00,2,England,L,PA
10505,6635482,6517088,5153.153,5156.356,3.203,5156.356,213,VISIBLE,26.76,-30.20,0.03,2,England,L,PA
10505,6635905,6517505,5158.358,5160.127,1.769,5160.127,213,VISIBLE,16,-25.27,0.00,2,England,L,PA
10505,6635947,6517548,5215.349,5216.483,1.134,5216.483,213,VISIBLE,-10.02,0.30,0.02,2,England,L,PA
10505,6635953,6517552,5217.684,5222.456,4.772,5222.456,213,VISIBLE,-10.03,17.01,0.00,2,England,L,PA
10505,6635959,6517559,5225.926,5225.926,0.000,5225.926,213,VISIBLE,-32.44,23.56,0.00,2,England,L,PA
10505,6635962,6517562,5228.662,5231.298,2.636,5231.298,213,VISIBLE,-34.24,-8.03,0.31,2,England,L,PA
10505,6636069,6517667,5278.745,5278.745,0.000,5278.745,215,ESTIMATED,2.58,30.40,4.32,2,England,L,PA
10505,6636089,6517685,5288.388,5288.388,0.000,5288.388,218,ESTIMATED,-3.26,22.48,2.14,2,England,L,PA
10505,6636092,6517689,5290.290,5290.290,0.000,5290.290,218,ESTIMATED,9.93,26.01,0.94,2,England,L,PA
10505,6636097,6521747,5291.458,5291.458,0.000,5291.458,218,VISIBLE,15.82,24.23,0.18,2,England,L,PA
10505,6636260,6521661,5404.571,5404.571,0.000,5404.571,220,VISIBLE,21.61,17.26,0.76,2,England,L,PA
10505,6636270,6517866,5406.106,5409.743,3.637,5409.743,220,VISIBLE,29.13,17.41,0.00,2,England,L,PA
10505,6636299,6517894,5421.255,5424.725,3.470,5424.725,222,VISIBLE,-27.81,1.58,0.82,2,England,L,PA
10505,6636404,6518005,5466.300,5467.201,0.901,5467.201,224,ESTIMATED,17.42,-4.22,0.34,2,England,L,PA
10505,6636520,6518115,5535.269,5543.610,8.341,5543.610,228,ESTIMATED,-36.35,-6.46,2.80,2,England,L,PA
10505,6636524,6518119,5545.512,5549.316,3.804,5549.316,228,VISIBLE,-14.05,-28.94,0.00,2,England,L,PA
10505,6636525,6518120,5551.385,5551.385,0.000,5551.385,228,VISIBLE,-19.16,-3.37,0.00,2,England,L,PA
10505,6636531,6518125,5552.986,5554.021,1.035,5554.021,228,VISIBLE,-29.29,6.54,0.22,2,England,L,PA
10505,6636535,6518129,5555.055,5556.423,1.368,5556.423,228,VISIBLE,-19.27,19.44,0.09,2,England,L,PA
10505,6636553,6518145,5557.924,5560.394,2.470,5560.394,228,VISIBLE,-12.37,26.98,0.00,2,England,L,PA
10505,6636555,6518148,5561.494,5562.496,1.002,5562.496,228,VISIBLE,-22.39,22.30,0.01,2,England,L,PA
10505,6636557,6518150,5563.797,5564.665,0.868,5564.665,228,VISIBLE,-40.93,18.78,0.00,2,England,L,PA
10505,6636560,6518153,5566.266,5568.602,2.336,5568.602,228,VISIBLE,-42.69,-2.93,0.00,2,England,L,PA
10505,6636564,6518157,5569.636,5569.636,0.000,5569.636,228,VISIBLE,-34.26,-1.01,0.00,2,England,L,PA
10505,6636566,6518161,5571.672,5573.106,1.434,5573.106,228,VISIBLE,-40.01,18.20,0.00,2,England,L,PA
10505,6636571,6518166,5574.141,5578.645,4.504,5578.645,228,VISIBLE,-24.19,14.69,0.04,2,England,L,PA
10505,6636573,6518168,5580.513,5581.448,0.935,5581.448,228,VISIBLE,-20.51,29.33,0.00,2,England,L,PA
10505,6636593,6518193,5593.961,5593.961,0.000,5593.961,230,VISIBLE,-10.09,5.50,0.50,2,England,L,PA
10505,6636598,6518197,5595.929,5597.297,1.368,5597.297,230,VISIBLE,-15.67,11.30,0.01,2,England,L,PA
10505,6636600,6518200,5598.131,5598.131,0.000,5598.131,230,VISIBLE,-9.88,12.67,0.00,2,England,L,PA
10505,6636604,6518203,5600.167,5603.837,3.670,5603.837,230,VISIBLE,-18.12,27.17,0.00,2,England,L,PA
10505,6636606,6518205,5604.605,5604.605,0.000,5604.605,230,VISIBLE,-18.62,22.91,0.11,2,England,L,PA
10505,6636680,6518280,5710.077,5710.077,0.000,5710.077,234,ESTIMATED,-9.33,25.18,5.27,2,England,L,PA
10505,6636681,6518283,5711.745,5714.481,2.736,5714.481,234,ESTIMATED,-22.36,31.39,0.76,2,England,L,PA
10505,6636683,6518284,5716.383,5717.317,0.934,5717.317,234,VISIBLE,-37.1,19.59,0.00,2,England,L,PA
10505,6636684,6518285,5718.519,5724.925,6.406,5724.925,234,VISIBLE,-29.65,-2.88,0.32,2,England,L,PA
10505,6636688,6518291,5731.265,5733.267,2.002,5733.267,234,VISIBLE,-25.53,23.49,0.00,2,England,L,PA
10505,6636690,6518293,5734.468,5734.468,0.000,5734.468,234,VISIBLE,-20.8,19.53,0.02,2,England,L,PA
10505,6636692,6518296,5735.369,5735.369,0.000,5735.369,234,ESTIMATED,-22.73,29.57,0.13,2,England,L,PA
10505,6636844,6518460,5737.838,5737.838,0.000,5737.838,234,ESTIMATED,-42.29,32.38,0.00,2,England,L,PA
10505,6636705,6518310,5746.413,5746.413,0.000,5746.413,236,VISIBLE,-0.79,6.22,0.00,2,England,L,PA
10505,6636706,6518311,5748.448,5748.448,0.000,5748.448,236,ESTIMATED,11.23,8.96,0.90,2,England,L,PA
10505,6636709,6518314,5750.784,5754.621,3.837,5754.621,236,VISIBLE,33.81,-16.34,0.00,2,England,L,PA
10505,6636755,6518359,5811.211,5811.211,0.000,5811.211,238,ESTIMATED,-35.91,-5.02,1.84,2,England,L,PA
10505,6636757,6518362,5812.946,5812.946,0.000,5812.946,238,ESTIMATED,-26.04,-11.11,1.96,2,England,L,PA
10505,6636808,6518418,5945.546,5945.546,0.000,5945.546,244,ESTIMATED,-39.61,17.88,6.15,2,England,L,PA
10513,6668181,6551698,110.544,110.544,0.000,110.544,2,ESTIMATED,-23.08,-6.32,0.81,1,England,R,PA
10513,6668198,6551713,144.077,147.014,2.937,147.014,3,ESTIMATED,-45.22,-1.31,0.00,1,England,R,PA
10513,6668203,6551720,148.515,153.320,4.805,153.320,3,VISIBLE,-24.05,0.59,0.00,1,England,R,PA
10513,6668205,6551722,154.021,155.255,1.234,155.255,3,VISIBLE,-16.68,14.73,0.00,1,England,R,PA
10513,6668211,6551729,156.490,157.858,1.368,157.858,3,VISIBLE,-17.74,30.23,0.00,1,England,R,PA
10513,6668216,6551735,159.156,161.261,2.105,161.261,3,ESTIMATED,-27.86,26.42,0.91,1,England,R,PA
10513,6668237,6551753,178.846,180.981,2.135,180.981,5,VISIBLE,-9.92,19.09,0.00,1,England,R,PA
10513,6668240,6551757,182.616,184.117,1.501,184.117,5,VISIBLE,-11.33,1.69,0.00,1,England,R,PA
10513,6668242,6551759,185.185,188.488,3.303,188.488,5,VISIBLE,1.7,17.43,0.00,1,England,R,PA
10513,6668244,6551761,189.656,190.457,0.801,190.457,5,VISIBLE,6.98,30.93,0.01,1,England,R,PA
10513,6668249,6551766,193.120,200.000,6.880,200.000,5,ESTIMATED,-5.78,24.22,0.83,1,England,R,PA
10513,6668252,6551769,201.902,201.902,0.000,201.902,5,ESTIMATED,19.92,29.47,3.52,1,England,R,PA
10513,6668325,6551844,254.321,254.855,0.534,254.855,7,VISIBLE,-32.73,-20.40,0.27,1,England,R,PA
10513,6668356,6551873,270.437,273.207,2.770,273.207,9,VISIBLE,27.31,-9.50,0.00,1,England,R,PA
10513,6668370,6551888,279.980,279.980,0.000,279.980,9,VISIBLE,19.69,-28.57,0.00,1,England,R,PA
10513,6668373,6551892,282.482,283.784,1.302,283.784,9,VISIBLE,10.03,-18.37,0.19,1,England,R,PA
10513,6668376,6551895,284.720,287.421,2.701,287.421,9,VISIBLE,15.76,-21.40,0.32,1,England,R,PA
10513,6668392,6551910,297.064,299.032,1.968,299.032,11,VISIBLE,29.71,-18.16,0.00,1,England,R,PA
10513,6668403,6551924,304.571,304.571,0.000,304.571,11,VISIBLE,10.74,11.81,0.00,1,England,R,PA
10513,6668405,6551926,305.910,308.375,2.465,308.375,11,VISIBLE,13.92,9.80,0.02,1,England,R,PA
10513,6668409,6551930,309.142,309.977,0.835,309.977,11,VISIBLE,14.76,15.03,0.00,1,England,R,PA
10513,6668411,6551934,311.403,312.446,1.043,312.446,11,VISIBLE,12.39,29.83,0.00,1,England,R,PA
10513,6668462,6551981,344.845,349.816,4.971,349.816,13,ESTIMATED,17.76,0.93,0.54,1,England,R,PA
10513,6668471,6551989,357.491,359.059,1.568,359.059,13,VISIBLE,29.74,25.54,0.00,1,England,R,PA
10513,6669172,6552680,359.660,360.928,1.268,360.928,13,VISIBLE,26.95,21.39,0.00,1,England,R,PA
10513,6668483,6551999,361.862,364.531,2.669,364.531,13,VISIBLE,23.88,22.65,0.01,1,England,R,PA
10513,6668490,6552005,365.132,366.633,1.501,366.633,13,VISIBLE,26.06,30.24,0.01,1,England,R,PA
10513,6668559,6552068,486.587,486.587,0.000,486.587,16,ESTIMATED,-31.06,-15.43,2.01,1,England,R,PA
10513,6669345,6552865,510.077,510.077,0.000,510.077,20,VISIBLE,-23,32.82,0.15,1,England,R,PA
10513,6668628,6552137,523.357,523.357,0.000,523.357,21,ESTIMATED,-14.44,28.53,1.97,1,England,R,PA
10513,6668631,6552140,524.291,525.058,0.767,525.058,21,VISIBLE,-14.48,27.86,0.00,1,England,R,PA
10513,6668633,6552142,525.792,525.792,0.000,525.792,21,VISIBLE,-17.86,30.78,0.20,1,England,R,PA
10513,6668641,6552151,527.494,529.062,1.568,529.062,21,VISIBLE,-30.37,21.92,0.00,1,England,R,PA
10513,6668645,6552154,531.274,533.300,2.026,533.300,21,VISIBLE,-25.6,-6.07,0.00,1,England,R,PA
10513,6668648,6552157,534.222,538.405,4.183,538.405,21,VISIBLE,-3.12,1.84,0.16,1,England,R,PA
10513,6668650,6552159,540.140,540.140,0.000,540.140,21,VISIBLE,-4.29,23.66,0.29,1,England,R,PA
10513,6668654,6552163,541.599,544.745,3.146,544.745,21,VISIBLE,-14.21,10.60,0.22,1,England,R,PA
10513,6668656,6552165,545.646,548.749,3.103,548.749,21,VISIBLE,-2.77,2.11,0.34,1,England,R,PA
10513,6668659,6552168,550.684,552.352,1.668,552.352,21,ESTIMATED,-0.52,29.10,0.93,1,England,R,PA
10513,6668662,6552171,553.364,556.190,2.826,556.190,21,VISIBLE,-12.88,6.83,0.00,1,England,R,PA
10513,6668665,6552173,557.414,559.760,2.346,559.760,21,VISIBLE,-15.15,-3.71,0.16,1,England,R,PA
10513,6668672,6552179,561.261,565.399,4.138,565.399,21,ESTIMATED,-3.13,8.73,1.05,1,England,R,PA
10513,6668690,6552194,607.508,607.508,0.000,607.508,23,ESTIMATED,-13.7,-0.42,2.41,1,England,R,PA
10513,6668791,6552292,726.560,726.560,0.000,726.560,27,ESTIMATED,-13.3,32.89,2.80,1,England,R,PA
10513,6668838,6552337,756.657,759.626,2.969,759.626,29,VISIBLE,-31.69,14.14,0.00,1,England,R,PA
10513,6668840,6552339,760.469,761.495,1.026,761.495,29,VISIBLE,-26.58,13.52,0.04,1,England,R,PA
10513,6668844,6552343,763.001,769.469,6.468,769.469,29,VISIBLE,-29.05,-2.16,0.00,1,England,R,PA
10513,6668848,6552348,771.471,771.471,0.000,771.471,29,VISIBLE,-30.05,21.86,0.04,1,England,R,PA
10513,6668849,6552349,772.472,773.507,1.035,773.507,29,VISIBLE,-30.2,29.39,0.04,1,England,R,PA
10513,6668854,6552353,775.375,775.375,0.000,775.375,29,VISIBLE,-43.77,20.87,0.00,1,England,R,PA
10513,6668855,6552354,776.886,778.745,1.859,778.745,29,VISIBLE,-48.31,4.02,0.50,1,England,R,PA
10513,6668861,6552360,781.648,788.922,7.274,788.922,29,ESTIMATED,-2.04,-9.36,0.28,1,England,R,PA
10513,6668867,6552366,790.023,792.860,2.837,792.860,29,VISIBLE,-5.68,23.72,0.18,1,England,R,PA
10513,6668870,6552370,793.760,796.029,2.269,796.029,29,VISIBLE,0.47,28.72,0.00,1,England,R,PA
10513,6668874,6552374,796.697,799.833,3.136,799.833,29,VISIBLE,-0.41,16.20,0.00,1,England,R,PA
10513,6668877,6552377,800.534,801.401,0.867,801.401,29,VISIBLE,-5.39,14.95,0.00,1,England,R,PA
10513,6668881,6552381,802.961,806.640,3.679,806.640,29,VISIBLE,-4.11,-2.88,0.30,1,England,R,PA
10513,6668888,6552387,808.375,809.610,1.235,809.610,29,VISIBLE,3.68,13.48,0.05,1,England,R,PA
10513,6668891,6552390,811.298,813.647,2.349,813.647,29,VISIBLE,22.6,28.01,0.05,1,England,R,PA
10513,6668986,6552495,893.861,897.798,3.937,897.798,31,VISIBLE,33.79,-17.86,0.00,1,England,R,PA
10513,6668994,6552499,900.434,900.434,0.000,900.434,31,VISIBLE,28.94,-29.67,0.00,1,England,R,PA
10513,6669000,6552505,901.702,903.837,2.135,903.837,31,VISIBLE,13.9,-25.71,0.00,1,England,R,PA
10513,6669003,6552509,905.072,906.106,1.034,906.106,31,ESTIMATED,-2.2,-20.75,1.06,1,England,R,PA
10513,6669008,6552513,907.708,911.378,3.670,911.378,31,VISIBLE,12.9,14.82,0.12,1,England,R,PA
10513,6669011,6552516,912.633,913.914,1.281,913.914,31,VISIBLE,20.28,30.59,0.00,1,England,R,PA
10513,6669017,6552521,915.226,918.619,3.393,918.619,31,VISIBLE,6.29,16.96,0.00,1,England,R,PA
10513,6669019,6552523,919.520,919.520,0.000,919.520,31,VISIBLE,6.64,8.98,0.00,1,England,R,PA
10513,6669022,6552525,920.754,921.955,1.201,921.955,31,VISIBLE,-1.67,8.61,0.00,1,England,R,PA
10513,6669026,6552528,922.723,922.723,0.000,922.723,31,VISIBLE,4.51,7.74,0.00,1,England,R,PA
10513,6669030,6552532,924.178,927.361,3.183,927.361,31,VISIBLE,-1.21,-15.45,0.13,1,England,R,PA
10513,6669032,6552534,928.662,930.030,1.368,930.030,31,ESTIMATED,4.09,-31.77,0.00,1,England,R,PA
10513,6669037,6552539,931.365,934.034,2.669,934.034,31,VISIBLE,-16.4,-16.76,0.00,1,England,R,PA
10513,6669043,6552547,935.602,938.705,3.103,938.705,31,VISIBLE,-3.06,4.85,0.20,1,England,R,PA
10513,6669048,6552553,939.406,942.142,2.736,942.142,31,ESTIMATED,-1.59,10.31,0.22,1,England,R,PA
10513,6669052,6552558,943.736,945.646,1.910,945.646,31,VISIBLE,-5.54,19.11,0.00,1,England,R,PA
10513,6669056,6552562,946.884,949.249,2.365,949.249,31,VISIBLE,-9.82,-1.20,0.00,1,England,R,PA
10513,6669059,6552565,950.053,951.084,1.031,951.084,31,VISIBLE,-9.7,-11.67,0.00,1,England,R,PA
10513,6669064,6552571,952.241,954.154,1.913,954.154,31,ESTIMATED,1.36,-26.72,0.00,1,England,R,PA
10513,6669094,6552600,993.460,993.460,0.000,993.460,33,ESTIMATED,-38.92,-9.46,0.00,1,England,R,PA
10513,6669097,6552604,994.461,998.799,4.338,998.799,33,VISIBLE,-24.66,1.21,0.00,1,England,R,PA
10513,6669102,6552608,1000.868,1001.568,0.700,1001.568,33,VISIBLE,-20.68,25.26,0.06,1,England,R,PA
10513,6669106,6552611,1002.436,1003.737,1.301,1003.737,33,VISIBLE,-26.59,30.89,0.00,1,England,R,PA
10513,6668097,6551612,1006.139,1007.574,1.435,1007.574,33,VISIBLE,-37.03,2.73,0.00,1,England,R,PA
10513,6668100,6551615,1008.842,1013.213,4.371,1013.213,33,ESTIMATED,-23.84,8.86,0.29,1,England,R,PA
10513,6669392,6552940,1013.881,1015.916,2.035,1015.916,33,VISIBLE,-15.89,15.32,0.00,1,England,R,PA
10513,6668110,6551622,1017.117,1018.485,1.368,1018.485,33,VISIBLE,-19.32,27.51,0.00,1,England,R,PA
10513,6668112,6551624,1019.987,1021.989,2.002,1021.989,33,VISIBLE,-27.53,16.05,0.00,1,England,R,PA
10513,6668114,6551627,1023.657,1024.791,1.134,1024.791,33,VISIBLE,-20.63,-6.26,0.00,1,England,R,PA
10513,6668119,6551632,1025.759,1031.598,5.839,1031.598,33,VISIBLE,-4.37,3.54,0.29,1,England,R,PA
10513,6668121,6551633,1032.399,1033.133,0.734,1033.133,33,VISIBLE,-3.78,11.86,0.19,1,England,R,PA
10513,6668124,6551636,1034.902,1036.837,1.935,1036.837,33,VISIBLE,-3.24,28.10,0.00,1,England,R,PA
10513,6668128,6551641,1038.338,1039.373,1.035,1039.373,33,VISIBLE,-13.41,16.16,0.00,1,England,R,PA
10513,6668129,6551642,1040.440,1041.608,1.168,1041.608,33,VISIBLE,-9.54,5.58,0.12,1,England,R,PA
10513,6668132,6551645,1043.210,1043.210,0.000,1043.210,33,VISIBLE,-11.21,-6.02,0.05,1,England,R,PA
10513,6668136,6551649,1044.578,1047.147,2.569,1047.147,33,VISIBLE,-8.65,-4.19,0.27,1,England,R,PA
10513,6668139,6551653,1049.583,1052.619,3.036,1052.619,33,VISIBLE,-2.93,12.15,0.00,1,England,R,PA
10513,6668141,6551655,1053.453,1055.889,2.436,1055.889,33,VISIBLE,13.48,3.91,0.00,1,England,R,PA
10513,6668146,6551663,1057.824,1059.393,1.569,1059.393,33,VISIBLE,29.39,-24.32,0.00,1,England,R,PA
10513,6668226,6551743,1184.117,1184.785,0.668,1184.785,35,ESTIMATED,13.07,8.48,0.23,1,England,R,PA
10513,6668230,6551746,1185.819,1189.423,3.604,1189.423,35,VISIBLE,29.38,25.17,0.00,1,England,R,PA
10513,6668234,6551750,1190.691,1192.159,1.468,1192.159,35,VISIBLE,19,22.36,0.08,1,England,R,PA
10513,6668238,6551754,1193.460,1194.528,1.068,1194.528,35,VISIBLE,8.51,12.82,0.00,1,England,R,PA
10513,6668246,6551763,1195.729,1202.302,6.573,1202.302,35,VISIBLE,13.98,-8.57,0.00,1,England,R,PA
10513,6668248,6551765,1203.070,1203.070,0.000,1203.070,35,ESTIMATED,8.79,-13.05,0.24,1,England,R,PA
10513,6668254,6551770,1206.507,1208.642,2.135,1208.642,35,VISIBLE,0.26,6.83,0.36,1,England,R,PA
10513,6668259,6551776,1211.078,1212.346,1.268,1212.346,35,VISIBLE,24.6,-26.57,0.00,1,England,R,PA
10513,6668263,6551780,1213.547,1218.085,4.538,1218.085,35,VISIBLE,31.51,-26.43,0.00,1,England,R,PA
10513,6668268,6551786,1219.186,1220.754,1.568,1220.754,35,VISIBLE,18.21,-20.93,0.00,1,England,R,PA
10513,6668330,6551849,1348.081,1348.081,0.000,1348.081,38,VISIBLE,8,-30.70,1.20,1,England,R,PA
10513,6668333,6551851,1349.783,1351.118,1.335,1351.118,38,VISIBLE,-6.68,-27.66,0.00,1,England,R,PA
10513,6668338,6551856,1353.187,1357.925,4.738,1357.925,38,VISIBLE,-8.29,11.64,0.00,1,England,R,PA
10513,6668343,6551861,1358.926,1360.994,2.068,1360.994,38,VISIBLE,-8.06,-4.69,0.05,1,England,R,PA
10513,6668347,6551865,1362.596,1366.967,4.371,1366.967,38,VISIBLE,7.76,-30.05,0.16,1,England,R,PA
10513,6668355,6551872,1368.302,1374.641,6.339,1374.641,38,VISIBLE,4.66,4.22,0.09,1,England,R,PA
10513,6668361,6551877,1375.509,1377.778,2.269,1377.778,38,VISIBLE,-5.08,6.18,0.27,1,England,R,PA
10513,6668364,6551881,1379.079,1379.079,0.000,1379.079,38,VISIBLE,-6.67,-6.74,0.35,1,England,R,PA
10513,6668368,6551891,1379.913,1384.284,4.371,1384.284,38,VISIBLE,4.93,-11.40,0.27,1,England,R,PA
10513,6668375,6551894,1384.918,1386.053,1.135,1386.053,38,VISIBLE,9.3,-23.25,0.21,1,England,R,PA
10513,6668384,6551901,1387.321,1391.091,3.770,1391.091,38,VISIBLE,34.52,-28.10,0.00,1,England,R,PA
10513,6668428,6551947,1417.951,1417.951,0.000,1417.951,43,ESTIMATED,21.47,27.18,0.78,1,England,R,PA
10513,6668435,6551955,1420.220,1423.891,3.671,1423.891,43,VISIBLE,6,18.26,0.03,1,England,R,PA
10513,6668439,6551960,1424.892,1425.559,0.667,1425.559,43,VISIBLE,11.89,24.37,0.17,1,England,R,PA
10513,6668444,6551964,1426.326,1429.263,2.937,1429.263,43,VISIBLE,14.06,31.75,0.05,1,England,R,PA
10513,6668447,6551967,1432.399,1432.399,0.000,1432.399,43,VISIBLE,-4.44,27.25,0.00,1,England,R,PA
10513,6668453,6551973,1434.001,1436.537,2.536,1436.537,43,VISIBLE,-3.61,8.65,0.00,1,England,R,PA
10513,6668456,6551976,1437.738,1441.708,3.970,1441.708,43,VISIBLE,-1.97,-6.93,0.00,1,England,R,PA
10513,6668460,6551979,1442.442,1446.647,4.205,1446.647,43,VISIBLE,5.09,23.59,0.04,1,England,R,PA
10513,6669398,6552950,1447.748,1447.748,0.000,1447.748,43,VISIBLE,13.42,30.74,0.00,1,England,R,PA
10513,6668467,6551985,1448.715,1448.715,0.000,1448.715,43,VISIBLE,15,25.73,0.00,1,England,R,PA
10513,6668470,6551988,1449.550,1450.951,1.401,1450.951,43,VISIBLE,12.13,16.70,0.00,1,England,R,PA
10513,6668476,6551993,1451.752,1451.752,0.000,1451.752,43,VISIBLE,10.38,9.68,0.00,1,England,R,PA
10513,6668480,6551996,1453.120,1458.192,5.072,1458.192,43,ESTIMATED,11.06,8.71,0.94,1,England,R,PA
10513,6668533,6552043,1475.676,1477.845,2.169,1477.845,45,VISIBLE,3.73,-24.17,0.01,1,England,R,PA
10513,6668601,6552112,1514.114,1516.083,1.969,1516.083,46,VISIBLE,9.89,32.00,0.00,1,England,R,PA
10513,6668618,6552128,1517.918,1519.419,1.501,1519.419,46,VISIBLE,-3.22,19.56,0.00,1,England,R,PA
10513,6668624,6552133,1520.587,1524.391,3.804,1524.391,46,VISIBLE,4.51,15.47,0.00,1,England,R,PA
10513,6668629,6552138,1526.026,1527.127,1.101,1527.127,46,ESTIMATED,15.09,35.12,0.51,1,England,R,PA
10513,6668638,6552148,1528.962,1530.097,1.135,1530.097,46,VISIBLE,-6.9,20.86,0.00,1,England,R,PA
10513,6668668,6552176,1531.434,1538.505,7.071,1538.505,46,VISIBLE,1.63,-3.61,0.32,1,England,R,PA
10513,6668671,6552178,1539.139,1539.139,0.000,1539.139,46,VISIBLE,4.62,-1.55,0.37,1,England,R,PA
10513,6668674,6552181,1541.875,1541.875,0.000,1541.875,46,VISIBLE,-4.04,17.08,0.07,1,England,R,PA
10513,6668679,6552186,1543.343,1543.577,0.234,1543.577,46,VISIBLE,5.22,17.08,0.00,1,England,R,PA
10513,6668684,6552190,1544.745,1546.146,1.401,1546.146,46,VISIBLE,-5.23,7.29,0.00,1,England,R,PA
10513,6668689,6552193,1547.748,1548.215,0.467,1548.215,46,ESTIMATED,19.04,6.81,0.72,1,England,R,PA
10513,6668693,6552196,1549.850,1549.850,0.000,1549.850,46,VISIBLE,28.62,8.86,0.00,1,England,R,PA
10513,6668701,6552204,1556.990,1556.990,0.000,1556.990,48,ESTIMATED,5.96,19.34,2.91,1,England,R,PA
10513,6668706,6552210,1557.891,1557.891,0.000,1557.891,48,VISIBLE,4.74,17.19,0.06,1,England,R,PA
10513,6668714,6552218,1559.660,1563.363,3.703,1563.363,48,VISIBLE,-5.74,18.98,0.00,1,England,R,PA
10513,6668717,6552221,1564.631,1566.667,2.036,1566.667,48,ESTIMATED,-0.88,8.40,1.63,1,England,R,PA
10513,6668721,6552225,1569.403,1569.403,0.000,1569.403,48,ESTIMATED,19.62,-27.95,1.46,1,England,R,PA
10513,6669375,6552899,1575.209,1575.209,0.000,1575.209,50,ESTIMATED,37.4,-32.16,0.00,1,England,R,PA
10513,6668812,6552310,1671.705,1677.010,5.305,1677.010,52,VISIBLE,-10.78,-22.30,0.00,1,England,R,PA
10513,6668816,6552315,1677.811,1677.811,0.000,1677.811,52,VISIBLE,-6.53,-18.62,0.05,1,England,R,PA
10513,6668822,6552322,1680.514,1680.514,0.000,1680.514,52,VISIBLE,-21.59,-3.83,0.00,1,England,R,PA
10513,6668824,6552324,1682.049,1685.519,3.470,1685.519,52,VISIBLE,-15.76,-15.06,0.02,1,England,R,PA
10513,6668830,6552330,1688.422,1690.924,2.502,1690.924,52,VISIBLE,-15.46,7.04,0.10,1,England,R,PA
10513,6668836,6552335,1692.125,1692.860,0.735,1692.860,52,VISIBLE,-8.51,15.10,0.00,1,England,R,PA
10513,6668842,6552341,1694.895,1696.997,2.102,1696.997,52,VISIBLE,-0.05,29.43,0.03,1,England,R,PA
10513,6668847,6552347,1698.298,1702.202,3.904,1702.202,52,VISIBLE,1.86,19.60,0.00,1,England,R,PA
10513,6668852,6552351,1703.303,1704.004,0.701,1704.004,52,VISIBLE,5.21,31.60,0.02,1,England,R,PA
10513,6668856,6552355,1704.738,1705.439,0.701,1705.439,52,VISIBLE,9.27,29.65,0.00,1,England,R,PA
10513,6668941,6552440,1753.120,1755.355,2.235,1755.355,54,ESTIMATED,-37.2,7.90,0.82,1,England,R,PA
10513,6668947,6552446,1757.157,1766.767,9.610,1766.767,54,VISIBLE,-12.21,-1.62,0.05,1,England,R,PA
10513,6668951,6552450,1767.501,1768.035,0.534,1768.035,54,VISIBLE,-8.5,1.57,0.03,1,England,R,PA
10513,6668956,6552457,1769.703,1773.740,4.037,1773.740,54,VISIBLE,-13.21,12.21,0.00,1,England,R,PA
10513,6668960,6552461,1775.642,1778.045,2.403,1778.045,54,VISIBLE,-14.57,2.53,0.00,1,England,R,PA
10513,6668970,6552473,1779.079,1779.446,0.367,1779.446,54,VISIBLE,-11.88,7.51,0.00,1,England,R,PA
10513,6668973,6552477,1780.681,1780.681,0.000,1780.681,54,VISIBLE,-19,9.19,0.00,1,England,R,PA
10513,6668978,6552482,1781.949,1788.155,6.206,1788.155,54,VISIBLE,-14.18,13.87,0.24,1,England,R,PA
10513,6668985,6552490,1792.392,1792.759,0.367,1792.759,54,VISIBLE,20.39,-30.87,0.23,1,England,R,PA
10513,6668998,6552503,1795.996,1795.996,0.000,1795.996,54,ESTIMATED,26.38,-31.51,0.78,1,England,R,PA
10513,6669013,6552518,1799.900,1803.470,3.570,1803.470,56,VISIBLE,36.92,-16.00,0.00,1,England,R,PA
10513,6669018,6552522,1804.004,1804.638,0.634,1804.638,56,ESTIMATED,40.19,-18.24,0.24,1,England,R,PA
10513,6669027,6552529,1808.542,1808.542,0.000,1808.542,58,ESTIMATED,20.65,-13.86,0.45,1,England,R,PA
10513,6669034,6552536,1811.178,1812.613,1.435,1812.613,58,VISIBLE,27.49,-5.57,0.00,1,England,R,PA
10513,6669099,6552605,1873.507,1873.507,0.000,1873.507,61,ESTIMATED,4.47,-28.88,2.04,1,England,R,PA
10513,6669105,6552610,1874.975,1875.609,0.634,1875.609,61,VISIBLE,16.26,-30.39,0.80,1,England,R,PA
10513,6669111,6552615,1876.410,1878.412,2.002,1878.412,61,VISIBLE,21.35,-31.44,0.00,1,England,R,PA
10513,6669115,6552619,1879.680,1881.815,2.135,1881.815,61,VISIBLE,21.97,-16.20,0.00,1,England,R,PA
10513,6669118,6552624,1883.483,1884.718,1.235,1884.718,61,VISIBLE,11.14,9.50,0.04,1,England,R,PA
10513,6669121,6552627,1885.485,1887.521,2.036,1887.521,61,VISIBLE,13.55,9.38,0.00,1,England,R,PA
10513,6669122,6552628,1888.222,1890.224,2.002,1890.224,61,VISIBLE,19.13,-9.22,0.04,1,England,R,PA
10513,6669130,6552634,1891.758,1894.027,2.269,1894.027,61,VISIBLE,27.75,-26.68,0.00,1,England,R,PA
10513,6669132,6552636,1895.596,1896.897,1.301,1896.897,61,VISIBLE,7.92,-17.72,0.07,1,England,R,PA
10513,6669136,6552641,1898.365,1901.068,2.703,1901.068,61,VISIBLE,2.52,-1.91,0.18,1,England,R,PA
10513,6669139,6552645,1902.169,1905.172,3.003,1905.172,61,VISIBLE,24.91,-23.28,0.00,1,England,R,PA
10513,6668095,6551610,1906.039,1906.840,0.801,1906.840,61,VISIBLE,29.05,-28.83,0.18,1,England,R,PA
10513,6668137,6551650,1984.084,1984.084,0.000,1984.084,65,ESTIMATED,-13.48,-31.47,1.64,1,England,R,PA
10513,6668185,6551702,2018.051,2018.051,0.000,2018.051,68,ESTIMATED,-6.88,21.77,0.25,1,England,R,PA
10513,6668183,6551700,2019.853,2021.421,1.568,2021.421,68,VISIBLE,-19.6,21.84,0.00,1,England,R,PA
10513,6668195,6551710,2023.423,2026.927,3.504,2026.927,68,VISIBLE,-17.51,0.35,0.00,1,England,R,PA
10513,6668200,6551715,2028.061,2029.563,1.502,2029.563,68,ESTIMATED,-7.92,16.99,0.47,1,England,R,PA
10513,6668202,6551719,2030.797,2032.933,2.136,2032.933,68,VISIBLE,-7.24,27.96,0.06,1,England,R,PA
10513,6668207,6551725,2035.035,2036.236,1.201,2036.236,68,VISIBLE,-20.81,11.43,0.00,1,England,R,PA
10513,6668214,6551733,2037.671,2038.605,0.934,2038.605,68,VISIBLE,-20.15,-2.78,0.00,1,England,R,PA
10513,6668218,6551737,2039.706,2039.706,0.000,2039.706,68,VISIBLE,-11.26,-3.59,0.00,1,England,R,PA
10513,6668225,6551742,2040.874,2048.048,7.174,2048.048,68,VISIBLE,-5.98,-1.53,0.07,1,England,R,PA
10513,6668227,6551744,2048.949,2048.949,0.000,2048.949,68,ESTIMATED,0.36,-2.78,0.54,1,England,R,PA
10513,6668245,6551762,2055.622,2056.990,1.368,2056.990,70,VISIBLE,-34.99,-25.77,0.00,1,England,R,PA
10513,6668271,6551788,2078.345,2080.447,2.102,2080.447,71,VISIBLE,-23.02,-3.26,0.00,1,England,R,PA
10513,6668278,6551793,2082.583,2086.453,3.870,2086.453,71,VISIBLE,3.73,19.09,0.03,1,England,R,PA
10513,6668279,6551794,2088.121,2089.456,1.335,2089.456,71,VISIBLE,-2.2,27.63,0.00,1,England,R,PA
10513,6668282,6551797,2090.224,2092.793,2.569,2092.793,71,VISIBLE,-7.14,15.49,0.72,1,England,R,PA
10513,6668288,6551804,2098.098,2098.098,0.000,2098.098,73,VISIBLE,9.73,-23.09,0.00,1,England,R,PA
10513,6668293,6551810,2099.066,2100.334,1.268,2100.334,73,VISIBLE,20.99,-24.59,0.00,1,England,R,PA
10513,6668301,6551817,2100.934,2103.370,2.436,2103.370,73,VISIBLE,30.93,-20.11,0.00,1,England,R,PA
10513,6668304,6551820,2105.072,2105.072,0.000,2105.072,73,VISIBLE,32.63,-27.61,0.01,1,England,R,PA
10513,6668400,6551921,2165.432,2168.535,3.103,2168.535,75,ESTIMATED,-47.39,27.38,0.00,1,England,R,PA
10513,6668530,6552041,2252.352,2252.352,0.000,2252.352,78,ESTIMATED,-9.2,3.76,0.57,1,England,R,PA
10513,6668543,6552052,2267.935,2267.935,0.000,2267.935,79,VISIBLE,2.8,22.84,0.00,1,England,R,PA
10513,6668551,6552061,2268.769,2269.570,0.801,2269.570,79,VISIBLE,-4.46,22.82,0.00,1,England,R,PA
10513,6668558,6552066,2270.571,2272.439,1.868,2272.439,79,VISIBLE,-3.45,13.44,0.09,1,England,R,PA
10513,6668563,6552071,2273.507,2275.275,1.768,2275.275,79,VISIBLE,-9.85,2.13,0.00,1,England,R,PA
10513,6668569,6552077,2277.077,2285.018,7.941,2285.018,79,VISIBLE,-1.92,8.37,0.30,1,England,R,PA
10513,6668574,6552082,2286.220,2286.220,0.000,2286.220,79,VISIBLE,-1.72,-0.46,0.09,1,England,R,PA
10513,6668580,6552089,2287.654,2291.491,3.837,2291.491,79,VISIBLE,-4.51,0.40,0.01,1,England,R,PA
10513,6668584,6552093,2292.159,2292.860,0.701,2292.860,79,VISIBLE,-4.58,-1.46,0.00,1,England,R,PA
10513,6668590,6552099,2294.428,2296.496,2.068,2296.496,79,ESTIMATED,-9.17,22.01,0.16,1,England,R,PA
10513,6668597,6552107,2297.631,2298.432,0.801,2298.432,79,ESTIMATED,-6.54,31.55,0.59,1,England,R,PA
10513,6668639,6552149,2313.280,2315.949,2.669,2315.949,81,ESTIMATED,-38.57,-9.07,0.00,1,England,R,PA
10513,6668646,6552155,2317.584,2319.920,2.336,2319.920,81,VISIBLE,-23.3,12.06,0.00,1,England,R,PA
10513,6668649,6552158,2321.522,2322.456,0.934,2322.456,81,VISIBLE,-13.93,26.82,0.14,1,England,R,PA
10513,6668652,6552161,2323.991,2325.592,1.601,2325.592,81,VISIBLE,-20.55,9.15,0.05,1,England,R,PA
10513,6668657,6552166,2326.560,2333.033,6.473,2333.033,81,VISIBLE,-6.88,3.11,0.00,1,England,R,PA
10513,6668661,6552170,2334.801,2339.506,4.705,2339.506,81,VISIBLE,-0.79,12.68,0.10,1,England,R,PA
10513,6668749,6552251,2454.488,2456.557,2.069,2456.557,84,ESTIMATED,-14.53,-3.22,0.15,1,England,R,PA
10513,6668755,6552258,2457.925,2461.261,3.336,2461.261,84,VISIBLE,-11.44,20.31,0.00,1,England,R,PA
10513,6668758,6552261,2462.262,2462.262,0.000,2462.262,84,VISIBLE,1.44,30.58,0.00,1,England,R,PA
10513,6668767,6552268,2464.731,2469.836,5.105,2469.836,84,VISIBLE,1.1,20.58,0.00,1,England,R,PA
10513,6668770,6552270,2470.871,2471.638,0.767,2471.638,84,VISIBLE,5.1,25.06,0.03,1,England,R,PA
10513,6668774,6552274,2472.606,2474.074,1.468,2474.074,84,VISIBLE,15.21,11.85,0.51,1,England,R,PA
10513,6668780,6552280,2476.743,2481.849,5.106,2481.849,84,VISIBLE,31.25,-23.59,0.00,1,England,R,PA
10513,6668787,6552287,2483.016,2483.016,0.000,2483.016,84,VISIBLE,26.43,-9.85,0.00,1,England,R,PA
10513,6668795,6552295,2484.084,2486.453,2.369,2486.453,84,VISIBLE,20.02,-7.00,0.00,1,England,R,PA
10513,6668799,6552300,2487.187,2488.622,1.435,2488.622,84,VISIBLE,28.54,-18.98,0.00,1,England,R,PA
10513,6668806,6552306,2489.823,2490.557,0.734,2490.557,84,VISIBLE,36.45,-29.62,0.00,1,England,R,PA
10513,6668809,6552308,2491.992,2491.992,0.000,2491.992,84,VISIBLE,43.33,-26.40,0.00,1,England,R,PA
10513,6668818,6552317,2492.860,2495.329,2.469,2495.329,84,VISIBLE,34.62,-30.12,0.02,1,England,R,PA
10513,6668823,6552323,2495.863,2496.463,0.600,2496.463,84,VISIBLE,35.51,-30.82,0.00,1,England,R,PA
10513,6668829,6552329,2497.264,2498.298,1.034,2498.298,84,VISIBLE,31.73,-29.76,0.00,1,England,R,PA
10513,6668835,6552334,2500.234,2502.636,2.402,2502.636,84,VISIBLE,45.63,-22.19,0.01,1,England,R,PA
10513,6668845,6552345,2506.607,2506.607,0.000,2506.607,84,ESTIMATED,46.97,4.43,5.65,1,England,R,PA
10513,6668862,6552363,2512.145,2512.145,0.000,2512.145,86,ESTIMATED,32.91,8.82,8.92,1,England,R,PA
10513,6668878,6552378,2517.551,2517.551,0.000,2517.551,88,ESTIMATED,-1.59,17.74,7.72,1,England,R,PA
10513,6668882,6552382,2518.685,2518.685,0.000,2518.685,88,VISIBLE,-16.74,17.72,0.65,1,England,R,PA
10513,6668910,6552406,2531.398,2532.666,1.268,2532.666,89,VISIBLE,5.38,31.40,0.19,1,England,R,PA
10513,6668914,6552410,2534.101,2534.101,0.000,2534.101,89,VISIBLE,-1.81,23.86,0.23,1,England,R,PA
10513,6668919,6552415,2535.402,2541.074,5.672,2541.074,89,VISIBLE,-8.57,16.74,0.06,1,England,R,PA
10513,6668922,6552420,2541.875,2543.210,1.335,2543.210,89,VISIBLE,-3.64,21.13,0.02,1,England,R,PA
10513,6668925,6552423,2544.211,2544.211,0.000,2544.211,89,VISIBLE,-1.06,11.82,0.17,1,England,R,PA
10513,6668946,6552445,2544.978,2545.612,0.634,2545.612,89,ESTIMATED,8.43,16.91,0.53,1,England,R,PA
10513,6668953,6552452,2547.214,2555.389,8.175,2555.389,89,VISIBLE,3.24,-1.70,0.00,1,England,R,PA
10513,6669093,6552599,2627.661,2627.661,0.000,2627.661,92,ESTIMATED,-44.61,-14.82,0.87,1,England,R,PA
10513,6669108,6552613,2629.062,2632.566,3.504,2632.566,92,VISIBLE,-39.72,-21.16,0.06,1,England,R,PA
10513,6669110,6552614,2633.367,2633.367,0.000,2633.367,92,VISIBLE,-32.99,-19.14,0.00,1,England,R,PA
10513,6669148,6552652,2671.538,2672.506,0.968,2672.506,93,VISIBLE,-4.56,14.29,0.00,1,England,R,PA
10513,6669151,6552654,2674.541,2676.276,1.735,2676.276,93,VISIBLE,-5.02,2.75,0.00,1,England,R,PA
10513,6669155,6552657,2677.878,2679.580,1.702,2679.580,93,VISIBLE,3.52,21.26,0.00,1,England,R,PA
10513,6669159,6552660,2680.781,2682.015,1.234,2682.015,93,VISIBLE,15.33,29.43,0.00,1,England,R,PA
10513,6669163,6552664,2682.983,2682.983,0.000,2682.983,93,VISIBLE,13.89,23.93,0.00,1,England,R,PA
10513,6669167,6552668,2685.085,2685.085,0.000,2685.085,93,VISIBLE,-0.64,21.85,0.00,1,England,R,PA
10513,6669171,6552673,2686.420,2690.858,4.438,2690.858,93,VISIBLE,6.13,9.28,0.00,1,England,R,PA
10513,6669225,6552734,2735.302,2735.302,0.000,2735.302,95,ESTIMATED,-27.05,34.15,1.64,1,England,R,PA
10513,6669230,6552739,2736.870,2739.506,2.636,2739.506,95,VISIBLE,-31.92,14.91,0.00,1,England,R,PA
10513,6669234,6552743,2740.807,2742.075,1.268,2742.075,95,VISIBLE,-31.08,-6.87,0.00,1,England,R,PA
10513,6669237,6552746,2743.977,2745.746,1.769,2745.746,95,ESTIMATED,-3.01,-28.51,0.13,1,England,R,PA
10513,6669239,6552748,2746.680,2746.680,0.000,2746.680,95,VISIBLE,0.75,-27.61,0.09,1,England,R,PA
10513,6669242,6552750,2749.449,2749.449,0.000,2749.449,95,ESTIMATED,-5.32,-14.11,0.05,1,England,R,PA
10513,6669245,6552752,2750.717,2751.585,0.868,2751.585,95,VISIBLE,-5.45,3.84,0.00,1,England,R,PA
10513,6669250,6552756,2752.553,2753.420,0.867,2753.420,95,VISIBLE,0.9,16.98,0.08,1,England,R,PA
10513,6669252,6552760,2754.655,2757.858,3.203,2757.858,95,VISIBLE,16.33,31.43,0.03,1,England,R,PA
10513,6669282,6552923,2784.985,2785.018,0.033,2785.018,97,VISIBLE,-9.04,-25.79,0.00,1,England,R,PA
10513,6669285,6552798,2785.452,2785.452,0.000,2785.452,97,VISIBLE,-10.75,-26.84,0.07,1,England,R,PA
10513,6669297,6552810,2798.599,2801.168,2.569,2801.168,99,VISIBLE,-8.69,-6.91,0.14,1,England,R,PA
10513,6669299,6552813,2803.203,2806.740,3.537,2806.740,99,VISIBLE,-3.21,10.42,0.00,1,England,R,PA
10513,6669301,6552814,2807.841,2811.345,3.504,2811.345,99,VISIBLE,-1.75,-0.66,0.00,1,England,R,PA
10513,6669305,6552819,2814.648,2815.883,1.235,2815.883,99,VISIBLE,-9.58,-0.01,0.00,1,England,R,PA
10513,6669307,6552823,2816.884,2817.618,0.734,2817.618,99,VISIBLE,-4.53,-6.20,0.11,1,England,R,PA
10513,6669309,6552825,2818.385,2820.354,1.969,2820.354,99,VISIBLE,-7.49,-0.81,0.00,1,England,R,PA
10513,6669311,6552827,2821.188,2821.622,0.434,2821.622,99,VISIBLE,-6.73,-6.33,0.06,1,England,R,PA
10513,6669313,6552830,2824.391,2824.391,0.000,2824.391,99,VISIBLE,-20.06,11.67,0.01,1,England,R,PA
10513,6669315,6552833,2826.193,2830.731,4.538,2830.731,99,VISIBLE,-1.97,19.45,0.78,1,England,R,PA
10513,6669318,6552836,2833.667,2843.377,9.710,2843.377,99,VISIBLE,31.34,-30.39,0.00,1,England,R,PA
10513,6669320,6552838,2844.711,2845.812,1.101,2845.812,99,VISIBLE,29.36,-18.69,0.00,1,England,R,PA
10513,6669321,6552839,2846.480,2848.282,1.802,2848.282,99,VISIBLE,29.19,-18.12,0.00,1,England,R,PA
10513,6669324,6552842,2849.116,2851.185,2.069,2851.185,99,VISIBLE,32.5,-25.69,0.00,1,England,R,PA
10513,6669326,6552844,2851.919,2852.986,1.067,2852.986,99,VISIBLE,25.67,-20.28,0.00,1,England,R,PA
10513,6669327,6552845,2853.820,2853.820,0.000,2853.820,99,VISIBLE,19.79,-23.63,0.01,1,England,R,PA
10513,6669329,6552848,2854.888,2856.089,1.201,2856.089,99,VISIBLE,10.47,-12.23,0.03,1,England,R,PA
10513,6669331,6552850,2857.357,2860.093,2.736,2860.093,99,VISIBLE,21.49,-1.43,0.02,1,England,R,PA
10513,6669359,6552881,2934.902,2934.902,0.000,2934.902,101,VISIBLE,-46.7,-4.83,0.00,1,England,R,PA
10513,6669360,6552882,2936.436,2944.044,7.608,2944.044,101,VISIBLE,-15.98,5.07,0.00,1,England,R,PA
10513,6669361,6552883,2945.312,2951.151,5.839,2951.151,101,VISIBLE,-11.84,-13.50,0.05,1,England,R,PA
10513,6669362,6552884,2952.352,2955.289,2.937,2955.289,101,VISIBLE,-8.33,-18.44,0.14,1,England,R,PA
10513,6669363,6552885,2956.590,2962.329,5.739,2962.329,101,VISIBLE,4.25,11.09,0.25,1,England,R,PA
10513,6669364,6552886,2963.864,2964.965,1.101,2964.965,101,VISIBLE,4.26,28.20,0.16,1,England,R,PA
10513,6669365,6552887,2966.099,2967.100,1.001,2967.100,101,VISIBLE,14.32,31.97,0.16,1,England,R,PA
10513,6669366,6552888,2968.402,2970.037,1.635,2970.037,101,ESTIMATED,6.51,23.98,1.13,1,England,R,PA
10513,6669372,6552894,3020.487,3020.487,0.000,3020.487,102,VISIBLE,26.59,-31.89,0.04,1,England,R,PA
10513,6669380,6552907,3091.625,3092.860,1.235,3092.860,104,VISIBLE,-5.33,1.81,0.23,1,England,R,PA
10513,6669381,6552908,3093.627,3093.627,0.000,3093.627,104,VISIBLE,-1.83,4.00,0.32,1,England,R,PA
10513,6669382,6552909,3095.262,3095.262,0.000,3095.262,104,VISIBLE,-9.79,7.05,0.20,1,England,R,PA
10513,6669383,6552910,3096.930,3096.930,0.000,3096.930,104,VISIBLE,-10.22,-6.02,0.32,1,England,R,PA
10513,6668104,6551617,3131.798,3131.798,0.000,3131.798,105,VISIBLE,-0.72,-0.02,0.07,2,England,L,PA
10513,6668108,6551621,3133.033,3134.301,1.268,3134.301,105,VISIBLE,-13.48,-1.90,0.07,2,England,L,PA
10513,6668111,6551623,3136.069,3136.670,0.601,3136.670,105,VISIBLE,-10.27,14.31,0.00,2,England,L,PA
10513,6668115,6551628,3137.471,3137.538,0.067,3137.538,105,VISIBLE,-1.79,18.09,0.00,2,England,L,PA
10513,6668118,6551634,3138.872,3142.709,3.837,3142.709,105,VISIBLE,0.74,30.44,0.00,2,England,L,PA
10513,6668123,6551635,3143.544,3143.544,0.000,3143.544,105,VISIBLE,4.44,30.78,0.00,2,England,L,PA
10513,6668126,6551639,3144.278,3144.912,0.634,3144.912,105,VISIBLE,-2.82,28.98,0.00,2,England,L,PA
10513,6668130,6551643,3146.647,3148.982,2.335,3148.982,105,VISIBLE,-11.03,6.68,0.00,2,England,L,PA
10513,6668133,6551646,3151.118,3151.118,0.000,3151.118,105,VISIBLE,-9.03,-15.54,0.00,2,England,L,PA
10513,6668134,6551647,3152.686,3152.686,0.000,3152.686,105,ESTIMATED,-7.77,-31.80,0.00,2,England,L,PA
10513,6668145,6551660,3159.426,3165.465,6.039,3165.465,107,VISIBLE,-19.8,-9.22,0.00,2,England,L,PA
10513,6668147,6551664,3166.633,3168.168,1.535,3168.168,107,VISIBLE,-17.38,-23.28,0.00,2,England,L,PA
10513,6668151,6551668,3169.603,3172.806,3.203,3172.806,107,VISIBLE,-23.76,-18.97,0.00,2,England,L,PA
10513,6668153,6551670,3173.941,3174.775,0.834,3174.775,107,VISIBLE,-9.03,-32.80,0.00,2,England,L,PA
10513,6668159,6551676,3176.310,3176.310,0.000,3176.310,107,VISIBLE,2.49,-31.39,0.00,2,England,L,PA
10513,6668285,6551799,3287.354,3290.457,3.103,3290.457,111,VISIBLE,-31.13,2.00,0.25,2,England,L,PA
10513,6668290,6551806,3291.792,3295.295,3.503,3295.295,111,VISIBLE,-17.49,8.44,0.04,2,England,L,PA
10513,6668294,6551809,3296.597,3298.232,1.635,3298.232,111,VISIBLE,-10.17,27.68,0.00,2,England,L,PA
10513,6668296,6551812,3299.466,3299.466,0.000,3299.466,111,VISIBLE,-6.33,16.83,0.00,2,England,L,PA
10513,6668303,6551819,3300.434,3300.867,0.433,3300.867,111,VISIBLE,-12.4,13.39,0.00,2,England,L,PA
10513,6668312,6551828,3303.036,3305.305,2.269,3305.305,111,VISIBLE,-3.02,-17.40,0.00,2,England,L,PA
10513,6668320,6551840,3306.373,3306.373,0.000,3306.373,111,VISIBLE,9.75,-17.45,0.00,2,England,L,PA
10513,6668568,6552076,3430.531,3430.531,0.000,3430.531,115,VISIBLE,-9.08,-10.76,0.00,2,England,L,PA
10513,6668576,6552084,3431.899,3435.836,3.937,3435.836,115,VISIBLE,-16.04,-24.99,0.00,2,England,L,PA
10513,6668579,6552087,3436.970,3438.205,1.235,3438.205,115,VISIBLE,-26.16,-13.66,0.00,2,England,L,PA
10513,6668591,6552100,3439.907,3449.149,9.242,3449.149,115,VISIBLE,-2.86,-9.17,0.23,2,England,L,PA
10513,6668596,6552106,3451.084,3451.084,0.000,3451.084,115,VISIBLE,-9.47,-19.98,0.19,2,England,L,PA
10513,6668602,6552113,3452.219,3456.757,4.538,3456.757,115,VISIBLE,-0.4,-28.24,0.08,2,England,L,PA
10513,6668605,6552115,3457.858,3459.359,1.501,3459.359,115,VISIBLE,-12.53,-18.36,0.08,2,England,L,PA
10513,6668610,6552119,3460.427,3463.664,3.237,3463.664,115,VISIBLE,-6.16,4.66,0.03,2,England,L,PA
10513,6668617,6552127,3465.365,3467.901,2.536,3467.901,115,ESTIMATED,21.78,24.93,0.00,2,England,L,PA
10513,6668622,6552132,3469.069,3470.304,1.235,3470.304,115,VISIBLE,21.02,27.78,0.00,2,England,L,PA
10513,6668625,6552134,3471.204,3471.204,0.000,3471.204,115,VISIBLE,18.69,30.56,0.00,2,England,L,PA
10513,6668632,6552141,3472.239,3472.873,0.634,3472.873,115,VISIBLE,5.45,17.92,0.00,2,England,L,PA
10513,6668636,6552146,3473.874,3473.874,0.000,3473.874,115,VISIBLE,-1.67,20.16,0.29,2,England,L,PA
10513,6668644,6552153,3475.375,3481.315,5.940,3481.315,115,VISIBLE,20.77,9.92,0.00,2,England,L,PA
10513,6668655,6552916,3486.787,3489.389,2.602,3489.389,115,ESTIMATED,48.47,8.04,0.55,2,England,L,PA
10513,6668692,6552195,3503.403,3508.542,5.139,3508.542,117,VISIBLE,-9.77,-1.28,0.04,2,England,L,PA
10513,6668697,6552199,3509.643,3510.277,0.634,3510.277,117,VISIBLE,0.15,11.52,0.02,2,England,L,PA
10513,6668705,6552209,3512.079,3517.518,5.439,3517.518,117,VISIBLE,39.68,20.15,0.06,2,England,L,PA
10513,6668709,6552214,3518.485,3518.485,0.000,3518.485,117,VISIBLE,41.35,14.38,0.05,2,England,L,PA
10513,6668832,6552332,3728.461,3729.763,1.302,3729.763,121,VISIBLE,-29.43,-24.64,0.00,2,England,L,PA
10513,6668908,6552404,3759.560,3759.560,0.000,3759.560,123,ESTIMATED,-0.01,-23.33,2.27,2,England,L,PA
10513,6668921,6552419,3763.297,3763.297,0.000,3763.297,125,ESTIMATED,6.11,-20.46,2.66,2,England,L,PA
10513,6668936,6552435,3766.333,3767.534,1.201,3767.534,127,VISIBLE,21.2,-25.70,0.04,2,England,L,PA
10513,6668942,6552441,3768.368,3772.506,4.138,3772.506,127,VISIBLE,30.39,-19.36,0.01,2,England,L,PA
10513,6668990,6552496,3792.091,3793.859,1.768,3793.859,129,ESTIMATED,-32.24,-4.52,2.88,2,England,L,PA
10513,6669002,6552508,3798.764,3798.764,0.000,3798.764,131,VISIBLE,-10.89,-16.19,0.86,2,England,L,PA
10513,6669084,6552589,3853.654,3856.690,3.036,3856.690,133,VISIBLE,-27.01,-9.32,0.00,2,England,L,PA
10513,6669100,6552606,3858.292,3865.432,7.140,3865.432,133,VISIBLE,-18.79,-0.75,0.00,2,England,L,PA
10513,6669104,6552609,3867.534,3868.735,1.201,3868.735,133,VISIBLE,-17.03,-21.68,0.00,2,England,L,PA
10513,6669107,6552612,3869.836,3870.637,0.801,3870.637,133,VISIBLE,-20.97,-27.50,0.01,2,England,L,PA
10513,6669113,6552617,3872.873,3874.775,1.902,3874.775,133,VISIBLE,-38.25,-4.82,0.00,2,England,L,PA
10513,6669119,6552625,3876.009,3879.046,3.037,3879.046,133,VISIBLE,-30.65,20.59,0.15,2,England,L,PA
10513,6669123,6552629,3880.380,3880.380,0.000,3880.380,133,ESTIMATED,-9.57,22.72,4.74,2,England,L,PA
10513,6669157,6552658,3918.619,3921.955,3.336,3921.955,135,VISIBLE,-34.78,-10.23,0.00,2,England,L,PA
10513,6669160,6552661,3923.190,3923.190,0.000,3923.190,135,VISIBLE,-26.92,-1.14,0.00,2,England,L,PA
10513,6669162,6552663,3924.391,3924.391,0.000,3924.391,135,VISIBLE,-39.87,7.48,0.00,2,England,L,PA
10513,6669165,6552666,3926.126,3928.128,2.002,3928.128,135,VISIBLE,-44.64,-3.34,0.56,2,England,L,PA
10513,6669170,6552672,3933.767,3933.767,0.000,3933.767,137,ESTIMATED,-29.03,1.54,4.83,2,England,L,PA
10513,6669174,6552678,3936.069,3936.069,0.000,3936.069,137,ESTIMATED,-20.73,-7.77,1.71,2,England,L,PA
10513,6669177,6552682,3940.040,3940.040,0.000,3940.040,137,ESTIMATED,-41.62,-31.53,0.00,2,England,L,PA
10513,6669203,6552712,3961.428,3962.062,0.634,3962.062,139,ESTIMATED,-11.88,-15.56,0.89,2,England,L,PA
10513,6669207,6552716,3962.996,3964.531,1.535,3964.531,139,VISIBLE,-26.94,-16.88,0.00,2,England,L,PA
10513,6669212,6552722,3966.667,3972.873,6.206,3972.873,139,ESTIMATED,-36.2,1.66,0.00,2,England,L,PA
10513,6669213,6552724,3974.207,3976.143,1.936,3976.143,139,VISIBLE,-26.75,5.60,0.01,2,England,L,PA
10513,6669217,6552727,3977.277,3978.111,0.834,3978.111,139,VISIBLE,-14.57,10.78,0.04,2,England,L,PA
10513,6669233,6552742,3980.113,3982.216,2.103,3982.216,139,ESTIMATED,7.25,26.79,0.00,2,England,L,PA
10513,6669236,6552745,3983.250,3984.585,1.335,3984.585,139,VISIBLE,5.23,19.42,0.01,2,England,L,PA
10513,6669238,6552747,3985.452,3986.486,1.034,3986.486,139,VISIBLE,-6.37,11.73,0.00,2,England,L,PA
10513,6669244,6552751,3988.589,3993.527,4.938,3993.527,139,VISIBLE,0.79,-20.12,0.19,2,England,L,PA
10513,6669249,6552755,3994.361,3995.095,0.734,3995.095,139,ESTIMATED,1.36,-26.81,0.08,2,England,L,PA
10513,6669255,6552763,3996.763,4001.902,5.139,4001.902,139,VISIBLE,0.46,-1.75,0.34,2,England,L,PA
10513,6669279,6552792,4028.929,4028.929,0.000,4028.929,141,ESTIMATED,-19.62,-0.36,2.15,2,England,L,PA
10513,6668197,6551712,4060.527,4066.833,6.306,4066.833,144,VISIBLE,8.66,-3.78,0.00,2,England,L,PA
10513,6668209,6551727,4071.638,4076.143,4.505,4076.143,144,VISIBLE,27.08,-13.24,0.04,2,England,L,PA
10513,6668213,6551731,4077.010,4078.145,1.135,4078.145,144,ESTIMATED,17.96,-7.00,0.23,2,England,L,PA
10513,6668223,6551741,4078.979,4080.714,1.735,4080.714,144,VISIBLE,19.79,6.31,0.05,2,England,L,PA
10513,6668231,6551747,4082.616,4084.117,1.501,4084.117,144,VISIBLE,26.37,23.11,0.00,2,England,L,PA
10513,6668233,6551749,4085.285,4086.019,0.734,4086.019,144,VISIBLE,23.27,16.59,0.06,2,England,L,PA
10513,6668247,6551764,4087.187,4093.694,6.507,4093.694,144,ESTIMATED,37.03,23.76,0.18,2,England,L,PA
10513,6668359,6551876,4143.143,4143.143,0.000,4143.143,146,VISIBLE,-38.2,-28.23,0.03,2,England,L,PA
10513,6668365,6551882,4143.810,4144.378,0.568,4144.378,146,VISIBLE,-30.36,-29.50,0.17,2,England,L,PA
10513,6668369,6551886,4145.112,4145.679,0.567,4145.679,146,VISIBLE,-24.22,-25.29,0.00,2,England,L,PA
10513,6668401,6551922,4207.975,4207.975,0.000,4207.975,147,ESTIMATED,4.19,-11.94,1.00,2,England,L,PA
10513,6668408,6551931,4210.677,4210.677,0.000,4210.677,147,ESTIMATED,41.47,-29.82,1.35,2,England,L,PA
10513,6668420,6551941,4213.580,4214.648,1.068,4214.648,147,VISIBLE,30.09,-27.45,0.00,2,England,L,PA
10513,6668424,6551944,4215.315,4216.250,0.935,4216.250,147,VISIBLE,31.6,-28.39,0.17,2,England,L,PA
10513,6668513,6552024,4295.495,4295.495,0.000,4295.495,150,ESTIMATED,-47.52,7.42,0.00,2,England,L,PA
10513,6668520,6552030,4299.132,4300.901,1.769,4300.901,150,VISIBLE,17.02,26.43,0.01,2,England,L,PA
10513,6668583,6552092,4380.647,4380.647,0.000,4380.647,152,ESTIMATED,-44.19,3.64,2.01,2,England,L,PA
10513,6668593,6552103,4384.518,4384.518,0.000,4384.518,152,ESTIMATED,22.63,11.19,2.99,2,England,L,PA
10513,6668608,6552117,4393.093,4393.093,0.000,4393.093,154,ESTIMATED,-7.2,4.79,1.24,2,England,L,PA
10513,6668612,6552121,4394.228,4395.529,1.301,4395.529,154,VISIBLE,-5.81,-1.81,0.00,2,England,L,PA
10513,6668616,6552126,4396.230,4397.197,0.967,4397.197,154,VISIBLE,-14.23,-5.02,0.15,2,England,L,PA
10513,6668626,6552135,4398.198,4401.401,3.203,4401.401,154,VISIBLE,-14.43,7.88,0.11,2,England,L,PA
10513,6668630,6552139,4402.603,4402.603,0.000,4402.603,154,VISIBLE,-4.55,12.00,0.00,2,England,L,PA
10513,6668637,6552147,4405.005,4405.005,0.000,4405.005,154,VISIBLE,-4.92,32.30,0.05,2,England,L,PA
10513,6668642,6552152,4406.773,4408.742,1.969,4408.742,154,VISIBLE,-16.9,23.85,0.00,2,England,L,PA
10513,6668647,6552156,4409.977,4410.611,0.634,4410.611,154,VISIBLE,-11.38,20.52,0.17,2,England,L,PA
10513,6668653,6552162,4411.411,4412.079,0.668,4412.079,154,VISIBLE,-18.11,21.16,0.02,2,England,L,PA
10513,6668667,6552175,4413.514,4415.682,2.168,4415.682,154,ESTIMATED,-20.86,17.57,0.15,2,England,L,PA
10513,6668670,6552184,4416.683,4421.588,4.905,4421.588,154,VISIBLE,-29.74,16.56,0.00,2,England,L,PA
10513,6668685,6552191,4423.423,4425.092,1.669,4425.092,154,VISIBLE,-30.65,-5.83,0.34,2,England,L,PA
10513,6668731,6598014,4446.947,4446.947,0.000,4446.947,156,VISIBLE,-2.04,-28.97,0.14,2,England,L,PA
10513,6668744,6552265,4453.020,4453.020,0.000,4453.020,158,VISIBLE,-10.28,14.09,0.07,2,England,L,PA
10513,6668793,6552293,4472.940,4473.240,0.300,4473.240,160,VISIBLE,-36.53,-9.52,0.00,2,England,L,PA
10513,6668798,6552299,4473.841,4475.542,1.701,4475.542,160,VISIBLE,-33.86,-18.29,0.08,2,England,L,PA
10513,6668802,6552302,4476.677,4477.177,0.500,4477.177,160,VISIBLE,-44.19,-19.65,0.00,2,England,L,PA
10513,6668857,6552356,4530.664,4530.664,0.000,4530.664,162,ESTIMATED,-46.44,5.60,2.24,2,England,L,PA
10513,6668860,6552359,4534.535,4534.535,0.000,4534.535,162,ESTIMATED,9.76,17.98,11.44,2,England,L,PA
10513,6668934,6552433,4636.203,4636.203,0.000,4636.203,165,ESTIMATED,-25.52,18.18,2.92,2,England,L,PA
10513,6668939,6552438,4637.604,4637.604,0.000,4637.604,165,ESTIMATED,-21.7,16.63,6.92,2,England,L,PA
10513,6668944,6552443,4639.473,4639.473,0.000,4639.473,165,ESTIMATED,-11.66,19.87,1.84,2,England,L,PA
10513,6668949,6552448,4640.908,4642.209,1.301,4642.209,165,VISIBLE,-2.36,17.80,0.08,2,England,L,PA
10513,6668974,6552478,4649.716,4649.716,0.000,4649.716,167,ESTIMATED,-2.61,16.05,2.93,2,England,L,PA
10513,6668980,6552484,4650.617,4653.420,2.803,4653.420,167,VISIBLE,6.33,19.61,0.00,2,England,L,PA
10513,6668987,6552492,4654.188,4655.255,1.067,4655.255,167,VISIBLE,12.51,26.47,0.00,2,England,L,PA
10513,6668991,6552497,4655.889,4657.491,1.602,4657.491,167,VISIBLE,14.45,21.45,0.68,2,England,L,PA
10513,6668999,6552507,4660.460,4660.460,0.000,4660.460,167,ESTIMATED,42.39,-14.11,3.75,2,England,L,PA
10513,6669038,6552542,4668.335,4668.335,0.000,4668.335,167,ESTIMATED,18.51,-13.87,3.52,2,England,L,PA
10513,6669050,6552555,4669.836,4671.038,1.202,4671.038,167,ESTIMATED,22.41,-21.58,-1.90,2,England,L,PA
10513,6669058,6552564,4672.739,4674.141,1.402,4674.141,167,VISIBLE,-1.4,-12.40,0.04,2,England,L,PA
10513,6669066,6552573,4675.576,4679.513,3.937,4679.513,167,VISIBLE,5.87,9.00,0.00,2,England,L,PA
10513,6669071,6552578,4680.848,4680.848,0.000,4680.848,167,VISIBLE,-1.36,12.82,0.00,2,England,L,PA
10513,6669082,6552587,4682.482,4685.686,3.204,4685.686,167,VISIBLE,3.62,-15.31,0.09,2,England,L,PA
10513,6669085,6552590,4688.188,4688.188,0.000,4688.188,167,ESTIMATED,6.81,-29.14,0.00,2,England,L,PA
10513,6669133,6552638,4741.175,4741.175,0.000,4741.175,169,ESTIMATED,-17.22,3.56,4.54,2,England,L,PA
10513,6669147,6552651,4776.376,4776.376,0.000,4776.376,171,ESTIMATED,-33.81,-2.65,0.54,2,England,L,PA
10513,6669173,6552675,4798.432,4800.167,1.735,4800.167,173,ESTIMATED,-48.56,15.02,2.23,2,England,L,PA
10513,6669181,6552688,4801.535,4814.014,12.479,4814.014,173,VISIBLE,-10.76,-11.22,0.22,2,England,L,PA
10513,6669186,6552693,4816.216,4817.351,1.135,4817.351,173,VISIBLE,17.78,-32.11,0.00,2,England,L,PA
10513,6669189,6552696,4818.719,4821.221,2.502,4821.221,173,VISIBLE,32.1,-32.80,0.02,2,England,L,PA
10513,6669202,6552711,4836.069,4836.069,0.000,4836.069,174,ESTIMATED,33.77,32.21,2.38,2,England,L,PA
10513,6668107,6551620,4951.785,4956.690,4.905,4956.690,179,VISIBLE,-28.89,4.08,0.00,2,England,L,PA
10513,6668113,6551626,4959.269,4967.000,7.731,4967.000,179,VISIBLE,19.41,-20.84,0.05,2,England,L,PA
10513,6668117,6551630,4967.965,4969.169,1.204,4969.169,179,VISIBLE,36.76,-25.01,0.04,2,England,L,PA
10513,6668127,6551640,4969.970,4974.842,4.872,4974.842,179,VISIBLE,42.24,-25.42,0.00,2,England,L,PA
10513,6668289,6551805,5163.931,5168.168,4.237,5168.168,182,VISIBLE,-8.46,2.14,0.00,2,England,L,PA
10513,6668292,6551808,5170.437,5171.638,1.201,5171.638,182,VISIBLE,-8.46,-20.33,0.00,2,England,L,PA
10513,6668299,6551815,5172.606,5174.875,2.269,5174.875,182,VISIBLE,-25.59,-9.10,0.00,2,England,L,PA
10513,6668302,6551818,5178.178,5178.178,0.000,5178.178,182,VISIBLE,-44.2,12.63,0.79,2,England,L,PA
10513,6668318,6551836,5186.587,5187.321,0.734,5187.321,184,ESTIMATED,-26.87,14.20,1.55,2,England,L,PA
10513,6668388,6551905,5205.472,5208.342,2.870,5208.342,186,VISIBLE,-6.38,-19.46,0.21,2,England,L,PA
10513,6668391,6551909,5209.543,5212.246,2.703,5212.246,186,VISIBLE,7.15,-22.31,0.62,2,England,L,PA
10513,6668572,6552081,5528.595,5528.595,0.000,5528.595,191,ESTIMATED,-17.73,-32.77,2.01,2,England,L,PA
10513,6668578,6552086,5530.264,5534.368,4.104,5534.368,191,ESTIMATED,-29.02,-2.52,0.31,2,England,L,PA
10513,6668587,6552096,5535.665,5538.472,2.807,5538.472,191,VISIBLE,-22.84,5.47,0.00,2,England,L,PA
10513,6668589,6552098,5540.564,5540.574,0.010,5540.574,191,VISIBLE,-19.31,-15.51,0.01,2,England,L,PA
10513,6668595,6552105,5541.978,5543.277,1.299,5543.277,191,VISIBLE,-8.24,-31.50,1.14,2,England,L,PA
10513,6668676,6552182,5623.257,5623.423,0.166,5623.423,195,VISIBLE,-6.42,-20.95,0.29,2,England,L,PA
10513,6668678,6552185,5624.305,5627.761,3.456,5627.761,195,VISIBLE,-8.84,4.80,0.25,2,England,L,PA
10513,6668683,6552189,5628.962,5630.197,1.235,5630.197,195,VISIBLE,-3.09,22.53,0.06,2,England,L,PA
10513,6668698,6552200,5669.269,5669.269,0.000,5669.269,197,VISIBLE,13.31,26.74,0.54,2,England,L,PA
10513,6668702,6552206,5672.105,5672.105,0.000,5672.105,197,ESTIMATED,40.45,-6.20,3.28,2,England,L,PA
10513,6668736,6552240,5701.101,5701.101,0.000,5701.101,200,ESTIMATED,0.96,-20.98,2.67,2,England,L,PA
10513,6668741,6552245,5701.835,5701.835,0.000,5701.835,200,ESTIMATED,8.71,-21.46,1.59,2,England,L,PA
10513,6668746,6552249,5702.736,5702.736,0.000,5702.736,200,ESTIMATED,15.27,-21.05,2.01,2,England,L,PA
10513,6668754,6552257,5704.705,5704.705,0.000,5704.705,202,VISIBLE,8.19,-15.75,0.03,2,England,L,PA
10513,6668760,6552263,5705.472,5707.441,1.969,5707.441,202,ESTIMATED,14.43,-22.78,0.20,2,England,L,PA
10513,6668778,6552278,5750.784,5750.784,0.000,5750.784,204,ESTIMATED,-4.96,-17.85,4.59,2,England,L,PA
10513,6668826,6552326,5809.309,5809.710,0.401,5809.710,207,VISIBLE,-39.04,8.54,0.00,2,England,L,PA
10513,6668831,6552331,5810.922,5814.214,3.292,5814.214,207,ESTIMATED,-34.22,30.63,0.66,2,England,L,PA
10513,6668837,6552336,5815.949,5816.016,0.067,5816.016,207,ESTIMATED,-6.09,31.46,2.88,2,England,L,PA
10513,6668896,6552393,5877.845,5877.845,0.000,5877.845,212,ESTIMATED,-34.14,2.16,4.49,2,England,L,PA
10513,6668930,6552428,5896.029,5897.731,1.702,5897.731,214,VISIBLE,-50.17,18.64,0.00,2,England,L,PA
10513,6668937,6552436,5898.799,5905.105,6.306,5905.105,214,VISIBLE,-44.17,31.29,0.00,2,England,L,PA
10513,6668945,6552444,5906.206,5906.206,0.000,5906.206,214,ESTIMATED,-48.2,26.88,0.86,2,England,L,PA
10513,6668972,6552476,5909.276,5909.276,0.000,5909.276,214,ESTIMATED,-3.15,8.86,3.46,2,England,L,PA
10513,6668992,6552498,5910.611,5911.478,0.867,5911.478,214,ESTIMATED,2.37,1.87,1.68,2,England,L,PA
10513,6668996,6552501,5912.412,5912.412,0.000,5912.412,214,ESTIMATED,-1.83,-2.25,1.95,2,England,L,PA
10513,6669060,6552567,5962.529,5967.000,4.471,5967.000,215,VISIBLE,9.64,7.02,0.00,2,England,L,PA
10513,6669067,6552574,5968.035,5971.505,3.470,5971.505,215,VISIBLE,21.58,18.39,0.07,2,England,L,PA
10513,6669080,6552586,5972.472,5973.640,1.168,5973.640,215,ESTIMATED,29.74,33.06,0.00,2,England,L,PA
10513,6669146,6552650,6035.002,6035.002,0.000,6035.002,219,ESTIMATED,-35.99,-31.60,3.03,2,England,L,PA
10513,6669149,6552653,6036.637,6036.637,0.000,6036.637,219,VISIBLE,-42.46,-21.77,0.23,2,England,L,PA
10513,6669154,6552656,6037.571,6042.276,4.705,6042.276,219,ESTIMATED,-16.96,5.97,0.12,2,England,L,PA
10513,6669161,6552662,6045.746,6050.951,5.205,6050.951,219,VISIBLE,-5.96,21.64,0.00,2,England,L,PA
10513,6669164,6552665,6052.252,6053.787,1.535,6053.787,219,ESTIMATED,12.35,31.01,0.59,2,England,L,PA
10513,6669187,6552694,6064.831,6070.103,5.272,6070.103,221,VISIBLE,-24.15,3.67,0.00,2,England,L,PA
10513,6669190,6552697,6073.574,6073.607,0.033,6073.607,221,VISIBLE,-3.4,-6.89,0.00,2,England,L,PA
10513,6669197,6552705,6078.212,6080.614,2.402,6080.614,221,VISIBLE,24.02,-27.85,0.00,2,England,L,PA
10513,6669199,6552706,6081.548,6082.983,1.435,6082.983,221,VISIBLE,21.06,-12.37,0.61,2,England,L,PA
10513,6669221,6552730,6096.864,6096.864,0.000,6096.864,223,VISIBLE,36.95,-24.77,0.16,2,England,L,PA
10513,6669224,6552733,6097.798,6099.433,1.635,6099.433,223,VISIBLE,30.35,-22.27,0.08,2,England,L,PA
10513,6669293,6552807,6279.046,6279.046,0.000,6279.046,226,ESTIMATED,-10.22,5.23,6.67,2,England,L,PA
10513,6669302,6552816,6301.435,6301.435,0.000,6301.435,228,ESTIMATED,-43.92,5.94,1.77,2,England,L,PA
10513,6669310,6552826,6308.108,6308.108,0.000,6308.108,230,VISIBLE,20.12,-2.54,0.72,2,England,L,PA
10513,6669316,6552834,6313.046,6313.046,0.000,6313.046,232,ESTIMATED,18.37,3.11,1.21,2,England,L,PA
10513,6669317,6552835,6315.949,6317.417,1.468,6317.417,232,ESTIMATED,26.15,17.31,0.19,2,England,L,PA
10513,6669319,6552837,6318.167,6321.154,2.987,6321.154,232,VISIBLE,15.55,10.57,0.08,2,England,L,PA
10513,6669322,6552840,6322.050,6326.693,4.643,6326.693,232,VISIBLE,21.93,19.17,0.02,2,England,L,PA
10513,6669323,6552841,6328.128,6328.896,0.768,6328.896,232,VISIBLE,21.86,23.96,0.00,2,England,L,PA
